patient_id,age,gender,city,bmi,family_history_diabetes,physical_activity_level,diet_type,smoking_status,alcohol_consumption,hours_sleep_per_night,stress_level,fasting_blood_sugar,hba1c_level,blood_pressure_systolic,blood_pressure_diastolic,waist_circumference_cm,income_bracket,diabetes_risk
4,41,Male,Bengaluru,22.8,No,Sedentary,Non-Vegetarian,Never,Never,9,5,155,6.7,126,92,109.6,Middle,Low
5,57,Female,Bengaluru,16.7,No,Sedentary,Non-Vegetarian,Current,Occasional,6.5,10,188,6.7,130,90,80.8,High,Low
6,58,Male,Hyderabad,22,No,Active,Non-Vegetarian,Never,Occasional,6.9,6,148,6.3,148,100,98,High,Low
7,42,Female,Hyderabad,22.5,No,Sedentary,Non-Vegetarian,,,7,10,190,7.5,140,81,95,High,Moderate
8,42,Female,Delhi,19.5,No,Active,Non-Vegetarian,Never,Never,6,7,270,8.9,136,80,89.9,Middle,High
12,38,Female,Hyderabad,23.3,No,Active,Vegetarian,Never,Never,6,6,158,6.1,132,70,94.8,Low,Low
14,22,Male,Ahmedabad,19.3,Yes,Active,Non-Vegetarian,Never,Never,7,9,94,5.1,130,90,92.9,High,Low
15,26,Male,Ahmedabad,15,Yes,Active,Non-Vegetarian,Never,Occasional,8.9,1,119,6.3,118,79,84.5,Low,Low
17,46,Male,Ahmedabad,19.6,No,Sedentary,Vegetarian,Never,,6.5,6,115,5.9,151,83,92.3,High,Low
18,49,Male,Ahmedabad,21.7,Yes,Moderate,Non-Vegetarian,Current,Never,9,6,167,7,140,80,100.2,Middle,Low
19,49,Female,Bengaluru,26.8,No,Moderate,Non-Vegetarian,Never,,6,10,228,7.5,146,100,104.8,High,High
21,40,Male,Hyderabad,18.2,Yes,Moderate,Non-Vegetarian,Never,Occasional,6,6,148,6.5,140,93,88.1,,Low
23,63,Female,Hyderabad,23.7,No,Sedentary,Non-Vegetarian,Never,,7.9,6,143,6.1,148,90,100.3,Middle,Low
24,44,Female,Chennai,17.8,No,Active,Vegetarian,Never,,6.3,7,133,6.4,140,100,85.1,Middle,Low
26,45,Male,Hyderabad,20.3,No,Active,Non-Vegetarian,Current,Never,5.3,9,146,5.9,136,80,97,High,Low
27,39,Female,Delhi,16.4,Yes,Active,Vegetarian,Never,,6,5,161,7.1,130,79,86,Low,Low
28,55,Female,Chennai,18.7,No,Sedentary,Pescatarian,Never,Never,8,6,151,5.9,140,88,86.8,Middle,Low
29,48,Female,Bhopal,22.8,No,Active,Non-Vegetarian,Never,Never,6,4,224,7.5,141,80,95.3,Low,High
31,53,Male,Bengaluru,24.3,No,Sedentary,Non-Vegetarian,Never,Occasional,6,8,242,8.6,134,100,105.8,High,High
33,51,Female,Bengaluru,20.9,No,Active,Non-Vegetarian,Never,Never,5.3,7,195,7.4,150,88,95.4,Middle,Moderate
35,37,Male,Delhi,21.3,No,Sedentary,Non-Vegetarian,Never,Regular,8,5,156,6.6,138,90,100.6,Middle,Low
42,44,Male,Ahmedabad,16.5,No,Active,Vegetarian,Current,Never,6,8,157,6.9,130,80,84,High,Low
44,57,Female,Bengaluru,24.4,No,Moderate,Non-Vegetarian,Never,,6.6,10,148,6.2,164,100,102.1,High,Moderate
47,52,Female,Delhi,26.5,No,Moderate,Non-Vegetarian,Never,Occasional,6,5,213,7.9,140,83,110.6,Middle,High
48,42,Male,Delhi,20,Yes,Active,Vegetarian,Never,Occasional,8.4,7,179,7.2,140,80,99.5,Middle,Low
49,57,Male,Ahmedabad,28.4,No,Active,Non-Vegetarian,Never,,8,1,165,6.8,140,90,113.2,Middle,Low
56,34,Male,Ahmedabad,23.5,No,Moderate,Non-Vegetarian,Former,Occasional,8.5,6,117,5.8,130,90,103.2,High,Low
58,65,Male,Chennai,26.1,Yes,Sedentary,Non-Vegetarian,Never,,9,3,191,7.2,140,90,107.1,Middle,Low
60,36,Female,Ahmedabad,22.6,No,Sedentary,Non-Vegetarian,Never,Never,8.3,6,135,5.9,130,90,98.4,Middle,Low
61,38,Male,Bengaluru,20.8,Yes,Active,Non-Vegetarian,Never,Occasional,8,9,151,6.5,144,90,100.5,High,Low
63,36,Male,Delhi,23.1,No,Moderate,Non-Vegetarian,Never,Never,6,7,219,8.1,141,88,102.6,High,High
65,45,Female,Delhi,20.3,No,Moderate,Non-Vegetarian,Former,,8,6,214,8.1,150,80,92.4,Middle,Moderate
67,50,Male,Hyderabad,27.5,No,Moderate,Non-Vegetarian,Never,Occasional,5,10,192,7.1,160,100,112.3,High,Low
68,47,Female,Hyderabad,27.9,Yes,Moderate,Non-Vegetarian,Current,,9,9,207,7.5,140,90,106.8,Low,Moderate
70,50,Female,Delhi,26.6,No,Moderate,Vegetarian,Current,Never,6,7,166,6.7,132,89,109.2,Middle,High
71,39,Male,Delhi,20.7,Yes,Active,Vegetarian,Never,Never,6.5,8,141,6.4,114,80,94.7,Middle,Low
73,47,Female,Chennai,19.3,No,Active,Vegetarian,Never,,9,6,158,7.2,140,84,84.1,Middle,Low
74,45,Male,Delhi,19.4,No,Moderate,Vegetarian,Current,Regular,8,7,177,6.6,148,86,92.2,Middle,Moderate
75,18,Female,Delhi,28.7,No,Sedentary,Non-Vegetarian,Never,Never,7.5,4,236,7.9,140,72,107.2,High,Moderate
80,31,Female,Hyderabad,22,No,Active,Non-Vegetarian,Never,Occasional,8,3,111,5.5,140,80,97.2,Middle,Low
82,50,Female,Bengaluru,21.1,Yes,Active,Non-Vegetarian,Current,,6,6,160,7.2,132,92,95.2,Middle,Moderate
83,35,Female,Chennai,18.9,No,Active,Vegetarian,Former,,6.2,10,133,6.2,148,78,87.7,Middle,Low
84,47,Female,Delhi,25.6,Yes,Sedentary,Non-Vegetarian,Current,Never,7,5,176,7.1,148,66,100.1,Low,Low
85,60,Female,Hyderabad,27,No,Sedentary,Non-Vegetarian,Current,,7.5,6,196,7.8,148,100,107.2,Middle,High
86,48,Female,Delhi,21.8,No,Moderate,Vegetarian,Never,Occasional,8.2,8,165,6.7,136,100,96.4,High,Low
87,28,Male,Bengaluru,20.6,No,Moderate,Non-Vegetarian,Never,Regular,7,10,116,6,142,88,96.7,Low,Low
88,56,Male,Delhi,25,No,Active,Vegetarian,Current,Occasional,8,6,150,6.9,128,90,112.2,Middle,Low
89,52,Female,Bengaluru,27.2,No,Sedentary,Vegetarian,Current,,5,10,219,8.1,152,92,106.8,High,High
92,38,Female,Ahmedabad,25.1,No,Sedentary,Non-Vegetarian,Never,Never,8,3,171,6.8,115,90,103.8,Low,Low
97,50,Male,Bhopal,19.6,No,Active,Non-Vegetarian,Never,Occasional,8.5,3,117,5.8,136,80,92.4,Middle,Low
100,60,Male,Chennai,21.1,No,Sedentary,Vegetarian,Never,Never,10,5,194,7.2,144,90,96.5,Middle,Moderate
102,59,Male,Ahmedabad,20.7,Yes,Active,Vegetarian,Former,Regular,8,1,107,5.7,150,78,100.6,Low,Low
103,44,Male,Bengaluru,20.9,No,Active,Vegetarian,Never,Occasional,8,4,206,6.9,140,84,93.6,Middle,Low
104,54,Male,Bengaluru,18.6,No,Active,Non-Vegetarian,Never,,9,5,172,6.5,120,100,91.5,,Low
105,49,Male,Bengaluru,21.9,No,Active,Non-Vegetarian,Never,,8,5,162,6.5,132,80,103.3,High,Low
106,62,Male,Bengaluru,27.2,Yes,Sedentary,Non-Vegetarian,Never,,5.5,10,400,11.6,170,96,114.6,High,High
107,28,Female,Chennai,22.1,Yes,Active,Non-Vegetarian,Never,Never,8,6,127,5.9,128,104,93.7,High,Low
108,51,Male,Delhi,23.6,Yes,Moderate,Vegetarian,Never,,6.5,7,211,8.7,134,80,100.8,High,High
109,56,Female,Ahmedabad,19.9,Yes,Active,Non-Vegetarian,,,7,5,168,6.4,160,80,89.1,Low,Moderate
111,18,Male,Hyderabad,21.9,Yes,Active,Vegetarian,Never,Never,10,5,115,5.4,140,72,98,Middle,Low
112,53,Female,Delhi,24.3,No,Sedentary,Vegetarian,Never,Never,6.9,7,165,7.1,160,82,101,Middle,Low
113,52,Female,Bengaluru,18.8,No,Sedentary,Non-Vegetarian,Never,,7.1,4,149,6.2,132,90,89.6,Middle,Low
115,59,Male,Bhopal,26.7,Yes,Moderate,Non-Vegetarian,Never,,8.6,5,245,8.6,150,72,112.9,Low,High
117,57,Male,Bengaluru,29.7,Yes,Sedentary,Non-Vegetarian,Current,Occasional,6,3,183,6.5,150,90,121.4,Middle,Moderate
118,43,Male,Hyderabad,23.7,No,Moderate,Non-Vegetarian,Never,,6,10,179,7.6,154,94,108.4,High,Moderate
120,59,Male,Bengaluru,31.1,No,Sedentary,Pescatarian,Never,Occasional,8,8,273,10.2,170,90,122.1,Middle,High
122,42,Female,Bengaluru,21.4,Yes,Moderate,Vegetarian,Former,,6,8,167,7.2,134,84,97.7,Low,Low
124,32,Male,Hyderabad,26.3,No,Sedentary,Vegetarian,Never,Never,5.5,8,135,6,134,80,112.3,High,Low
125,47,Female,Bhopal,23.1,No,Sedentary,Non-Vegetarian,Never,Never,8,9,170,6.9,148,90,102.9,High,Moderate
129,52,Male,Delhi,26.6,No,Sedentary,Non-Vegetarian,Never,Occasional,6.9,10,175,7.2,170,92,114.4,High,Low
131,37,Male,Hyderabad,21.6,No,Active,Non-Vegetarian,Never,Never,8,4,159,6.4,128,76,98.4,Middle,Low
135,40,Female,Delhi,29.5,No,Active,Vegetarian,Never,Never,7.9,4,139,6.2,144,78,112.6,High,Low
139,46,Female,Ahmedabad,28.4,Yes,Moderate,Vegetarian,Never,,7,4,203,7.5,140,88,110.1,High,High
141,56,Female,Delhi,38.7,No,Sedentary,Vegetarian,Former,Occasional,8.5,8,278,9.8,136,100,131.3,High,High
143,45,Female,Chennai,23.8,Yes,Active,Non-Vegetarian,Current,Occasional,7,6,169,6.4,144,90,95.9,High,Low
145,48,Male,Hyderabad,21.5,Yes,Sedentary,Vegetarian,Former,Never,7,9,159,6.6,130,100,104.1,Middle,Low
146,38,Female,Chennai,24.9,Yes,Moderate,Vegetarian,Never,,8,5,169,6.6,140,88,102.5,Low,Low
147,47,Male,Hyderabad,25.9,No,Sedentary,Vegetarian,Former,Occasional,6,8,150,6.4,144,88,108.7,High,Low
148,36,Female,Ahmedabad,25.1,No,Moderate,Vegetarian,Never,,7,8,158,7.1,140,72,103.2,,Low
150,48,Male,Ahmedabad,20.2,No,Moderate,Vegetarian,Former,Never,6,5,150,6.1,140,84,100.6,Middle,Low
156,45,Female,Bengaluru,25.2,No,Sedentary,Non-Vegetarian,Never,Never,6.9,9,155,6.5,150,78,101.2,High,Low
157,28,Female,Ahmedabad,27.9,No,Moderate,Vegetarian,Current,,7,8,150,5.4,130,80,112.5,Middle,Low
159,46,Male,Bengaluru,20.2,No,Moderate,Non-Vegetarian,Never,Occasional,7.3,3,165,6.5,134,77,98.8,Middle,Low
164,30,Male,Delhi,17.9,No,Active,Vegetarian,Never,Occasional,7,7,130,6.2,133,76,88.3,Middle,Low
168,26,Female,Ahmedabad,22.1,No,Active,Non-Vegetarian,Never,,9,4,204,7.1,132,90,96.2,Middle,Low
169,47,Female,Ahmedabad,19.7,Yes,Active,Non-Vegetarian,,Regular,7,6,146,6.4,124,90,87.3,Middle,Low
172,32,Male,Chennai,17.5,Yes,Active,Vegetarian,Never,Occasional,7,7,149,6,136,80,90.6,Middle,Low
179,54,Male,Delhi,25.4,No,Moderate,Non-Vegetarian,Never,Occasional,8,5,190,7.1,156,77,109.2,Low,Low
185,54,Female,Bengaluru,23.8,Yes,Sedentary,Vegan,Never,Occasional,6,9,187,7.5,150,100,101.3,High,Moderate
187,57,Male,Chennai,23.3,No,Moderate,Vegetarian,Former,Occasional,9,10,168,7,145,90,100.7,Middle,Moderate
189,42,Male,Bengaluru,23.9,No,Sedentary,Vegetarian,Former,Regular,7,5,154,6.3,160,90,105.8,High,Low
190,35,Male,Delhi,20.8,No,Moderate,Non-Vegetarian,Never,Never,9,7,161,6.9,120,80,94.4,Middle,Low
193,53,Female,Delhi,22.6,Yes,Moderate,Non-Vegetarian,Current,Occasional,10,3,156,6.6,134,92,101,Low,Low
197,40,Female,Bengaluru,16.1,No,Active,Vegetarian,Never,Never,8,9,147,6.3,130,90,79.5,Middle,Low
200,31,Male,Hyderabad,19.1,No,Active,Non-Vegetarian,Never,Occasional,7,10,161,6.7,120,90,94.3,High,Low
201,57,Female,Delhi,18.9,Yes,Moderate,Vegetarian,Never,Never,4,9,185,7.5,155,100,85.3,,Low
208,51,Male,Delhi,31.6,No,Sedentary,Non-Vegetarian,Never,Never,7,10,206,7.6,160,92,122.9,High,Low
211,54,Female,Delhi,21.5,No,Active,Vegetarian,Never,Never,7,5,159,7,130,80,97.7,Middle,Low
212,37,Female,Ahmedabad,17.5,No,Active,Non-Vegetarian,Never,Regular,6.5,4,253,8.5,130,82,80.8,Middle,High
214,53,Female,Bengaluru,24.2,Yes,Moderate,Non-Vegetarian,Current,Occasional,6,8,202,7.6,160,89,99.6,Middle,Moderate
215,48,Female,Ahmedabad,23.3,No,Sedentary,Non-Vegetarian,Never,,8,7,137,6.4,140,84,98.8,Low,Low
216,56,Female,Hyderabad,22.7,Yes,Sedentary,Non-Vegetarian,Never,Occasional,6,7,254,8,150,84,98,Middle,High
217,51,Female,Ahmedabad,16.1,Yes,Active,Non-Vegetarian,Current,Occasional,7,7,161,6.6,136,80,76.8,Middle,Low
219,47,Female,Ahmedabad,19,No,Active,Non-Vegetarian,Never,Never,7,2,143,6.2,120,85,88.7,Middle,Low
220,60,Male,Bhopal,22.2,No,Sedentary,Non-Vegetarian,Former,Never,6.5,6,170,6.9,140,80,102.9,High,Moderate
222,21,Male,Bengaluru,25.7,Yes,Sedentary,Non-Vegetarian,Never,Never,5.6,10,181,7,140,84,102.5,High,Moderate
224,41,Female,Bengaluru,25.8,Yes,Active,Non-Vegetarian,Never,Occasional,6.2,7,153,6.3,130,94,107.2,Middle,Low
225,47,Male,Bengaluru,31.3,Yes,Sedentary,Non-Vegetarian,Never,Occasional,7,5,196,7.7,160,88,120.3,Middle,Moderate
227,58,Male,Chennai,26.9,No,Sedentary,Vegetarian,Never,Occasional,5.2,7,198,7.8,140,80,112.6,Low,High
228,41,Male,Bengaluru,17.2,No,Moderate,Vegetarian,Never,Never,8.5,8,165,6.1,120,90,91.2,High,Low
231,45,Female,Chennai,18.1,No,Sedentary,Non-Vegetarian,Never,Occasional,9,4,109,5.4,140,80,80.4,Middle,Low
233,53,Male,Delhi,18.4,No,Moderate,Non-Vegetarian,Never,Occasional,7,4,141,6.1,126,75,90.5,Middle,Low
237,18,Female,Ahmedabad,17.1,Yes,Active,Vegan,Current,,10.5,1,110,5.8,112,60,86.4,Middle,Low
238,54,Female,Delhi,24.9,No,Sedentary,Non-Vegetarian,Never,Never,6,8,146,6.2,150,106,95.2,High,Low
239,50,Female,Hyderabad,25,No,Sedentary,Vegetarian,Never,,5,7,199,6.8,140,90,100.7,Middle,Moderate
240,61,Female,Ahmedabad,20.4,Yes,Moderate,Non-Vegetarian,Never,Occasional,9,3,151,6.9,134,70,87.4,Middle,Low
241,42,Female,Ahmedabad,19.8,No,Active,Vegetarian,Current,Never,6.5,4,137,6.6,136,70,88.7,Low,Low
244,48,Female,Bengaluru,28.3,Yes,Sedentary,Vegetarian,Never,Occasional,6.5,10,213,7,166,94,106.5,High,Moderate
248,55,Other,Hyderabad,20.1,No,Moderate,Vegetarian,Never,Never,8,4,161,7.2,141,90,91.4,Middle,Low
249,30,Female,Ahmedabad,22.5,Yes,Active,Non-Vegetarian,Current,,7,7,166,6.6,100,90,96.5,High,Low
251,36,Female,Ahmedabad,24.4,No,Active,Vegetarian,Current,Occasional,7,3,167,7,130,90,104.5,High,Low
252,45,Female,Bengaluru,32.3,Yes,Sedentary,Non-Vegetarian,Never,,6,7,171,6.9,130,90,118.6,Low,Moderate
254,43,Female,Delhi,24.1,Yes,Moderate,Non-Vegetarian,Never,Occasional,7.8,5,188,7.4,142,88,101.3,Middle,Low
255,39,Female,Hyderabad,18.9,No,Active,Non-Vegetarian,Never,Occasional,9.2,4,203,7.2,140,80,84,High,Moderate
257,44,Female,Bengaluru,21.7,Yes,Moderate,Vegetarian,Current,Never,6.5,9,201,8,146,90,99.1,Middle,High
258,38,Male,Ahmedabad,16.5,No,Active,Vegetarian,Never,Never,7,6,120,5.9,140,82,85,Middle,Low
260,34,Female,Ahmedabad,18,No,Active,Non-Vegetarian,Never,,7,3,195,8.2,128,78,84.8,Low,Moderate
264,47,Female,Bhopal,25,Yes,Moderate,Non-Vegetarian,Former,Never,8,5,163,6.7,152,80,106.9,Low,Moderate
267,36,Male,Hyderabad,21.9,Yes,Active,Non-Vegetarian,Never,Occasional,5,7,159,6.7,120,72,103.8,High,Low
268,26,Male,Hyderabad,19.3,No,Active,Non-Vegetarian,Never,Occasional,8,5,148,6.5,120,90,94.2,Middle,Low
271,34,Female,Bhopal,20.1,No,Active,Non-Vegetarian,Current,Occasional,5,3,120,5.8,124,84,90.5,Middle,Low
272,36,Male,Delhi,21.7,Yes,Sedentary,Non-Vegetarian,Never,Never,8,8,172,6.4,130,84,96,Middle,Moderate
274,61,Female,Bengaluru,18.8,No,Moderate,Vegetarian,Never,,6.5,7,226,7,150,84,86.1,High,Low
277,44,Female,Ahmedabad,21.9,Yes,Moderate,Vegetarian,Never,,8,5,194,7.2,132,80,95.3,,Moderate
278,62,Female,Delhi,25.6,No,Sedentary,Vegetarian,Never,,8,6,195,7.1,156,88,107.3,High,Moderate
279,55,Male,Bengaluru,28.4,No,Sedentary,Pescatarian,Former,Occasional,7,9,173,6.6,150,88,119.7,High,Low
281,55,Female,Delhi,19.4,Yes,Active,Pescatarian,Never,,6,8,178,7.2,153,80,88.6,High,Moderate
283,38,Male,Ahmedabad,22.3,Yes,Moderate,Non-Vegetarian,Current,Never,7.5,7,198,8,128,100,98.9,Middle,High
285,18,Male,Hyderabad,31.8,No,Sedentary,Vegetarian,Former,,6.7,4,112,5.5,130,80,118.6,High,Low
288,59,Female,Bengaluru,18.9,No,Active,Vegetarian,Current,Never,7,9,159,6.7,124,85,90.4,High,Low
293,50,Female,Bengaluru,15,Yes,Moderate,Non-Vegetarian,Never,,6.5,9,170,6.9,140,76,80.9,Middle,Low
294,38,Male,Hyderabad,29.2,No,Sedentary,Vegetarian,Current,,5.6,10,119,6.2,170,100,119.2,High,Low
296,45,Male,Hyderabad,17.3,No,Active,Non-Vegetarian,Never,Never,8,7,155,7,140,80,91.7,High,Low
298,52,Male,Bengaluru,22.7,No,Sedentary,Non-Vegetarian,Never,,7.7,5,147,6.3,140,90,102.5,High,Low
300,48,Female,Ahmedabad,28.5,No,Sedentary,Vegetarian,Never,Occasional,7,6,163,7.6,140,100,101.8,Middle,Moderate
301,60,Female,Chennai,30.7,No,Sedentary,Vegetarian,Never,,6.1,6,160,6.4,150,100,112.1,Middle,Low
303,48,Male,Ahmedabad,26.8,No,Sedentary,Non-Vegetarian,Never,Never,8,5,169,6.5,132,80,109.3,Middle,Low
304,45,Male,Ahmedabad,24.8,No,Sedentary,Non-Vegetarian,Former,Never,7,5,135,6.1,131,90,107.5,Middle,Low
305,51,Female,Delhi,16.1,No,Active,Vegetarian,Never,Never,8,7,177,7.1,140,88,77.8,Low,Moderate
308,42,Male,Chennai,26.2,No,Moderate,Non-Vegetarian,Former,Occasional,6.2,9,170,6.5,140,92,112.1,High,Low
310,55,Female,Delhi,18.1,No,Active,Non-Vegetarian,Never,,8,5,148,6.5,141,88,84.2,Middle,Low
312,39,Female,Bhopal,29.4,No,Moderate,Non-Vegetarian,Never,Never,8.3,7,196,7.4,156,76,107.8,Low,Moderate
313,54,Male,Delhi,29.6,Yes,Active,Vegetarian,Current,Never,8,8,211,7,160,100,121.9,Middle,High
316,42,Female,Bengaluru,18.5,No,Active,Vegetarian,Never,Never,8,8,210,7.9,140,100,83.4,High,Moderate
317,56,Male,Hyderabad,25.1,No,Moderate,Vegetarian,Never,Occasional,6.5,8,170,6.8,144,90,112.1,,Moderate
320,54,Male,Delhi,29.8,No,Moderate,Non-Vegetarian,Never,Occasional,9,5,144,6.5,142,90,120.3,Middle,Low
323,26,Female,Chennai,21.1,Yes,Moderate,Vegetarian,Never,,7,7,163,6.6,140,80,87.3,Middle,Low
324,30,Female,Chennai,22.6,No,Sedentary,Non-Vegetarian,Current,Occasional,6,8,168,6.6,122,96,95.3,Middle,Low
327,37,Female,Delhi,20.2,No,Active,Vegetarian,Never,,7.8,4,153,6.4,138,83,91,Low,Low
329,47,Female,Bengaluru,17.3,Yes,Moderate,Non-Vegetarian,Never,,7.9,6,217,8.2,139,80,82.3,Middle,Moderate
331,59,Male,Hyderabad,28.2,Yes,Sedentary,Non-Vegetarian,Never,Occasional,6,5,175,6.1,150,90,111.5,Middle,Low
333,64,Male,Delhi,23.8,Yes,Moderate,Non-Vegetarian,Never,Never,8.5,4,169,6.8,150,90,106.8,Middle,Moderate
334,55,Female,Ahmedabad,17.3,Yes,Active,Non-Vegetarian,Never,,9,1,161,6.8,147,88,84.7,Middle,Low
336,61,Male,Hyderabad,20.7,Yes,Moderate,Vegetarian,Never,Never,6.3,10,157,6.7,160,100,98.5,High,Moderate
337,54,Male,Delhi,26.8,No,Sedentary,Non-Vegetarian,Never,Occasional,7,7,202,7.9,144,92,115.8,High,High
338,48,Female,Chennai,19.3,Yes,Sedentary,Vegetarian,Never,Occasional,8,8,208,7.7,160,81,87.9,High,High
340,49,Male,Bhopal,25.6,No,Sedentary,Vegetarian,Never,Occasional,8,3,257,8.4,152,92,106,Low,High
341,36,Male,Bengaluru,20.8,Yes,Moderate,Non-Vegetarian,Never,,8,5,210,7.6,122,80,99.6,Middle,Moderate
347,37,Female,Bengaluru,24.4,No,Sedentary,Non-Vegetarian,Former,Never,7,8,224,8,124,88,101.9,Middle,Moderate
349,56,Female,Delhi,22.7,Yes,Active,Non-Vegetarian,Never,,8,10,182,7,160,84,96.7,High,Low
351,48,Male,Delhi,25.8,Yes,Moderate,Vegan,Never,Never,6,6,249,9,126,82,109.1,Middle,High
352,29,Male,Bengaluru,17.5,Yes,Active,Non-Vegetarian,Former,Never,7,5,117,5.8,120,90,87.2,Low,Low
354,54,Male,Hyderabad,18.7,No,Moderate,Vegetarian,Never,Never,7.1,6,136,5.8,150,90,89.6,Low,Low
356,44,Female,Hyderabad,22.2,Yes,Active,Pescatarian,Never,,6,8,154,6.4,138,87,99.3,Middle,Low
358,53,Male,Delhi,17.6,Yes,Active,Non-Vegetarian,Current,Never,6.5,7,158,6.8,140,80,88.3,Middle,Low
359,46,Female,Delhi,20.7,Yes,Moderate,Vegetarian,Former,Regular,8,7,224,8.2,140,90,93,Middle,High
360,50,Male,Delhi,29.9,No,Sedentary,Non-Vegetarian,Current,Never,7,5,154,6.5,132,90,121.7,Middle,Low
361,37,Female,Bengaluru,28.6,Yes,Sedentary,Vegetarian,Never,Never,6,6,146,6.3,140,90,113.8,High,Low
362,35,Male,Chennai,18.9,No,Active,Non-Vegetarian,Never,Never,7,6,109,5.9,130,76,93.1,Middle,Low
365,36,Male,Hyderabad,21.4,Yes,Moderate,Non-Vegetarian,Former,Occasional,7,10,220,9,128,92,100.7,Low,High
366,53,Female,Hyderabad,24.1,No,Active,Vegetarian,Never,,7,5,162,6.1,132,80,99.9,Middle,Low
370,53,Male,Ahmedabad,22.7,No,Moderate,Vegan,Never,Never,6,8,203,7,143,76,107.5,Low,High
372,59,Male,Bengaluru,23.8,No,Moderate,Vegetarian,Never,,8,5,155,6.2,138,100,103.8,High,Low
373,37,Female,Bengaluru,23.3,No,Sedentary,Non-Vegetarian,Never,,6,8,208,7.7,150,88,101.3,High,Low
375,18,Male,Hyderabad,23.4,No,Sedentary,Vegetarian,Never,Never,7,8,107,6.1,130,76,103.6,High,Low
380,52,Female,Delhi,26.7,No,Sedentary,Non-Vegetarian,Never,,9.1,5,166,6.8,134,90,110.3,Middle,Moderate
381,42,Male,Bengaluru,17.6,No,Active,Vegetarian,Current,Occasional,8,5,157,6.9,128,80,87.1,Middle,Low
383,39,Male,Delhi,16.2,No,Active,Non-Vegetarian,Former,Regular,8,4,149,6.7,130,80,90.3,High,Low
384,55,Male,Hyderabad,21.5,Yes,Moderate,Vegetarian,Never,Occasional,6.7,8,200,7.7,150,87,96.8,High,Moderate
387,40,Male,Bengaluru,21.5,No,Moderate,Pescatarian,Current,,6.1,7,119,5.9,150,90,97.8,High,Low
390,42,Female,Hyderabad,27.9,No,Sedentary,Non-Vegetarian,Never,Occasional,7,7,222,8.3,152,92,108,Middle,High
391,47,Male,Chennai,29.4,No,Sedentary,Non-Vegetarian,Former,Never,7,7,260,8.5,140,80,111.6,Low,High
394,28,Female,Ahmedabad,17.3,Yes,Active,Non-Vegetarian,Never,,8,6,150,6.3,140,80,80.6,Middle,Low
397,21,Female,Delhi,24.5,No,Active,Non-Vegetarian,Never,Never,6.5,4,107,5.8,117,72,104.2,Middle,Low
399,60,Female,Bengaluru,26.1,No,Moderate,Non-Vegetarian,Current,Never,7,5,187,7.1,144,84,107.6,Middle,Moderate
401,33,Male,Bengaluru,20.5,No,Moderate,Non-Vegetarian,Never,,6,7,136,6.4,128,75,97.4,High,Low
402,42,Female,Bhopal,22.5,Yes,Active,Non-Vegetarian,Never,,7.5,6,166,6.9,130,86,90.8,Middle,Low
406,50,Female,Hyderabad,26.6,No,Moderate,Non-Vegetarian,Never,Never,6.6,4,112,5.9,160,80,106,Low,Low
407,41,Male,Ahmedabad,22.3,No,Moderate,Vegetarian,Never,Never,7.8,7,140,6.3,140,100,104.7,Middle,Low
408,53,Female,Bhopal,17.3,Yes,Active,Non-Vegetarian,Never,Never,7,8,133,6.4,150,90,86.3,High,Low
413,37,Female,Hyderabad,23.1,Yes,Moderate,Non-Vegetarian,Never,,7,7,168,7.1,131,80,93.3,Middle,Low
414,39,Male,Ahmedabad,24.8,Yes,Moderate,Non-Vegetarian,Never,,8,6,155,6.7,140,88,106.2,High,Low
416,37,Male,Chennai,21.3,Yes,Moderate,Vegetarian,Former,Never,7,8,119,6,144,80,98.7,High,Low
421,32,Female,Hyderabad,23.9,No,Active,Non-Vegetarian,Never,Regular,7,3,137,6,123,90,95.8,Middle,Low
425,47,Female,Bhopal,20.6,Yes,Sedentary,Non-Vegetarian,Never,Occasional,9,3,161,6.8,120,80,93.3,Middle,Low
426,31,Male,Bengaluru,19.1,No,Active,Non-Vegetarian,Never,Occasional,6,8,114,5.8,120,71,91.6,Middle,Low
429,40,Female,Chennai,23.1,No,Sedentary,Vegetarian,Never,Never,5.6,6,158,6.4,124,90,95.7,Middle,Low
430,23,Male,Chennai,19.8,Yes,Active,Non-Vegetarian,Never,Regular,7.5,6,164,6.9,140,80,96.1,High,Low
431,44,Female,Bengaluru,23.5,No,Sedentary,Non-Vegetarian,Never,Occasional,7.5,9,133,6,130,90,103.7,Middle,Low
438,24,Other,Chennai,19.7,No,Active,Non-Vegetarian,Current,,7,3,151,6.6,126,74,88.9,Middle,Low
440,43,Female,Bengaluru,30.2,No,Sedentary,Vegetarian,Never,Regular,7.3,3,215,7.8,142,90,122,Middle,Moderate
441,51,Male,Chennai,27.3,No,Moderate,Non-Vegetarian,Never,Never,9.2,6,194,6.9,150,90,113.6,Middle,Moderate
445,42,Female,Bengaluru,24.1,No,Sedentary,Non-Vegetarian,Current,Never,8,6,148,6.5,160,80,104.1,Low,Low
448,56,Male,Ahmedabad,23.4,Yes,Moderate,Vegetarian,Never,Occasional,8.5,6,157,6.8,160,84,98.6,Middle,Moderate
450,33,Male,Bengaluru,21.6,Yes,Moderate,Vegetarian,Never,Regular,5.5,10,163,7,138,70,96.8,Middle,Low
451,42,Female,Delhi,23.8,No,Sedentary,Pescatarian,Former,,6,8,137,5.7,137,94,101.5,High,Low
452,45,Female,Bengaluru,18.9,No,Active,Vegetarian,Former,Occasional,8,5,118,5.7,130,90,90.2,Middle,Low
453,43,Male,Bhopal,35.2,No,Sedentary,Non-Vegetarian,Never,Never,8,4,257,7.2,136,80,136.7,Low,High
454,54,Male,Hyderabad,24.9,No,Moderate,Non-Vegetarian,Former,Never,6,8,173,7.3,139,80,112.5,Middle,Moderate
455,42,Female,Bengaluru,26.5,Yes,Sedentary,Non-Vegetarian,Never,,6,9,141,6.9,136,80,96.7,Middle,Low
459,52,Female,Chennai,17,No,Active,Non-Vegetarian,Never,Occasional,7,6,137,6.1,128,78,87.1,Middle,Low
461,18,Female,Hyderabad,22.4,No,Active,Non-Vegetarian,Never,,7,2,111,5.5,110,70,93.5,Low,Low
462,60,Female,Delhi,21.4,Yes,Sedentary,Non-Vegetarian,Never,Never,8,3,168,6.8,130,88,88.3,Middle,High
463,42,Female,Hyderabad,23.6,Yes,Sedentary,Non-Vegetarian,Never,,7,10,196,7.5,160,68,100.7,Low,Low
464,56,Female,Hyderabad,30.3,No,Sedentary,Vegetarian,Former,,10,8,161,6.8,168,90,116,High,Low
465,53,Male,Hyderabad,24.3,No,Moderate,Non-Vegetarian,Never,Occasional,9,7,164,7.1,160,96,102.4,High,Low
467,53,Female,Hyderabad,22.1,No,Moderate,Vegetarian,Never,Occasional,6,10,162,6.8,148,100,94.5,Low,Moderate
468,41,Female,Bhopal,25.5,Yes,Sedentary,Non-Vegetarian,Never,,8,6,176,7.4,140,81,101.7,Middle,High
470,53,Male,Chennai,21.3,Yes,Moderate,Non-Vegetarian,Never,Never,7.1,4,157,6.6,150,90,99.8,High,Low
471,48,Female,Chennai,29.6,No,Sedentary,Non-Vegetarian,Never,Occasional,8,6,199,7,153,90,113.7,High,Moderate
472,31,Female,Hyderabad,21.6,No,Active,Vegetarian,Never,Never,7,3,114,5.9,140,86,96.9,High,Low
473,27,Male,Bengaluru,29.9,Yes,Active,Vegetarian,Never,Never,7,6,154,6.1,124,92,119.8,Low,Low
476,53,Female,Hyderabad,17.6,Yes,Active,Vegetarian,Never,Never,9,7,162,6.3,140,82,81.4,Middle,Low
477,47,Female,Delhi,20.5,Yes,Sedentary,Non-Vegetarian,Never,Occasional,7,9,158,7.1,134,70,87.8,High,Low
479,24,Male,Delhi,20.6,No,Active,Vegetarian,Never,Never,7,6,144,6.4,128,84,92.5,Middle,Low
481,55,Female,Hyderabad,15.4,Yes,Active,Non-Vegetarian,Current,Never,6,7,181,7.4,140,88,79.9,Middle,Moderate
487,57,Female,Bhopal,21.9,No,Active,Non-Vegetarian,Never,,7.5,8,184,7.3,140,76,92.3,Middle,Low
489,34,Male,Bengaluru,22.8,No,Active,Vegan,Never,Never,9,7,116,5.7,142,90,104.2,Middle,Low
490,44,Female,Ahmedabad,25.2,Yes,Moderate,Non-Vegetarian,Never,,7,6,170,6.6,150,80,100.5,Middle,Moderate
496,53,Male,Bengaluru,34.4,Yes,Active,Vegan,Never,Occasional,7,7,242,9,130,92,128.4,High,High
497,28,Female,Bhopal,21.1,No,Active,Vegetarian,Current,Occasional,6,6,143,6.4,125,80,87.5,Middle,Low
499,36,Female,Ahmedabad,18.3,No,Active,Vegetarian,Current,Never,8,5,119,5.9,120,84,85.1,Middle,Low
503,25,Female,Delhi,25.8,Yes,Moderate,Non-Vegetarian,Never,Regular,7.3,5,198,7.5,134,82,107.4,High,Low
504,56,Male,Ahmedabad,29,No,Sedentary,Vegetarian,Never,Never,7.5,5,174,7.6,150,90,118.6,Middle,High
507,45,Female,Chennai,18.4,Yes,Moderate,Non-Vegetarian,Former,,10,5,168,6.8,150,90,87.4,High,Low
508,45,Male,Bhopal,16.8,Yes,Active,Vegetarian,Current,Never,9.7,4,96,5.6,138,90,83.8,Low,Low
513,54,Female,Bengaluru,25.3,No,Moderate,Vegetarian,Current,Never,8,5,160,7,140,80,108.2,Middle,Moderate
518,37,Male,Bengaluru,19.2,No,Active,Non-Vegetarian,Never,Never,5,7,110,5.9,152,96,94.7,Low,Low
519,58,Female,Chennai,28.7,Yes,Sedentary,Non-Vegetarian,Never,Occasional,7,7,197,6.3,140,90,113.5,High,Moderate
521,33,Male,Bengaluru,20.6,No,Sedentary,Vegetarian,Never,Regular,6,9,176,6.7,160,80,93.3,High,Low
523,61,Female,Bengaluru,26.3,Yes,Sedentary,Vegetarian,Never,,8.5,6,194,7.3,164,90,105.5,High,High
525,47,Male,Delhi,20.1,No,Moderate,Vegetarian,Never,Never,5,4,183,7,137,96,98.1,Middle,Low
526,23,Male,Hyderabad,18.8,No,Moderate,Non-Vegetarian,Never,Occasional,7,5,120,6,120,90,91.2,Middle,Low
528,51,Female,Hyderabad,32,Yes,Moderate,Non-Vegetarian,Former,Never,6,9,218,7.5,162,100,117.6,High,Moderate
530,38,Female,Delhi,20.8,No,Moderate,Pescatarian,Current,,8,7,114,5.9,128,92,93.3,Low,Low
531,56,Male,Chennai,22.1,Yes,Sedentary,Non-Vegetarian,Former,Never,6.6,7,179,7.1,157,82,99.1,Middle,Moderate
532,26,Female,Delhi,17.4,No,Active,Vegetarian,Never,Occasional,8,5,110,6,112,65,79.2,Low,Low
538,60,Female,Hyderabad,23.8,Yes,Sedentary,Vegetarian,Current,,6.9,10,216,7.8,160,90,99.5,High,High
542,55,Male,Hyderabad,17.6,Yes,Active,Non-Vegetarian,Never,Never,8,8,143,6.2,133,87,89.3,Middle,Low
548,52,Male,Hyderabad,32.8,Yes,Sedentary,Non-Vegetarian,Never,,7,7,192,7,160,93,126.3,Low,Moderate
549,44,Male,Delhi,20.4,Yes,Moderate,Vegetarian,,Never,6,9,161,6.5,136,103,97.4,Middle,Low
551,42,Male,Hyderabad,24.5,Yes,Sedentary,Vegetarian,Never,Occasional,5,9,159,6.8,140,102,103,High,Low
555,57,Other,Hyderabad,21.2,No,Active,Vegetarian,Never,Never,6,4,189,6.7,160,88,94.6,Middle,Low
558,41,Female,Hyderabad,21.9,No,Moderate,Non-Vegetarian,Never,,9,8,134,6.2,130,76,99.2,Middle,Low
559,28,Female,Bengaluru,19.1,Yes,Moderate,Vegetarian,Never,Never,6,9,143,6.8,122,90,86.5,Middle,Low
563,43,Male,Hyderabad,15,Yes,Active,Non-Vegetarian,Never,Never,11,5,117,5.8,144,78,84.2,Middle,Low
564,67,Male,Bengaluru,19.3,No,Moderate,Non-Vegetarian,Never,,7,7,149,6.4,140,90,90.7,Middle,Low
572,45,Female,Bengaluru,20.7,Yes,Moderate,Vegetarian,Never,Never,7.6,6,164,7,140,80,93.6,High,Low
573,53,Male,Bhopal,27.1,Yes,Sedentary,Non-Vegetarian,Never,Never,7,7,190,6.8,140,98,116.7,High,High
574,48,Male,Ahmedabad,21.8,No,Active,Non-Vegetarian,Current,Occasional,7.5,7,147,6.7,140,84,101.2,Low,Moderate
575,46,Female,Bengaluru,24,Yes,Sedentary,Vegetarian,Never,,6,7,262,8.1,130,80,98.1,Middle,High
576,21,Male,Bengaluru,15,No,Active,Non-Vegetarian,Former,Never,6.4,7,101,5.6,128,79,84.8,Middle,Low
578,46,Female,Delhi,27.5,No,Moderate,Non-Vegetarian,Never,,8,4,197,7.9,160,84,107.5,Middle,High
579,34,Male,Delhi,15,No,Active,Non-Vegetarian,Never,,6.5,9,209,8,120,90,82.3,High,Moderate
582,48,Male,Delhi,19.9,Yes,Active,Non-Vegetarian,Former,Never,5.6,10,186,7,156,84,95,High,Moderate
586,59,Male,Delhi,23.4,Yes,Sedentary,Pescatarian,Never,,7.2,5,290,10,158,96,100.8,High,High
587,51,Male,Hyderabad,18.3,Yes,Moderate,Vegetarian,Never,Occasional,7,8,195,7.5,160,87,92.9,Middle,Moderate
589,37,Female,Bengaluru,21,No,Moderate,Vegetarian,Former,,8,7,116,5.7,144,76,95.5,Middle,Low
591,48,Female,Bhopal,22.8,No,Active,Non-Vegetarian,Never,Occasional,8,6,128,6.1,128,84,97,Middle,Low
592,50,Female,Ahmedabad,21.8,No,Moderate,Vegetarian,Never,Regular,8,5,128,6.7,112,80,94.8,Low,Low
595,42,Female,Bengaluru,22.8,Yes,Sedentary,Vegetarian,Current,,7,7,135,6.2,140,98,100,Middle,Low
596,36,Female,Chennai,17.2,No,Moderate,Non-Vegetarian,Former,Never,7,8,158,6.2,124,80,85.6,Low,Low
598,58,Female,Bengaluru,20.3,Yes,Active,Vegetarian,Never,,8,5,230,7.8,136,80,93.1,Middle,High
601,46,Male,Bengaluru,24.6,Yes,Moderate,Vegetarian,Former,Occasional,7,3,136,6.2,126,80,103.7,Middle,Low
603,58,Male,Bengaluru,27,Yes,Sedentary,Non-Vegetarian,Never,Never,8.5,9,200,7.6,167,94,116.5,High,High
605,44,Female,Delhi,29.5,No,Sedentary,Vegan,Never,,7.4,6,147,5.9,150,88,117.6,High,Moderate
606,29,Female,Bengaluru,25.8,No,Sedentary,Non-Vegetarian,Never,Never,6.2,9,199,7.8,130,90,101.7,High,Low
607,43,Female,Delhi,29,No,Sedentary,Vegetarian,Never,,8,5,219,8.8,150,74,113,Middle,High
608,33,Female,Bhopal,22.5,No,Sedentary,Non-Vegetarian,Current,Regular,6,8,181,7.9,140,90,97,Middle,Moderate
610,28,Male,Ahmedabad,23,Yes,Moderate,Non-Vegetarian,Never,Never,6,7,177,7.1,126,80,105,High,Low
614,37,Male,Hyderabad,19.3,Yes,Active,Vegetarian,Never,Never,7,5,181,7,130,86,87.5,Middle,Moderate
617,51,Male,Bengaluru,25.6,No,Sedentary,Vegetarian,Never,Never,7,6,151,6.5,150,100,109,Low,Low
618,51,Female,Hyderabad,27.9,Yes,Sedentary,Vegetarian,Former,Occasional,10,6,150,6.6,140,90,108.8,High,Low
622,44,Male,Bhopal,26.1,No,Sedentary,Vegetarian,Never,Regular,6,5,113,5.8,126,90,109.1,High,Low
625,32,Male,Hyderabad,22.9,No,Active,Non-Vegetarian,Never,Never,8,4,235,8,144,83,104.1,Middle,Moderate
627,44,Female,Bengaluru,16.3,Yes,Active,Non-Vegetarian,Current,,7.7,5,168,6.9,120,76,82.4,Middle,Moderate
632,31,Female,Hyderabad,26.6,No,Sedentary,Pescatarian,Former,Occasional,8,8,160,7.2,140,90,108.5,Low,Moderate
633,70,Male,Delhi,23.5,Yes,Sedentary,Vegetarian,Never,Never,7,5,201,7.4,156,80,99.7,High,Low
634,50,Male,Delhi,22.9,Yes,Sedentary,Vegetarian,Never,Occasional,7,7,190,7.4,130,86,103,Middle,Moderate
635,41,Male,Bengaluru,23.3,No,Moderate,Vegetarian,Never,Never,5.5,10,155,7,148,100,104.6,Middle,Low
638,51,Female,Ahmedabad,27.7,No,Moderate,Vegetarian,Never,Occasional,7.5,4,160,6.8,150,90,114.6,Middle,Moderate
639,43,Female,Hyderabad,24.1,No,Moderate,Vegetarian,Current,Never,7,7,202,7,130,90,97.3,,Low
641,49,Male,Bengaluru,31,No,Sedentary,Non-Vegetarian,Never,Regular,7.6,6,182,7.5,150,86,114.6,Middle,Moderate
647,25,Female,Delhi,19.8,No,Moderate,Vegetarian,Never,Occasional,6,10,127,6.3,140,100,90.5,Middle,Low
649,68,Male,Hyderabad,25.3,No,Sedentary,Vegetarian,Current,,5,9,187,7.6,168,90,108.6,High,High
650,47,Male,Chennai,23.3,Yes,Sedentary,Non-Vegetarian,Current,Occasional,6.8,7,195,7.3,169,84,105.9,High,Moderate
654,38,Female,Hyderabad,26,No,Active,Non-Vegetarian,Never,Never,8,4,155,6.5,136,90,104.5,Middle,Low
657,45,Male,Chennai,23.1,Yes,Sedentary,Non-Vegetarian,Never,Never,9,7,161,6.3,154,90,105,High,Low
659,53,Male,Delhi,33.1,No,Moderate,Vegan,Never,Never,6.9,10,261,8.1,160,90,123.8,Middle,High
660,58,Female,Chennai,21.6,Yes,Active,Pescatarian,Never,,7,6,169,6.6,142,100,93.1,Middle,Low
662,52,Male,Hyderabad,17.9,No,Moderate,Non-Vegetarian,Current,Never,6.3,7,110,5.5,136,80,92.3,Low,Low
663,53,Female,Hyderabad,25.8,No,Sedentary,Vegetarian,Never,,6,8,194,7.7,160,84,102.4,Middle,Moderate
664,47,Female,Ahmedabad,21.7,No,Sedentary,Vegetarian,Former,,8.4,4,180,7.1,130,89,94.9,Low,Low
667,47,Male,Hyderabad,25,No,Moderate,Non-Vegetarian,Current,Occasional,9,8,145,6.7,136,90,106,High,Low
669,18,Female,Bengaluru,24.9,No,Active,Non-Vegetarian,,Never,6,8,107,5.3,140,80,103.8,Middle,Low
670,51,Male,Ahmedabad,23.1,Yes,Moderate,Vegetarian,Former,Occasional,8,3,169,6.9,150,95,99.9,Middle,Moderate
672,26,Female,Ahmedabad,19.4,No,Active,Non-Vegetarian,Current,,10,1,106,5.3,112,70,86.3,Middle,Low
679,38,Male,Hyderabad,22.7,Yes,Sedentary,Vegetarian,Current,Never,6.9,10,256,8.3,140,90,100.7,Middle,High
682,36,Male,Bengaluru,21.8,No,Moderate,Non-Vegetarian,Never,,7,9,135,6.4,124,84,94.8,High,Low
686,47,Male,Delhi,21.7,No,Sedentary,Vegetarian,Never,Never,7,5,173,7,130,60,99.9,Middle,Moderate
687,56,Male,Hyderabad,28.8,No,Sedentary,Vegetarian,Never,Never,8,4,155,6.5,163,90,114.5,Middle,Low
688,48,Female,Ahmedabad,25.8,No,Sedentary,Vegetarian,Current,Occasional,8,6,167,6.6,160,80,108.4,High,Low
690,46,Female,Hyderabad,21.1,No,Sedentary,Vegetarian,Never,,6,7,112,5.7,140,90,91.7,Low,Low
691,45,Female,Chennai,19.1,No,Moderate,Vegetarian,Never,,7,4,108,5.5,138,74,87.8,Middle,Low
692,30,Male,Delhi,27.4,No,Sedentary,Non-Vegetarian,Never,Never,8,3,156,6.7,130,90,116.9,Middle,Low
693,42,Male,Chennai,32.5,No,Sedentary,Non-Vegetarian,Never,Never,10,3,164,7.3,145,84,122.3,Middle,High
694,50,Female,Bengaluru,19.6,Yes,Moderate,Non-Vegetarian,Current,Never,7,7,176,6.8,130,92,88.1,Low,Moderate
696,52,Male,Bhopal,20.9,No,Moderate,Non-Vegetarian,Never,Never,7.5,8,107,6,150,80,94.9,Middle,Low
700,59,Female,Delhi,26,No,Sedentary,Non-Vegetarian,Former,,7.3,8,145,7,140,80,104.2,Middle,Moderate
701,46,Female,Delhi,18.5,Yes,Moderate,Non-Vegetarian,Never,Occasional,6,8,208,7.7,140,80,85.1,High,Moderate
702,44,Male,Hyderabad,23.3,No,Moderate,Vegetarian,Never,Never,6,8,160,7.2,140,78,106.9,Middle,Low
703,52,Male,Bengaluru,27.9,No,Sedentary,Non-Vegetarian,Never,Occasional,7.5,10,177,7.5,140,100,109.9,High,Moderate
705,40,Female,Bengaluru,34.9,No,Sedentary,Vegetarian,Never,,6,8,148,6.5,160,100,130.7,High,Moderate
710,23,Male,Delhi,20.4,Yes,Active,Vegetarian,Never,Occasional,7.7,6,191,7.1,130,80,97.6,High,Low
711,63,Male,Delhi,24.5,Yes,Sedentary,Non-Vegetarian,Never,Regular,8,4,227,8.4,150,80,104.1,Middle,High
715,48,Male,Chennai,21.2,No,Moderate,Vegetarian,Current,Occasional,7,9,179,7,140,90,100.8,High,Low
716,35,Male,Chennai,22.2,No,Active,Non-Vegetarian,Never,Occasional,7,8,129,5.9,138,90,106.4,Middle,Low
717,59,Female,Chennai,20.4,Yes,Moderate,Vegan,Never,Never,8.3,7,161,6.9,162,90,91.6,High,Low
718,47,Female,Chennai,26.5,No,Sedentary,Non-Vegetarian,Current,Never,8,5,170,7.2,144,90,103.3,High,Low
719,54,Male,Delhi,23.5,Yes,Sedentary,Non-Vegetarian,Never,Never,7,7,196,7.6,150,80,100.8,High,Moderate
720,49,Male,Bengaluru,25.2,No,Moderate,Vegetarian,Current,Never,5,8,162,6.9,160,80,108.4,Middle,Moderate
721,57,Female,Ahmedabad,26.1,Yes,Sedentary,Non-Vegetarian,Never,,8,3,133,5.8,132,84,107.9,Middle,Low
723,44,Male,Bengaluru,27.9,No,Sedentary,Non-Vegetarian,Never,Regular,7,4,174,7.2,158,90,116.8,Middle,Low
726,58,Female,Bengaluru,22.6,Yes,Sedentary,Non-Vegetarian,Never,Occasional,9,5,165,6.5,148,88,97.6,High,Moderate
727,64,Male,Chennai,19,Yes,Sedentary,Vegetarian,Former,,8,4,159,6.6,140,94,96.1,Middle,Low
728,34,Female,Bengaluru,17.9,No,Active,Vegetarian,Never,,7,5,131,5.9,122,80,84.3,Middle,Low
729,53,Male,Delhi,19.2,Yes,Active,Vegetarian,Current,Occasional,8,6,200,7.7,130,84,91.6,,Moderate
732,51,Male,Chennai,24.4,No,Active,Non-Vegetarian,Never,Never,6,5,178,7.8,140,80,107.6,,High
735,52,Male,Chennai,27.1,Yes,Moderate,Vegan,Current,Regular,7,9,167,7.1,152,84,110.6,Middle,Low
736,59,Female,Ahmedabad,19.3,Yes,Moderate,Non-Vegetarian,Never,,8.5,8,153,6.9,150,91,87.7,Middle,Low
737,54,Male,Delhi,23.6,Yes,Active,Non-Vegetarian,Current,Regular,8,3,178,7.1,150,90,104.8,High,High
739,33,Female,Hyderabad,24.3,Yes,Active,Non-Vegetarian,Never,,8,6,160,7.4,140,83,104.5,Middle,Moderate
740,24,Female,Chennai,22.3,Yes,Active,Non-Vegetarian,Current,,9,6,155,6.7,140,90,90.4,Middle,Low
741,40,Female,Ahmedabad,16.7,No,Moderate,Vegetarian,Never,,7,4,96,5.4,128,80,86.4,Middle,Low
743,42,Female,Delhi,22.6,No,Sedentary,Non-Vegetarian,Never,Occasional,6,9,149,6,144,80,98.7,,Low
744,57,Female,Bengaluru,23,Yes,Sedentary,Non-Vegetarian,Never,,7,8,174,6.9,169,92,101.7,Middle,Moderate
745,42,Female,Hyderabad,20.1,Yes,Sedentary,Vegetarian,Never,Never,7,8,118,5.9,140,81,89,High,Low
746,39,Male,Delhi,19.5,No,Moderate,Non-Vegetarian,Never,Occasional,6.9,3,140,6.1,112,90,92.1,Middle,Low
751,35,Male,Chennai,33.3,No,Sedentary,Non-Vegetarian,Never,Never,8,6,170,6.5,145,100,129.7,Middle,Low
752,36,Female,Chennai,16,No,Active,Non-Vegetarian,Never,Occasional,9,8,111,5.9,140,90,78.3,Low,Low
759,46,Male,Hyderabad,20,Yes,Active,Vegetarian,Never,Occasional,7,6,153,6.7,140,88,90.7,High,Low
763,30,Male,Hyderabad,20.9,No,Sedentary,Vegetarian,Never,Never,8,7,181,7.3,128,100,96.8,Middle,Low
766,43,Male,Bengaluru,23.9,No,Moderate,Vegetarian,Never,Occasional,5.9,8,106,5.5,150,100,101.7,High,Low
767,55,Male,Delhi,27.8,No,Sedentary,Vegetarian,Never,Occasional,7,3,180,6.5,140,91,114.5,Middle,Low
770,29,Male,Chennai,22.5,Yes,Moderate,Vegetarian,Never,Regular,8,3,110,5.6,132,76,100.4,High,Low
771,37,Male,Delhi,22.5,Yes,Sedentary,Non-Vegetarian,,Occasional,5,7,165,6.6,150,93,103,Middle,Low
772,49,Male,Bengaluru,21.4,Yes,Moderate,Non-Vegetarian,Never,,5,10,175,6.4,130,93,100.4,Low,Moderate
775,55,Male,Bhopal,22.6,Yes,Sedentary,Non-Vegetarian,Current,Never,6,7,269,9.1,148,98,99.5,High,High
776,42,Female,Ahmedabad,21.3,Yes,Active,Non-Vegetarian,Never,Occasional,8,4,176,6.8,144,90,93.6,Middle,Low
780,52,Other,Ahmedabad,25,No,Sedentary,Vegetarian,Former,Occasional,6,6,158,6.8,148,80,102.7,Middle,Low
785,52,Female,Delhi,28.9,No,Sedentary,Non-Vegetarian,Never,,7,8,192,7.3,164,80,111.4,High,High
786,39,Male,Bengaluru,22.7,No,Active,Vegetarian,Never,Never,7,6,136,6.7,140,80,106.9,High,Low
787,34,Female,Delhi,20,No,Moderate,Pescatarian,Current,,4.5,10,106,5.4,145,80,91.6,High,Low
788,53,Female,Hyderabad,17.4,No,Active,Non-Vegetarian,Never,,8,10,266,8.4,150,80,81.5,High,High
789,62,Male,Bengaluru,16.9,No,Active,Vegetarian,Former,Occasional,6,7,141,6,164,84,86.3,Middle,Low
790,40,Female,Chennai,23.4,Yes,Sedentary,Non-Vegetarian,Never,Never,9,5,179,7.2,140,100,97.6,Middle,Moderate
793,36,Female,Delhi,27.4,Yes,Active,Non-Vegetarian,Never,Occasional,6.3,7,154,6.6,140,80,110.6,Middle,Low
795,43,Female,Hyderabad,16.9,Yes,Moderate,Vegetarian,Never,Never,8,6,236,8.2,140,90,81.7,Middle,Moderate
798,47,Female,Ahmedabad,26.3,Yes,Moderate,Non-Vegetarian,Never,Never,9,6,192,7.3,140,100,108.1,Middle,Moderate
800,65,Female,Delhi,32.8,Yes,Sedentary,Non-Vegetarian,Former,,8.5,5,187,7.3,120,110,121.4,Middle,Moderate
803,58,Female,Ahmedabad,34.8,No,Moderate,Non-Vegetarian,Never,,8,5,171,6.5,150,94,130.4,High,Moderate
809,44,Female,Delhi,18.6,No,Sedentary,Vegetarian,Never,Never,4,9,171,6.6,140,80,87.1,High,Low
810,43,Female,Bengaluru,28.6,Yes,Moderate,Vegetarian,Never,,8,6,154,6.6,137,96,114.6,Low,Low
811,65,Male,Ahmedabad,22.8,No,Sedentary,Vegetarian,Never,Never,9,9,160,6.6,160,90,99.9,High,Moderate
816,31,Male,Ahmedabad,16.2,Yes,Active,Non-Vegetarian,Never,Never,7,5,177,7,140,83,84.7,Middle,Low
818,32,Female,Ahmedabad,20.1,No,Active,Vegetarian,Never,Occasional,6,4,95,5.5,120,85,93.5,Middle,Low
819,59,Female,Ahmedabad,34.6,Yes,Sedentary,Non-Vegetarian,Never,Never,8,6,244,8,150,98,131.3,Middle,High
820,46,Female,Delhi,25,No,Moderate,Non-Vegetarian,Current,,7.5,5,181,7.2,150,88,100.1,Middle,Moderate
821,49,Male,Ahmedabad,21,No,Moderate,Non-Vegetarian,Never,Never,7,10,256,8.9,160,100,97.2,Low,High
822,41,Female,Delhi,28.7,Yes,Sedentary,Vegetarian,Never,Occasional,6.9,9,172,7.4,141,92,113.9,High,Low
824,59,Male,Hyderabad,27.9,No,Sedentary,Non-Vegetarian,,Never,6,9,292,9,140,90,115.8,High,High
826,25,Male,Chennai,18.9,No,Active,Non-Vegetarian,Former,Never,7,6,177,7.4,133,100,89.8,,Low
828,50,Female,Hyderabad,24.7,Yes,Sedentary,Vegetarian,Never,Occasional,7,4,175,7,152,87,100.7,High,Low
831,37,Male,Bengaluru,20.7,Yes,Active,Non-Vegetarian,Current,Occasional,6.5,5,156,6.3,137,100,99.9,High,Low
833,44,Male,Delhi,19.1,No,Active,Vegetarian,Current,Occasional,10,3,185,7.4,140,77,95.1,High,Low
834,53,Male,Chennai,18.7,No,Active,Non-Vegetarian,Current,Never,7,5,176,7,140,80,92.2,,Low
835,57,Female,Delhi,20.9,No,Active,Non-Vegetarian,Never,Regular,5,9,215,8.5,140,88,93.8,High,High
836,61,Male,Delhi,19.9,No,Moderate,Vegetarian,Never,,7,5,160,6.6,130,80,94.8,High,Low
838,29,Male,Delhi,19.2,No,Active,Non-Vegetarian,Current,Never,8,4,145,6.5,160,79,92.5,High,Low
839,47,Male,Hyderabad,20.6,Yes,Active,Non-Vegetarian,Never,Regular,8.5,3,103,5.4,140,90,95.1,Middle,Low
840,56,Male,Delhi,26.9,Yes,Moderate,Non-Vegetarian,Never,Never,9,5,209,8.1,128,94,112.2,Low,Moderate
841,54,Female,Bengaluru,19.9,Yes,Active,Vegetarian,Never,Regular,8,10,164,7.2,140,87,87.1,High,Moderate
842,40,Male,Bengaluru,26.1,Yes,Sedentary,Non-Vegetarian,Never,Never,8.5,5,164,6.6,144,90,112.7,Middle,Moderate
843,44,Male,Bengaluru,26.7,No,Active,Non-Vegetarian,Never,Occasional,7.5,3,168,7.2,140,84,113.1,Middle,Low
846,54,Female,Ahmedabad,20.1,Yes,Moderate,Non-Vegetarian,Never,,8,5,251,8,130,90,88.7,Middle,High
850,35,Male,Ahmedabad,29.5,Yes,Moderate,Vegetarian,Current,Never,7.2,5,269,8.7,130,88,119.4,Low,High
851,34,Male,Bhopal,21.2,No,Active,Non-Vegetarian,Never,Never,6,3,101,5.2,120,70,96.1,High,Low
852,57,Male,Ahmedabad,20.3,No,Active,Non-Vegetarian,Former,Occasional,9,6,126,5.8,132,102,95.4,Middle,Low
854,32,Male,Chennai,16.9,No,Moderate,Vegetarian,Current,,8.6,7,131,6.5,130,88,84.6,Middle,Low
856,45,Male,Hyderabad,18.8,No,Active,Vegetarian,Former,Never,8.5,5,141,6.3,140,74,96,Middle,Low
858,63,Female,Ahmedabad,26.3,No,Sedentary,Non-Vegetarian,Current,Occasional,7.5,3,166,7.4,144,90,109.5,Middle,High
861,65,Female,Delhi,18.3,Yes,Moderate,Non-Vegetarian,Former,Never,8,6,169,7.1,170,100,84.4,Middle,Low
862,25,Female,Ahmedabad,22.3,Yes,Active,Vegetarian,Current,Never,8,2,102,5.4,129,78,94.5,Low,Low
866,54,Male,Chennai,22.1,No,Active,Non-Vegetarian,Never,Occasional,6,4,236,8.9,140,80,102.9,High,High
867,53,Male,Hyderabad,26.5,No,Sedentary,Vegetarian,Never,Occasional,6.9,6,165,7,150,90,107.8,High,Moderate
869,47,Female,Chennai,20.6,Yes,Moderate,Vegetarian,Never,,7,8,160,6.5,140,80,85.7,Low,Low
870,32,Male,Bengaluru,24,No,Moderate,Vegetarian,Current,Occasional,5.1,9,114,5.8,132,86,104.2,High,Low
871,61,Male,Delhi,19,No,Active,Vegetarian,Never,Regular,6,6,333,10.4,136,104,90.8,Middle,High
873,39,Male,Delhi,29.8,Yes,Sedentary,Vegetarian,Never,,8,2,150,6.6,130,88,122.3,High,Low
875,48,Female,Bengaluru,19.1,No,Active,Non-Vegetarian,Never,,6,6,229,7.6,140,77,89.9,Middle,Moderate
882,52,Male,Hyderabad,24,Yes,Sedentary,Vegetarian,Former,Occasional,6,8,207,8,160,80,98.6,High,High
885,43,Male,Bengaluru,17,Yes,Active,Vegetarian,Never,,8,6,171,6.6,128,82,85.9,High,Low
887,60,Female,Bengaluru,23.3,No,Moderate,Non-Vegetarian,Never,Never,8.5,4,166,6.8,154,90,95.7,High,High
888,51,Male,Bengaluru,22.8,No,Sedentary,Non-Vegetarian,Never,,7.5,5,171,6.7,132,100,100.6,High,Low
889,55,Male,Delhi,23.8,No,Active,Non-Vegetarian,Never,Occasional,8,4,161,6.3,140,90,101.6,Middle,Low
891,51,Female,Delhi,22.7,Yes,Moderate,Vegetarian,Never,Never,8,9,165,7.2,130,92,96.2,Middle,Moderate
892,48,Male,Ahmedabad,23.6,No,Moderate,Vegetarian,Never,,6.2,8,174,7.3,128,90,103.4,Low,Low
896,42,Female,Delhi,26,No,Moderate,Vegetarian,Former,Never,7.5,6,187,7.3,140,91,100.7,Low,Moderate
901,54,Male,Delhi,24.2,Yes,Sedentary,Vegetarian,,Never,7.9,6,164,6.5,160,92,107.9,Middle,Moderate
905,43,Male,Ahmedabad,26.6,No,Sedentary,Non-Vegetarian,Current,Occasional,5,9,172,6.4,151,90,112.4,Middle,Moderate
908,44,Female,Hyderabad,21.6,Yes,Sedentary,Vegetarian,Never,Never,6,8,173,6.7,156,98,90.4,High,Low
909,54,Male,Hyderabad,23.3,No,Sedentary,Vegetarian,Never,Never,7,10,154,6.1,150,104,96.2,High,Low
910,25,Male,Chennai,19.2,No,Active,Vegetarian,Never,Never,8,8,178,7.4,100,80,95.6,High,Low
911,57,Male,Ahmedabad,18,Yes,Moderate,Non-Vegetarian,Current,Never,8,5,259,8.7,144,88,89.5,Low,High
914,30,Male,Delhi,19.6,Yes,Sedentary,Non-Vegetarian,Never,Occasional,7,9,206,8.3,128,80,92.6,High,Moderate
916,55,Female,Hyderabad,26.2,Yes,Moderate,Non-Vegetarian,Current,,8,6,216,8.3,152,90,108.7,Low,High
917,36,Male,Chennai,21.5,Yes,Active,Non-Vegetarian,Never,Regular,8,7,188,7.7,148,78,97.2,High,Moderate
919,53,Female,Bengaluru,16.2,No,Active,Non-Vegetarian,Never,,8.2,7,179,7.3,160,94,82.6,Low,Low
925,47,Male,Delhi,25.1,No,Moderate,Vegetarian,Former,Never,7,9,183,7.8,158,80,100.3,Middle,Moderate
926,38,Female,Bengaluru,16.4,No,Active,Vegetarian,Former,,7,9,163,6.3,129,74,80.8,Middle,Low
927,54,Female,Chennai,20.3,No,Active,Non-Vegetarian,Never,,7,4,110,5.6,149,81,93.7,High,Low
930,58,Male,Ahmedabad,24.3,No,Moderate,Non-Vegetarian,Never,Occasional,6.1,6,157,6.9,160,86,105,Middle,Low
934,21,Female,Bengaluru,27.8,No,Moderate,Vegetarian,Never,Occasional,6.3,6,149,7.1,130,76,106.2,Middle,Low
935,54,Male,Delhi,22.5,Yes,Active,Non-Vegetarian,Never,Never,8,8,168,7.2,144,89,100.7,Low,Low
937,50,Female,Bhopal,19.8,Yes,Active,Non-Vegetarian,Former,Never,12,1,172,6.9,140,84,88.9,Middle,Moderate
939,47,Male,Delhi,24.9,Yes,Active,Non-Vegetarian,Never,Occasional,9,7,175,6.6,140,88,104.4,Middle,Low
940,56,Female,Delhi,30.4,Yes,Sedentary,Pescatarian,Never,,6.5,6,170,6.9,150,93,114.4,Middle,Low
941,41,Male,Ahmedabad,24.6,No,Sedentary,Vegetarian,Current,Occasional,9,3,131,6.2,130,100,104.6,Low,Moderate
942,50,Male,Ahmedabad,22.3,Yes,Active,Non-Vegetarian,Never,Never,8,6,159,6.5,150,88,101.6,Middle,Moderate
945,34,Female,Chennai,25.8,No,Sedentary,Non-Vegetarian,Never,Never,8,5,182,6.8,124,96,108.3,High,Low
948,43,Female,Hyderabad,21.2,No,Active,Vegetarian,Current,Never,8,5,139,6.1,150,80,95.7,Middle,Low
950,64,Female,Delhi,27.2,No,Sedentary,Vegetarian,Never,,7,10,199,7.7,156,104,107.8,High,Moderate
952,50,Female,Hyderabad,24.9,No,Active,Non-Vegetarian,Current,,8,4,151,6.9,150,82,101.3,Middle,Low
953,44,Male,Bengaluru,23.4,No,Moderate,Non-Vegetarian,Never,Never,7,7,331,9.3,140,80,108.1,Middle,High
956,44,Male,Chennai,24.5,No,Moderate,Non-Vegetarian,Never,Never,6.3,10,175,6.8,150,89,107.1,Low,Moderate
957,47,Female,Delhi,23,Yes,Active,Vegan,,Never,8,6,216,7.8,110,84,96.5,Low,High
960,45,Male,Delhi,16.6,Yes,Active,Vegetarian,Never,Never,9,3,135,6,116,82,86.7,Middle,Low
962,41,Female,Delhi,28.1,No,Active,Non-Vegetarian,Current,,6.5,2,170,6.8,150,86,111.8,Middle,Low
968,38,Male,Delhi,27.7,No,Sedentary,Non-Vegetarian,Never,Occasional,8,4,158,6.8,140,80,114.9,Middle,Low
969,58,Male,Bengaluru,28.1,No,Sedentary,Non-Vegetarian,Current,,6,8,191,7.9,130,98,117.8,,Low
974,28,Female,Delhi,22.4,No,Active,Pescatarian,,Occasional,8,4,145,6.3,130,86,94.2,High,Low
977,44,Male,Hyderabad,19,Yes,Sedentary,Non-Vegetarian,Current,Never,8.5,5,96,5.3,130,80,94.5,Low,Low
979,45,Male,Delhi,26.4,No,Sedentary,Vegetarian,Never,Occasional,8,5,151,6.6,151,100,108.5,Middle,Moderate
980,52,Male,Bhopal,31.5,No,Sedentary,Vegetarian,Never,Never,8.5,4,194,7.1,142,100,126.2,Low,High
983,34,Male,Chennai,27,No,Moderate,Non-Vegetarian,Former,Occasional,7,9,160,7.4,130,100,106.7,Low,Moderate
984,57,Female,Chennai,26.6,No,Moderate,Non-Vegetarian,Never,,7,10,255,7.5,160,90,108.1,High,High
988,35,Male,Chennai,26,Yes,Sedentary,Vegetarian,Never,Never,7,4,169,6.1,140,80,106.3,Middle,Moderate
989,50,Female,Ahmedabad,23.2,Yes,Moderate,Vegetarian,Never,,7,4,210,8.6,138,72,101.1,Middle,High
990,53,Female,Bhopal,35.9,Yes,Moderate,Vegetarian,Current,Occasional,6.8,4,197,7,140,84,128,Middle,High
991,44,Male,Bengaluru,24.6,No,Sedentary,Vegetarian,Never,Never,8,5,194,7.1,135,90,114.2,Middle,Low
996,48,Male,Bengaluru,21.9,Yes,Moderate,Vegetarian,Current,,9,4,137,6.6,150,80,101.2,Low,Low
997,39,Male,Bengaluru,25.8,No,Sedentary,Vegetarian,Never,Occasional,7,10,174,7,150,95,105.9,Low,Moderate
999,43,Male,Bengaluru,26.1,No,Sedentary,Non-Vegetarian,Former,Never,7.8,4,115,5.8,134,81,103.8,Middle,Low
1000,51,Female,Hyderabad,28.5,No,Sedentary,Non-Vegetarian,Never,Occasional,9,7,177,6.9,150,100,114.9,Middle,Moderate
1001,42,Female,Bengaluru,26.4,No,Sedentary,Vegetarian,Never,,5,7,143,6.8,120,90,107.1,High,Low
1002,43,Male,Bengaluru,22.9,Yes,Sedentary,Non-Vegetarian,Never,Never,7,8,163,6.5,149,80,97.6,Middle,Moderate
1007,40,Male,Delhi,21.7,No,Moderate,Non-Vegetarian,Never,Never,8,8,140,6.6,150,90,92.6,,Low
1008,52,Male,Bhopal,31.5,Yes,Sedentary,Non-Vegetarian,Current,Never,7,7,198,7.5,140,89,120,Middle,Moderate
1013,19,Male,Bengaluru,22,Yes,Active,Non-Vegetarian,Never,Never,7.8,6,226,7.4,124,72,102.9,,High
1015,40,Female,Chennai,26,No,Moderate,Non-Vegetarian,Current,,6,7,187,7,156,80,105.9,Middle,Low
1016,53,Female,Bengaluru,28.7,No,Sedentary,Non-Vegetarian,Former,Never,5.4,9,213,7.4,140,94,112,High,High
1017,54,Male,Delhi,20.9,No,Active,Pescatarian,Never,Occasional,7,8,187,7.3,140,100,101.5,High,Moderate
1018,54,Female,Bengaluru,23.7,No,Sedentary,Vegetarian,Never,Never,7,4,170,6.7,126,100,94.9,Low,High
1021,48,Other,Bengaluru,23.1,No,Active,Non-Vegetarian,Former,Occasional,8,4,190,7.5,140,90,92.9,Middle,Low
1022,31,Male,Chennai,21.6,No,Active,Vegetarian,Never,Regular,8,7,143,6.5,140,77,94.5,Middle,Low
1023,49,Male,Hyderabad,20.1,Yes,Active,Non-Vegetarian,Never,,8.3,4,156,6.4,132,86,96.8,High,Low
1024,25,Male,Ahmedabad,20.5,Yes,Sedentary,Non-Vegetarian,Never,Never,6,5,156,6.7,140,82,96.1,Low,Low
1026,43,Female,Chennai,22,Yes,Active,Non-Vegetarian,Current,Never,8,7,230,8,140,80,92.2,Middle,Moderate
1027,57,Male,Delhi,26.2,No,Sedentary,Vegetarian,Never,Never,9,5,157,6.3,143,80,109.1,High,Low
1028,50,Male,Delhi,16.6,Yes,Moderate,Non-Vegetarian,Never,Never,7,8,155,6.1,140,83,87.8,Middle,Low
1029,58,Female,Chennai,20.4,Yes,Active,Vegetarian,Current,Occasional,6,9,147,6.5,154,90,89.4,High,Moderate
1031,47,Female,Ahmedabad,24.8,Yes,Moderate,Non-Vegetarian,Never,Never,8,6,151,6.7,150,96,99.7,Low,Low
1034,55,Female,Chennai,23.8,Yes,Moderate,Non-Vegetarian,Never,Occasional,7.5,3,156,6.7,130,90,101,Middle,Moderate
1036,41,Female,Delhi,19.9,No,Active,Vegetarian,Never,,6,9,113,5.7,120,88,90.4,Middle,Low
1038,35,Female,Delhi,20.7,No,Active,Vegetarian,Never,Never,8,3,87,5.2,130,76,90.8,Middle,Low
1039,47,Male,Chennai,25.8,Yes,Sedentary,Vegetarian,Current,Occasional,8,4,158,6.7,150,84,105.7,Middle,Low
1040,40,Male,Ahmedabad,23.5,No,Active,Non-Vegetarian,Current,Never,8,1,141,6.3,136,89,106.3,Middle,Low
1041,34,Female,Hyderabad,26.3,Yes,Moderate,Non-Vegetarian,Former,Occasional,5.4,9,245,8,128,90,104.5,Middle,High
1043,35,Male,Bengaluru,18.1,No,Active,Non-Vegetarian,Current,,7,8,179,6.7,120,80,92.1,High,Low
1046,48,Female,Delhi,25.3,No,Sedentary,Vegetarian,Never,,7,9,147,6.8,136,80,101.3,High,Low
1048,43,Female,Chennai,29,No,Sedentary,Vegetarian,Never,,7,7,159,6.8,142,100,118.3,Middle,Low
1052,49,Female,Bengaluru,17.4,No,Active,Non-Vegetarian,Never,Regular,7.3,4,173,7.2,116,80,80.6,Middle,Low
1055,45,Male,Chennai,22.1,No,Moderate,Non-Vegetarian,Never,Occasional,7,8,257,8.9,160,80,102.3,Middle,High
1057,55,Male,Bengaluru,24.7,No,Moderate,Non-Vegetarian,Never,Occasional,7,4,177,7.1,160,92,105.6,Middle,Moderate
1067,31,Female,Delhi,30.9,No,Sedentary,Non-Vegetarian,Current,,8,8,228,7.3,140,100,114.8,Low,Moderate
1069,61,Male,Chennai,31.5,Yes,Sedentary,Non-Vegetarian,Former,Never,7.5,8,208,7.2,164,100,119.7,High,High
1070,54,Female,Hyderabad,26.4,No,Sedentary,Non-Vegetarian,Current,Never,6,4,166,6.3,150,90,106.7,High,Low
1071,61,Male,Bhopal,26.5,Yes,Sedentary,Non-Vegetarian,Never,Never,6,7,335,10.3,152,90,113,Middle,High
1072,39,Female,Bengaluru,22.5,No,Active,Non-Vegetarian,Former,,7,5,156,6.9,126,89,97.5,High,Low
1076,43,Male,Bengaluru,19.3,No,Moderate,Non-Vegetarian,Current,Never,8,8,193,7.3,130,90,91.1,Middle,Moderate
1077,30,Female,Bengaluru,23.7,Yes,Moderate,Non-Vegetarian,Never,,6,9,168,7.5,158,72,97.5,High,Moderate
1079,34,Female,Bengaluru,20.8,Yes,Sedentary,Vegetarian,Current,,7,6,169,6.7,140,80,90.2,Middle,Low
1080,40,Male,Chennai,22.3,No,Sedentary,Non-Vegetarian,Never,Occasional,9,7,111,5.9,140,90,99.8,Middle,Low
1081,52,Female,Delhi,20.7,No,Active,Vegetarian,Never,,8,9,148,6.6,150,84,92.2,High,Low
1084,34,Male,Chennai,24.8,Yes,Moderate,Vegetarian,Current,Never,7,9,266,9.8,132,90,110.6,Low,High
1090,64,Male,Hyderabad,23.3,No,Moderate,Non-Vegetarian,Former,Regular,7.8,8,176,6.9,156,100,104.1,High,Moderate
1091,53,Female,Hyderabad,33.5,No,Moderate,Vegetarian,Current,Occasional,7.1,5,170,7.4,164,80,124.2,Middle,Moderate
1101,39,Male,Bengaluru,16.3,Yes,Active,Pescatarian,Never,Never,8.2,5,152,6.4,124,76,91.7,High,Low
1104,56,Female,Hyderabad,26.2,Yes,Sedentary,Non-Vegetarian,Never,Never,6,7,170,7.7,150,90,102.8,Middle,Moderate
1107,47,Female,Bengaluru,22.1,Yes,Moderate,Non-Vegetarian,Former,,8,6,152,6.8,130,80,99.7,High,Low
1109,51,Male,Bengaluru,28.8,No,Moderate,Vegan,Never,Occasional,7,9,148,6.8,148,95,115.9,Middle,Low
1111,54,Female,Hyderabad,22.4,No,Active,Vegan,Former,Never,6.4,8,102,5.7,137,80,95,High,Low
1112,57,Male,Hyderabad,24.6,Yes,Sedentary,Pescatarian,Never,Occasional,7,9,172,6.5,160,89,107,High,Moderate
1114,48,Male,Ahmedabad,20.3,Yes,Moderate,Vegetarian,Never,Never,9,2,126,6.1,138,90,98.8,Low,Low
1115,63,Male,Delhi,22.6,No,Sedentary,Non-Vegetarian,Current,Occasional,5.4,7,176,7.6,140,90,98.2,Low,Moderate
1121,47,Female,Delhi,17.3,No,Active,Non-Vegetarian,Never,,8,6,194,6.8,128,80,86.4,Low,Moderate
1123,51,Male,Hyderabad,19.6,No,Moderate,Non-Vegetarian,Never,Never,6,6,153,6.4,140,72,97.5,Low,Low
1124,47,Female,Chennai,18.8,No,Active,Vegetarian,Never,Never,8.6,6,103,5.9,150,90,87.3,Middle,Low
1125,39,Male,Bengaluru,17.9,No,Active,Non-Vegetarian,Never,,7.7,5,152,6.3,136,90,87.4,Middle,Low
1130,60,Male,Delhi,24.5,No,Moderate,Non-Vegetarian,Never,Occasional,7,6,185,7.5,154,102,104.9,Middle,High
1131,52,Male,Bengaluru,25,No,Moderate,Non-Vegetarian,Never,Regular,8,3,272,8.6,150,80,104,Middle,High
1135,59,Female,Bengaluru,25.9,No,Moderate,Non-Vegetarian,Current,Occasional,5.5,6,195,7,140,96,104.8,Middle,Moderate
1139,50,Female,Ahmedabad,19.8,No,Active,Non-Vegetarian,Former,Occasional,7,3,111,5.8,140,88,91.5,Middle,Low
1141,59,Male,Delhi,19,Yes,Active,Vegetarian,Never,Never,6,6,184,7.4,150,97,93.4,High,Moderate
1146,53,Female,Hyderabad,33.9,No,Sedentary,Vegetarian,Never,Occasional,7,10,173,7.3,154,100,126.1,High,Moderate
1147,28,Male,Ahmedabad,17,No,Active,Non-Vegetarian,Current,Never,8,5,111,5.7,120,80,86,Middle,Low
1150,51,Male,Hyderabad,20.2,Yes,Moderate,Non-Vegetarian,Never,Occasional,7.8,6,219,7.5,160,100,94.6,Middle,Moderate
1151,42,Female,Delhi,20.9,Yes,Moderate,Vegetarian,Never,,7,6,166,6.7,162,90,100.4,Middle,Low
1152,18,Male,Ahmedabad,29.9,No,Sedentary,Vegetarian,Never,,8.5,3,147,6.7,124,80,116.9,Middle,Low
1153,50,Male,Chennai,16.3,Yes,Moderate,Non-Vegetarian,Never,Never,8,6,201,7.7,160,100,83.9,Low,High
1157,50,Male,Ahmedabad,25.9,No,Moderate,Non-Vegetarian,Never,Occasional,7,7,186,7.1,142,96,110.2,,Low
1158,30,Female,Chennai,20.5,Yes,Moderate,Pescatarian,Never,,6.8,8,165,7,130,90,91.4,Low,Low
1159,43,Male,Bengaluru,20.4,No,Active,Vegan,Current,Never,5,9,169,7,150,78,95.9,Middle,Moderate
1160,55,Male,Delhi,20.3,No,Moderate,Pescatarian,Never,Never,8.9,3,181,6.9,136,76,93.3,Middle,Low
1164,28,Male,Delhi,17.1,No,Active,Non-Vegetarian,Never,Occasional,8,4,132,6.2,120,80,86.2,Middle,Low
1165,38,Female,Delhi,20.6,Yes,Active,Vegan,Never,Occasional,6.9,7,150,6.7,135,92,91.4,Middle,Low
1166,18,Female,Hyderabad,28.4,No,Sedentary,Vegetarian,Never,,6.8,9,169,7.2,140,70,106.6,Middle,Low
1167,36,Male,Hyderabad,18.9,Yes,Moderate,Pescatarian,Never,Never,8,8,164,7,128,100,85,High,Low
1169,58,Female,Delhi,23.9,No,Sedentary,Vegetarian,,,7,5,202,7.5,154,98,101.2,Middle,Moderate
1171,37,Male,Bengaluru,22.2,No,Active,Non-Vegetarian,Never,Never,7,8,120,6,163,90,99.2,High,Low
1173,49,Male,Delhi,22.3,Yes,Sedentary,Vegetarian,Never,Occasional,8,6,224,8.1,148,70,97.5,Middle,High
1177,42,Male,Ahmedabad,25.1,No,Active,Non-Vegetarian,Never,Never,6,5,207,7.6,124,68,106.8,Middle,Moderate
1178,42,Male,Ahmedabad,21.9,No,Active,Vegetarian,Never,Occasional,7,6,164,6.9,140,100,99.8,Middle,Low
1179,38,Male,Delhi,27.3,Yes,Active,Vegetarian,Current,Occasional,8,6,181,6.5,140,90,113,Low,Low
1180,42,Female,Bengaluru,19.8,No,Moderate,Non-Vegetarian,Never,Never,7,8,185,7.3,142,90,89.9,,Moderate
1183,49,Female,Bengaluru,28.6,Yes,Sedentary,Vegetarian,Current,Regular,7.5,6,215,7,165,96,112.6,Middle,High
1184,39,Male,Delhi,27.4,Yes,Sedentary,Vegetarian,Current,Regular,6,6,242,8.7,130,90,115.5,Low,High
1187,43,Female,Bengaluru,21.8,No,Moderate,Non-Vegetarian,Never,,6,10,177,7.2,140,86,96.4,,Low
1188,51,Male,Delhi,18.6,No,Active,Non-Vegetarian,Never,Never,6.8,9,130,6,135,80,87.1,,Low
1189,48,Male,Delhi,20.4,No,Moderate,Vegetarian,Never,Occasional,7,9,217,8.3,144,90,97.2,Middle,High
1191,57,Male,Bhopal,24.7,No,Sedentary,Non-Vegetarian,Never,Never,7,7,163,6.6,148,80,105.2,Middle,Moderate
1193,56,Female,Hyderabad,26.6,No,Sedentary,Non-Vegetarian,Never,Never,6.5,6,169,7.5,140,89,111.5,Low,Low
1194,48,Female,Hyderabad,22.9,Yes,Active,Vegetarian,Former,Never,7.5,6,188,7.6,160,92,97.7,High,Moderate
1195,21,Male,Chennai,18.7,No,Active,Non-Vegetarian,Never,Occasional,8,4,119,6,120,82,94.6,Middle,Low
1196,43,Male,Ahmedabad,23.5,No,Moderate,Non-Vegetarian,Never,Regular,7,6,226,8.5,145,80,99.9,Middle,High
1198,44,Male,Ahmedabad,24.3,No,Moderate,Non-Vegetarian,Current,Occasional,8,6,186,7.4,148,90,107,Middle,Moderate
1199,48,Male,Delhi,21.8,No,Active,Non-Vegetarian,Former,Never,8.5,5,153,6.6,136,84,99.1,Middle,Low
1205,55,Female,Hyderabad,20.9,No,Sedentary,Non-Vegetarian,Never,Never,9,4,181,7.2,144,90,90.5,Middle,Low
1206,51,Male,Delhi,29,No,Sedentary,Non-Vegetarian,Never,Regular,8,7,152,6,150,90,117.9,High,Low
1207,36,Male,Bengaluru,23.3,Yes,Active,Non-Vegetarian,Never,Never,8,5,167,6.9,124,80,109.6,High,Moderate
1208,49,Male,Chennai,27.9,No,Sedentary,Vegetarian,Current,Never,8,4,158,6.8,150,100,111.4,High,Low
1211,29,Female,Hyderabad,18.3,No,Active,Vegetarian,Never,,5.5,6,102,5.8,140,84,85.3,Middle,Low
1212,44,Male,Hyderabad,25.8,Yes,Sedentary,Non-Vegetarian,Never,Never,7.5,2,102,5.3,140,90,112.1,,Low
1216,47,Female,Chennai,21.7,Yes,Sedentary,Vegetarian,Current,Never,6.6,6,189,7.3,160,80,91.6,Middle,Moderate
1219,49,Male,Hyderabad,19.6,No,Moderate,Non-Vegetarian,Never,Never,6.9,6,216,8.1,124,80,92.4,Low,Moderate
1221,39,Male,Ahmedabad,21.2,No,Moderate,Non-Vegetarian,Never,Occasional,8,6,115,5.3,140,97,100.6,Low,Low
1226,46,Male,Bengaluru,18.6,Yes,Moderate,Vegetarian,Current,Never,7,5,172,6.8,138,86,90.1,,Low
1229,39,Male,Bhopal,19.7,No,Moderate,Non-Vegetarian,Current,Occasional,8,6,150,6.8,138,88,95.1,Low,Low
1233,47,Male,Chennai,19,No,Active,Non-Vegetarian,Never,Never,8,6,159,6.7,120,83,92.7,Middle,Moderate
1235,52,Male,Bengaluru,31.1,No,Sedentary,Vegetarian,Never,,7.3,10,208,7.3,152,110,120.8,High,Moderate
1236,23,Female,Delhi,23.3,No,Moderate,Non-Vegetarian,Never,,9,2,144,5.9,120,80,97.5,Middle,Low
1239,55,Female,Hyderabad,27.1,No,Sedentary,Vegetarian,Never,Occasional,9,6,170,6.6,132,90,103.6,Middle,Moderate
1240,34,Male,Hyderabad,18.9,Yes,Active,Non-Vegetarian,Never,Occasional,5,6,210,7.4,109,76,90.6,Middle,Moderate
1241,36,Male,Bhopal,22.4,No,Moderate,Non-Vegetarian,Current,Never,7,9,224,7.7,140,90,99.3,Middle,Moderate
1242,53,Female,Ahmedabad,19.7,No,Moderate,Vegetarian,Never,Occasional,7,3,332,11.6,140,96,88.7,Low,High
1247,65,Male,Bengaluru,18.4,Yes,Active,Vegetarian,Never,Never,8.5,4,169,7.1,130,92,92.8,Middle,Low
1248,50,Male,Hyderabad,23.9,Yes,Active,Vegetarian,Never,Occasional,6,5,161,6.7,154,80,104.6,Low,Moderate
1250,27,Male,Hyderabad,16.8,No,Moderate,Non-Vegetarian,Never,Regular,9,5,126,6.3,130,70,85.4,Low,Low
1253,27,Female,Bengaluru,22.6,No,Sedentary,Non-Vegetarian,Never,Never,5.5,7,126,6,141,80,93.3,High,Low
1255,32,Female,Bengaluru,23,No,Active,Non-Vegetarian,Former,Occasional,6,8,175,6.5,140,78,98.2,Middle,Moderate
1257,25,Female,Delhi,25.6,Yes,Moderate,Non-Vegetarian,Never,Never,6,7,177,7.1,140,78,109.1,High,Low
1261,58,Male,Chennai,28.7,Yes,Sedentary,Vegetarian,Current,Occasional,6,8,238,8.7,160,80,114,Middle,High
1264,43,Male,Chennai,22.8,No,Moderate,Vegetarian,,Never,4.8,7,180,6.7,140,90,103.2,Middle,Moderate
1266,30,Female,Hyderabad,25.6,No,Moderate,Vegetarian,Current,Never,6,10,219,8.5,126,70,104.5,,High
1269,47,Female,Delhi,24.4,No,Moderate,Vegetarian,Current,,6.5,8,148,7,150,84,105,Middle,Low
1270,32,Male,Ahmedabad,23.6,No,Sedentary,Vegetarian,Current,Never,8,4,163,7,139,90,101.3,Middle,Low
1274,60,Male,Delhi,17.5,No,Active,Non-Vegetarian,Never,Never,6.7,8,141,6.4,130,102,87.7,Middle,Low
1275,42,Female,Hyderabad,26.4,No,Sedentary,Vegetarian,Never,,6,9,187,7.1,146,84,107.1,High,Moderate
1277,23,Male,Delhi,27.5,No,Sedentary,Non-Vegetarian,Never,Never,8,2,116,5.5,110,80,108,Middle,Low
1278,47,Male,Delhi,23.6,No,Sedentary,Vegetarian,Never,Never,9,5,178,7,136,90,107.9,High,Low
1279,63,Female,Delhi,25.7,No,Sedentary,Vegetarian,Current,,10,5,232,8.6,160,80,105.9,Middle,High
1280,42,Male,Hyderabad,20.7,Yes,Active,Non-Vegetarian,,Never,9,7,160,6.6,124,83,98.5,Middle,Low
1282,57,Female,Delhi,25.1,No,Active,Non-Vegetarian,Current,Never,8,4,112,5.5,156,96,95.3,High,Low
1284,46,Male,Chennai,17.1,No,Active,Vegetarian,Current,,6,6,159,6.5,141,88,88.6,High,Low
1286,45,Male,Hyderabad,21.7,Yes,Sedentary,Vegetarian,Never,Never,6.5,10,174,6.6,160,90,100.2,High,Low
1287,35,Male,Delhi,17.8,Yes,Moderate,Vegetarian,Former,Never,8,6,162,6.2,140,84,89.3,High,Moderate
1293,56,Male,Delhi,33,Yes,Sedentary,Vegetarian,Current,Occasional,8.5,7,178,7,158,97,127.2,High,Moderate
1294,51,Male,Delhi,17.7,No,Active,Vegetarian,Never,Occasional,9,5,172,6.9,148,91,92.3,Middle,Low
1296,44,Female,Delhi,26.4,Yes,Sedentary,Vegetarian,Never,Never,7,7,202,7.2,160,88,102.1,Middle,Low
1297,42,Female,Bengaluru,20.3,Yes,Moderate,Non-Vegetarian,Former,Never,8.9,7,153,6.4,144,80,95.3,High,Low
1303,59,Male,Delhi,26.6,Yes,Sedentary,Non-Vegetarian,Current,Never,6,7,191,7.2,150,90,107.9,Low,Moderate
1307,50,Male,Delhi,23.7,No,Moderate,Vegetarian,Never,Occasional,8,7,201,7.9,140,100,103.2,High,Moderate
1309,59,Male,Hyderabad,21.4,No,Active,Non-Vegetarian,Never,Occasional,7.3,8,208,7.5,141,90,101,Middle,Moderate
1311,53,Male,Bengaluru,22.9,No,Sedentary,Non-Vegetarian,Never,Never,5.9,9,220,7.6,150,90,105.6,High,High
1312,32,Male,Ahmedabad,22.4,No,Active,Vegetarian,Former,Never,7,9,182,7.4,150,81,105.6,High,Moderate
1313,23,Male,Delhi,20.5,No,Active,Non-Vegetarian,Former,Never,7,6,157,7.2,128,82,96.4,High,Low
1314,48,Female,Hyderabad,24.9,Yes,Moderate,Vegetarian,Never,,7,7,201,7.3,140,92,105.8,Middle,Moderate
1315,56,Female,Bengaluru,27.1,No,Sedentary,Non-Vegetarian,Current,Occasional,7,5,217,7.9,130,80,101.8,Middle,High
1316,29,Female,Hyderabad,19.3,No,Active,Non-Vegetarian,Former,Occasional,8.6,6,139,6,116,92,85,High,Low
1317,38,Female,Ahmedabad,21.7,No,Active,Non-Vegetarian,Never,,7,3,179,7,140,80,95.3,Middle,Low
1320,42,Male,Delhi,21.7,No,Moderate,Vegetarian,Current,Never,7,6,182,7.1,128,70,102.4,Middle,Low
1322,40,Female,Delhi,19.9,No,Active,Vegetarian,Current,Occasional,8,4,110,5.9,136,86,91.3,,Low
1324,49,Female,Bengaluru,19.4,Yes,Moderate,Non-Vegetarian,Current,,6,4,195,7.7,130,80,86.5,Middle,Moderate
1325,52,Male,Delhi,23.5,Yes,Moderate,Non-Vegetarian,Never,Never,7,7,257,7.8,130,70,102.8,High,High
1328,54,Female,Bengaluru,27.8,No,Sedentary,Vegetarian,Never,Never,7.7,6,186,7,164,90,104.5,High,Low
1329,41,Female,Ahmedabad,32.2,Yes,Sedentary,Vegetarian,Current,Never,8,6,171,6.9,156,87,116.6,Middle,Low
1330,57,Male,Bhopal,24.1,No,Moderate,Non-Vegetarian,,Never,8,5,181,7.6,157,90,100,Middle,Moderate
1331,41,Male,Chennai,20.7,No,Active,Non-Vegetarian,Never,Occasional,7,5,92,5.7,127,90,100.6,High,Low
1334,37,Female,Bhopal,21,No,Moderate,Vegetarian,Never,Regular,9,5,147,6.4,140,70,94.8,Low,Low
1335,58,Female,Bengaluru,20.5,No,Active,Vegetarian,Never,Regular,6,9,138,5.8,150,80,94.7,High,Low
1338,54,Female,Chennai,23.2,No,Moderate,Vegetarian,Never,,7,6,250,8.8,146,80,95.3,Middle,High
1339,51,Male,Chennai,24.6,No,Active,Non-Vegetarian,Former,Regular,7,7,159,7,140,88,104.9,High,Low
1340,47,Male,Bengaluru,28.4,Yes,Sedentary,Non-Vegetarian,Current,Occasional,10,4,199,7.3,160,92,118,Low,Moderate
1341,52,Female,Delhi,19.4,Yes,Moderate,Non-Vegetarian,Former,,6,6,176,7.1,120,90,90.6,Middle,Moderate
1343,46,Female,Bengaluru,23.1,No,Sedentary,Non-Vegetarian,Never,Occasional,7,8,178,7.3,160,90,98.6,High,Low
1346,30,Female,Hyderabad,20.6,No,Sedentary,Non-Vegetarian,Never,,7.5,3,95,5.4,130,90,91.4,Low,Low
1347,21,Female,Delhi,23.6,Yes,Active,Vegetarian,Never,Never,7,10,109,5.8,130,82,94.7,Middle,Low
1352,40,Male,Chennai,24.7,Yes,Moderate,Vegetarian,Never,Occasional,8,6,157,7,140,83,113.2,High,Low
1354,31,Other,Bengaluru,19.8,Yes,Sedentary,Vegetarian,Never,Never,7,9,157,6.4,130,80,90.1,Middle,Low
1356,21,Male,Delhi,23.6,Yes,Active,Vegetarian,Never,Never,8.2,3,116,6,128,75,109.1,Low,Low
1357,53,Male,Chennai,23.9,No,Moderate,Vegetarian,Former,Never,6,9,204,8.1,140,94,102.1,High,High
1359,33,Female,Bhopal,19.1,Yes,Moderate,Vegetarian,Current,,6,6,185,6.6,128,78,85.6,Low,Moderate
1360,59,Female,Bhopal,20.2,No,Moderate,Non-Vegetarian,Never,Occasional,9,2,187,7.3,142,80,91.5,Low,Low
1362,43,Female,Hyderabad,23.2,No,Sedentary,Vegetarian,Never,Regular,7,8,120,5.7,140,100,95.5,High,Low
1363,48,Female,Delhi,29,No,Sedentary,Vegetarian,Never,,7.6,5,162,6.9,164,90,114.6,Middle,Low
1364,58,Male,Ahmedabad,16.7,Yes,Moderate,Non-Vegetarian,Never,Occasional,7.5,5,242,8.4,160,100,90.5,High,High
1367,48,Male,Chennai,20.8,Yes,Moderate,Non-Vegetarian,Never,Occasional,7,8,210,7.4,152,68,94,High,Moderate
1369,57,Male,Bengaluru,24.9,Yes,Active,Vegetarian,Current,Never,7,7,171,6.5,128,96,107.8,High,Low
1371,47,Male,Hyderabad,25.6,Yes,Sedentary,Vegetarian,Never,Never,7,9,208,8.1,150,90,110,Middle,High
1375,30,Female,Ahmedabad,19.7,No,Moderate,Non-Vegetarian,,,5.4,1,109,5.8,121,80,90.8,Low,Low
1376,54,Female,Ahmedabad,28.8,No,Moderate,Vegetarian,Never,Never,7,4,176,7.3,140,80,112.9,Middle,High
1380,26,Female,Bengaluru,23.2,No,Moderate,Non-Vegetarian,Never,Never,8,6,88,5.4,110,80,99.6,Low,Low
1383,20,Male,Chennai,18,Yes,Active,Non-Vegetarian,Never,Never,7,8,151,6.8,116,80,91.4,Low,Low
1384,45,Female,Ahmedabad,27.1,No,Sedentary,Vegetarian,Never,,7.2,5,154,6.3,146,90,110.4,Middle,Low
1385,40,Male,Chennai,28.2,No,Sedentary,Non-Vegetarian,Never,Never,7,5,200,7.1,150,77,113.3,Middle,Moderate
1386,37,Female,Bengaluru,26.5,No,Moderate,Non-Vegetarian,Never,Occasional,7,3,184,6.5,140,74,108.6,Middle,Moderate
1387,40,Female,Delhi,19.5,Yes,Moderate,Non-Vegetarian,Former,Never,8,8,169,7,129,90,92,Middle,Low
1390,49,Female,Hyderabad,19,No,Sedentary,Vegetarian,Never,Never,8,6,115,5.8,124,73,86.6,High,Low
1392,43,Female,Delhi,28.3,No,Sedentary,Vegan,Never,Never,6,6,171,6.7,130,80,109.8,High,Low
1393,38,Female,Bengaluru,25.4,No,Sedentary,Non-Vegetarian,Never,,7,8,139,6.4,140,81,107,Low,Low
1395,47,Male,Chennai,16.6,No,Active,Non-Vegetarian,Never,Occasional,10.4,4,101,5.3,110,100,89.7,Middle,Low
1396,50,Female,Bengaluru,22.2,Yes,Sedentary,Non-Vegetarian,Current,,9,7,186,7.3,150,100,94.3,High,Moderate
1399,45,Male,Chennai,22.7,No,Sedentary,Non-Vegetarian,Never,Regular,6.3,7,151,6.4,140,86,106,Middle,Low
1402,52,Female,Hyderabad,18,Yes,Active,Non-Vegetarian,Never,,6.7,7,188,7.5,140,90,84.1,High,Moderate
1404,56,Female,Hyderabad,24.3,Yes,Active,Non-Vegetarian,Never,,8,4,157,6.8,140,73,96.9,Middle,Low
1406,44,Male,Delhi,18,No,Active,Non-Vegetarian,Never,Never,8.2,4,132,6.9,140,74,90.8,Middle,Low
1407,45,Male,Bengaluru,16.9,Yes,Moderate,Non-Vegetarian,Never,Occasional,7,6,173,7.1,160,80,87.2,Middle,Low
1408,36,Male,Hyderabad,30.9,Yes,Sedentary,Vegetarian,Never,Occasional,8,6,225,8.2,138,90,124.7,Middle,High
1410,47,Male,Delhi,27.8,No,Sedentary,Vegetarian,Current,Never,6.9,6,259,8.3,132,80,118.8,High,High
1414,18,Male,Bengaluru,16.4,No,Active,Non-Vegetarian,Never,Never,7,5,190,7.3,116,72,85.5,Middle,Low
1415,44,Female,Ahmedabad,26,No,Sedentary,Vegetarian,Former,,7,5,181,7.2,122,92,101.3,Low,Moderate
1416,37,Male,Ahmedabad,23.3,Yes,Active,Non-Vegetarian,Never,Occasional,7,6,161,6.8,132,90,100.2,Middle,Low
1421,48,Male,Chennai,31.7,Yes,Sedentary,Non-Vegetarian,Current,Occasional,8,8,196,7.1,161,83,122.2,High,Moderate
1422,48,Male,Bengaluru,22.2,No,Active,Non-Vegetarian,Never,Occasional,6,5,232,8.1,130,88,101.9,Middle,High
1423,60,Female,Ahmedabad,19.9,No,Active,Non-Vegetarian,Never,Regular,8.2,4,210,6.3,140,104,90.5,Low,Moderate
1428,49,Male,Hyderabad,20.3,No,Sedentary,Non-Vegetarian,Never,Occasional,5,10,157,7.2,140,88,94.4,High,Low
1429,60,Female,Hyderabad,19.4,No,Moderate,Vegetarian,Never,Never,7.3,6,165,6.9,127,70,91.9,Middle,Moderate
1432,54,Female,Ahmedabad,20.4,No,Moderate,Vegan,Never,,8.2,1,113,5.8,130,70,88.6,,Low
1435,63,Female,Bhopal,24.9,No,Sedentary,Non-Vegetarian,Never,,7,7,197,7.5,150,100,104.2,Middle,High
1441,26,Female,Delhi,21.4,No,Moderate,Non-Vegetarian,Current,,7,8,116,5.3,149,88,94,High,Low
1442,48,Female,Bengaluru,21.1,No,Active,Vegetarian,Current,,8,8,158,6.5,136,91,94.6,Low,Low
1443,55,Male,Delhi,21.3,No,Moderate,Non-Vegetarian,,Never,5,9,255,8.3,140,92,99.9,High,High
1445,47,Female,Chennai,24.4,Yes,Sedentary,Non-Vegetarian,Never,Regular,6,9,307,8.7,148,74,92.9,Low,High
1447,44,Male,Hyderabad,20.4,No,Sedentary,Vegetarian,Never,Regular,6,8,173,7,140,80,96.1,Middle,Low
1448,47,Male,Chennai,22.4,No,Active,Vegetarian,Current,Occasional,6,8,192,7.6,140,100,103.3,Middle,Moderate
1451,56,Male,Delhi,22.6,Yes,Moderate,Vegetarian,Never,Never,7,10,202,8.2,160,94,102,High,Moderate
1452,45,Female,Bengaluru,22.7,Yes,Moderate,Non-Vegetarian,Never,Never,6,8,182,7.6,136,90,91,High,Moderate
1457,52,Male,Delhi,27.8,No,Active,Non-Vegetarian,Former,Regular,7.1,3,164,6.3,160,80,116.5,Middle,Low
1458,40,Female,Hyderabad,24.9,Yes,Moderate,Non-Vegetarian,Former,,8,6,167,6.4,150,80,99.1,Middle,Low
1459,38,Female,Chennai,17,Yes,Moderate,Non-Vegetarian,Never,Occasional,9,7,202,7.2,140,90,82.9,High,Moderate
1460,57,Female,Chennai,22.8,Yes,Moderate,Non-Vegetarian,Never,Occasional,5.5,7,181,6.7,150,80,100.4,Middle,Moderate
1464,37,Female,Bengaluru,15.3,No,Active,Vegetarian,Never,,8,6,145,6.4,140,80,80.8,Middle,Low
1465,53,Male,Bengaluru,29.6,No,Sedentary,Vegetarian,,Regular,6,5,167,6.7,150,86,121.4,Middle,Moderate
1466,42,Female,Bengaluru,24.4,Yes,Sedentary,Non-Vegetarian,Never,Occasional,5.7,7,192,7.3,140,88,103.4,Middle,Low
1468,39,Male,Bengaluru,22.2,No,Active,Non-Vegetarian,,Occasional,5,7,154,6.3,116,80,99.4,Low,Low
1469,41,Male,Ahmedabad,20.8,Yes,Moderate,Vegetarian,Current,Never,7,1,142,6.1,110,84,95.3,Middle,Low
1470,51,Male,Chennai,29.7,Yes,Active,Non-Vegetarian,Current,Never,8,3,166,7.5,150,100,117.6,Middle,Low
1471,51,Female,Bengaluru,22.8,No,Active,Vegetarian,Never,,7.5,2,220,6.6,140,81,94.7,Middle,Low
1472,44,Female,Bengaluru,21.7,No,Active,Vegetarian,Never,Regular,7,7,153,6.9,140,91,94.5,Middle,Low
1482,48,Female,Hyderabad,30.5,Yes,Sedentary,Vegetarian,Never,,8,4,165,6.8,140,90,124.5,Middle,Low
1485,47,Male,Delhi,34.2,Yes,Sedentary,Vegetarian,Never,Occasional,7,9,198,6.9,160,90,133.4,Low,Moderate
1487,39,Female,Delhi,23.8,No,Moderate,Non-Vegetarian,Never,,7.5,4,141,6.4,120,88,101.9,Low,Moderate
1490,50,Female,Delhi,23.4,Yes,Sedentary,Non-Vegetarian,Never,Never,7,7,174,6.9,141,94,99.8,Middle,Low
1492,26,Female,Ahmedabad,23.5,No,Active,Vegetarian,Never,Never,8.5,3,114,5.3,110,80,98.4,Low,Low
1493,54,Male,Delhi,20.1,No,Moderate,Non-Vegetarian,Current,Never,8,6,171,7.3,144,79,96,Middle,Low
1496,24,Female,Ahmedabad,22.8,No,Moderate,Non-Vegetarian,Current,Never,7,7,103,5.7,128,80,92.4,Middle,Low
1499,45,Female,Delhi,26.4,No,Sedentary,Vegetarian,Never,Occasional,8.3,9,149,6.9,160,80,104.5,High,Low
1503,49,Male,Delhi,25.8,No,Moderate,Non-Vegetarian,Never,Never,9,6,164,6.7,140,90,108,Middle,Moderate
1507,49,Female,Delhi,17.1,No,Active,Non-Vegetarian,Current,Regular,8,6,239,7.8,150,80,81.3,Middle,Moderate
1508,42,Male,Delhi,19.7,Yes,Sedentary,Non-Vegetarian,Never,Occasional,9,6,145,6.5,128,78,93.8,High,Low
1510,36,Female,Ahmedabad,28.2,No,Moderate,Vegetarian,Never,Occasional,6.4,8,186,7.5,126,90,111.5,Middle,Moderate
1514,29,Female,Bhopal,18.8,No,Active,Vegetarian,Current,Occasional,7,5,171,7.2,134,84,87.3,Middle,Low
1520,42,Female,Delhi,23.1,No,Moderate,Non-Vegetarian,Current,,8,5,117,5.7,136,80,98.4,High,Low
1521,39,Male,Delhi,17,No,Active,Non-Vegetarian,Current,,8,4,152,6.4,114,82,88.7,High,Low
1523,50,Female,Bengaluru,24.3,Yes,Moderate,Non-Vegetarian,Current,Occasional,6,6,145,6.3,136,92,97.5,Middle,Low
1528,28,Male,Hyderabad,17.4,No,Active,Vegetarian,Never,Never,6,10,157,6.6,120,80,89.9,High,Low
1530,44,Female,Ahmedabad,20.3,Yes,Sedentary,Non-Vegetarian,Current,,7,7,158,6.7,148,80,92.9,High,Low
1531,54,Female,Delhi,25.7,No,Moderate,Non-Vegetarian,Current,Never,6,6,152,6.3,150,90,106.2,High,Low
1536,35,Male,Bengaluru,27.2,No,Moderate,Non-Vegetarian,Current,Regular,7.4,6,196,7.1,123,88,108.9,Middle,Low
1542,42,Female,Delhi,27.4,No,Sedentary,Non-Vegetarian,Former,,6,9,214,8.3,166,88,105.4,High,High
1545,55,Male,Bengaluru,22,Yes,Moderate,Vegetarian,Current,Never,6,7,159,6.7,140,78,99.4,Middle,Low
1546,60,Female,Hyderabad,19.9,No,Active,Vegetarian,Never,Never,7.2,6,269,8.9,168,78,94.6,Middle,High
1547,46,Female,Delhi,25.7,Yes,Sedentary,Vegetarian,Never,,4,7,155,6.8,150,80,97.4,Middle,Low
1551,45,Female,Ahmedabad,22,No,Active,Vegetarian,Never,Occasional,8.5,3,246,7.8,140,69,93.8,Low,High
1552,59,Female,Delhi,27.4,No,Moderate,Vegetarian,Never,,7,4,204,7.2,150,79,105.5,Middle,Moderate
1555,50,Female,Ahmedabad,19.5,No,Active,Pescatarian,Never,Never,8,7,157,6.9,140,100,84.3,Middle,Low
1560,59,Male,Bengaluru,23.1,No,Active,Vegetarian,Former,Regular,6,10,113,6,160,90,105.3,Middle,Low
1563,28,Female,Bengaluru,22.7,No,Sedentary,Pescatarian,Never,,7.5,5,158,6.9,130,78,100.1,Low,Low
1564,39,Female,Bengaluru,19.6,No,Sedentary,Vegetarian,Never,,6,8,142,6.3,155,90,90.4,Middle,Low
1565,35,Female,Ahmedabad,25.5,Yes,Moderate,Vegetarian,Never,Occasional,8,5,150,6,144,84,102.8,Middle,Low
1566,51,Female,Bengaluru,21.5,No,Moderate,Non-Vegetarian,Never,,8.1,7,158,6.9,140,96,91.3,Middle,Low
1567,49,Female,Ahmedabad,21.6,No,Moderate,Non-Vegetarian,Former,Never,6,5,162,6.6,120,80,93.9,Middle,Moderate
1568,53,Male,Chennai,22.7,Yes,Moderate,Non-Vegetarian,Never,Occasional,7,7,182,7.3,145,90,102.7,High,Low
1570,37,Female,Delhi,24.1,No,Active,Vegetarian,Never,,6,7,174,7,120,80,99.5,Low,Moderate
1572,35,Female,Ahmedabad,19,Yes,Active,Non-Vegetarian,Never,Never,9,5,150,6.7,120,76,86.1,High,Low
1573,60,Male,Bengaluru,20.9,No,Sedentary,Non-Vegetarian,Current,Occasional,6.5,8,157,6.5,140,110,98.7,Middle,Low
1574,41,Male,Hyderabad,19.7,No,Moderate,Non-Vegetarian,Never,Regular,7,7,162,6.6,150,93,95.3,Middle,Low
1575,39,Male,Delhi,18.8,No,Active,Vegetarian,,Occasional,6,9,180,6.5,120,80,92.3,High,Low
1576,53,Male,Delhi,25.1,Yes,Active,Vegetarian,Never,Regular,9,4,145,6.4,148,80,111,High,Low
1577,43,Other,Ahmedabad,21.2,No,Moderate,Non-Vegetarian,Current,Occasional,6,6,157,6.6,142,90,101.2,Low,Low
1578,56,Female,Bengaluru,27,Yes,Sedentary,Non-Vegetarian,Never,Occasional,7,8,226,7.8,170,92,106.3,Middle,Moderate
1579,35,Female,Ahmedabad,17.4,Yes,Active,Vegetarian,Never,,10.1,4,169,6.8,150,80,85.6,Middle,Low
1581,53,Female,Delhi,23,No,Moderate,Non-Vegetarian,Current,Never,7.7,9,167,6.5,148,88,94.5,Middle,Moderate
1582,43,Female,Hyderabad,15.8,No,Moderate,Non-Vegetarian,Never,Never,9,2,161,6.1,136,63,77.7,High,Low
1583,44,Female,Hyderabad,20.7,Yes,Moderate,Vegan,Never,Occasional,6.5,7,312,9.6,138,80,91.3,High,High
1587,47,Female,Bhopal,27.6,No,Moderate,Vegetarian,Never,,9,7,199,7.6,144,91,111.8,Middle,Moderate
1588,60,Female,Chennai,21.1,No,Sedentary,Non-Vegetarian,Never,,8,5,150,7.3,160,90,93.5,Low,Moderate
1590,66,Female,Bhopal,18.2,No,Moderate,Pescatarian,Never,Regular,8,4,188,7.2,144,100,85.7,Middle,Moderate
1591,50,Female,Delhi,25.6,Yes,Sedentary,Non-Vegetarian,Never,Never,6,9,201,7.8,153,92,104.3,Low,High
1592,18,Female,Bengaluru,26.8,Yes,Active,Non-Vegetarian,Never,Never,8,7,181,6.9,140,89,102.5,Middle,Low
1594,32,Male,Chennai,20.1,No,Active,Non-Vegetarian,Never,Never,8,7,150,5.9,120,80,96.1,High,Low
1595,26,Female,Delhi,19.7,Yes,Active,Non-Vegetarian,Never,Never,6.2,8,167,7.1,134,90,86.7,Middle,Low
1596,45,Male,Bhopal,30.2,Yes,Moderate,Vegetarian,Never,Never,7,6,256,8.5,132,90,121.3,Middle,High
1597,52,Male,Hyderabad,22.4,No,Sedentary,Non-Vegetarian,Never,Occasional,5.5,7,148,6.4,144,80,100.7,High,Low
1599,54,Male,Delhi,20.1,No,Sedentary,Non-Vegetarian,Never,Regular,6,9,136,5.8,144,85,95,High,Low
1602,35,Male,Hyderabad,18.5,No,Active,Non-Vegetarian,Former,Occasional,8,3,99,5.4,144,73,94.5,High,Low
1604,46,Female,Hyderabad,23.1,No,Active,Vegetarian,,Never,6.5,5,181,6.9,150,90,95.3,Middle,Low
1605,35,Male,Delhi,19.2,No,Moderate,Vegetarian,Never,,7,10,132,5.8,130,82,95.7,,Low
1607,46,Female,Hyderabad,36.6,Yes,Sedentary,Vegetarian,Never,Occasional,7.5,7,204,8,150,80,137.2,High,High
1608,37,Female,Delhi,20.2,Yes,Moderate,Non-Vegetarian,Former,,8,5,193,7.6,138,84,94.3,Middle,High
1609,50,Male,Bengaluru,23.7,Yes,Moderate,Non-Vegetarian,Former,Never,7,9,171,6.6,130,90,105.2,High,Low
1611,36,Female,Ahmedabad,26.7,No,Moderate,Vegetarian,Never,,8,5,185,7.5,150,76,113.7,Low,Low
1615,41,Male,Bengaluru,15,No,Active,Non-Vegetarian,Never,Occasional,6.4,10,217,7.6,120,77,81.5,Middle,Moderate
1619,48,Female,Bengaluru,28.7,No,Moderate,Non-Vegetarian,Never,,7,2,164,7.3,150,80,117.4,Middle,Moderate
1620,31,Male,Bhopal,18.5,No,Active,Vegetarian,Never,Occasional,7,4,155,6.3,136,84,90.1,Low,Low
1628,35,Female,Ahmedabad,33.8,Yes,Sedentary,Vegetarian,Never,,8,3,180,7.9,130,80,121.4,Middle,Moderate
1637,29,Male,Bengaluru,16.9,Yes,Active,Vegetarian,Never,Occasional,7,4,135,6.4,110,100,88.3,High,Low
1641,55,Female,Delhi,37.2,No,Sedentary,Non-Vegetarian,Never,,7,6,194,7.3,144,100,132.1,High,High
1642,38,Male,Bengaluru,19.2,No,Moderate,Non-Vegetarian,Never,,9.6,7,118,5.8,146,90,89,High,Low
1644,42,Female,Hyderabad,19.4,Yes,Active,Vegetarian,Former,Occasional,7.3,5,124,5.5,140,90,87.9,Middle,Low
1647,43,Male,Delhi,18.8,Yes,Moderate,Non-Vegetarian,Never,Occasional,7,6,164,6.9,140,82,94.2,Middle,Low
1648,38,Male,Hyderabad,20.3,No,Moderate,Vegetarian,Never,Never,7,7,110,5.8,138,90,98.4,Middle,Low
1649,42,Male,Bengaluru,29.7,Yes,Sedentary,Vegetarian,Never,Regular,8,9,160,6.2,160,84,121.6,Low,Low
1651,55,Female,Hyderabad,22,Yes,Active,Vegetarian,Never,Never,8,4,175,7.1,130,70,91.4,Low,Moderate
1655,62,Female,Hyderabad,29.6,No,Sedentary,Non-Vegetarian,Never,,6.9,7,174,6.8,160,80,113.5,High,Low
1656,47,Female,Hyderabad,29.6,No,Sedentary,Non-Vegetarian,Never,,6.7,7,212,8.1,133,94,116.5,Low,High
1660,47,Female,Bengaluru,24.2,No,Sedentary,Vegetarian,Current,Occasional,7,9,186,7.3,156,100,98.4,Middle,Low
1661,27,Female,Bengaluru,19.6,Yes,Active,Non-Vegetarian,Never,,7.3,6,157,5.9,130,86,89.5,Middle,Low
1662,55,Male,Ahmedabad,25.9,No,Sedentary,Vegetarian,Current,,8,5,160,6.5,148,90,116,High,Low
1670,46,Female,Chennai,20.6,No,Active,Vegetarian,Former,Never,7,7,191,7.4,148,84,94,High,High
1673,48,Male,Chennai,17.9,No,Active,Vegetarian,Never,Never,6.3,5,140,5.8,147,80,86.5,Middle,Low
1674,44,Male,Delhi,19.9,No,Active,Non-Vegetarian,Never,Occasional,9.5,6,158,6.1,151,80,96.1,Middle,Low
1675,32,Female,Hyderabad,19.4,Yes,Active,Vegetarian,Current,Occasional,7,9,185,7,144,88,90.4,Middle,Moderate
1678,31,Male,Delhi,18.4,No,Active,Non-Vegetarian,Current,Occasional,8.5,4,154,6.5,140,90,94.2,Middle,Low
1680,49,Male,Delhi,24.8,Yes,Sedentary,Vegetarian,Never,Never,7,4,167,6.5,142,85,106.1,Middle,Low
1681,52,Male,Bengaluru,20.5,No,Moderate,Non-Vegetarian,Current,Never,7,6,135,6.4,124,88,97.9,Middle,Low
1682,56,Male,Ahmedabad,19.6,No,Active,Pescatarian,Never,Never,9,3,160,7.2,140,80,95.7,Middle,Moderate
1683,50,Male,Hyderabad,22.2,Yes,Active,Vegetarian,Never,Never,8,6,190,7.3,150,90,98.5,Middle,High
1687,52,Male,Chennai,18.5,No,Active,Vegetarian,Former,Occasional,7.5,5,167,7.1,150,84,90.6,Low,Low
1688,56,Female,Delhi,22,Yes,Sedentary,Non-Vegetarian,Never,Occasional,7,7,230,8.2,139,80,91.5,Middle,High
1689,54,Male,Delhi,20.9,Yes,Moderate,Non-Vegetarian,Never,Occasional,7.8,8,247,8.7,150,90,98.7,High,High
1691,44,Female,Delhi,22.4,No,Sedentary,Non-Vegetarian,Never,,8.1,6,167,6.7,130,80,89.1,Middle,Moderate
1693,44,Female,Ahmedabad,15.1,Yes,Active,Vegetarian,Never,Never,7,8,115,5.6,128,80,81.4,High,Low
1695,55,Female,Delhi,20.6,No,Active,Non-Vegetarian,Never,,6,7,102,5.6,147,92,92.5,High,Low
1696,36,Male,Bhopal,23.6,Yes,Active,Non-Vegetarian,Current,Occasional,7.5,5,141,6.6,130,80,102.9,Low,Low
1697,42,Female,Ahmedabad,21.9,No,Moderate,Vegetarian,Never,Occasional,9,6,115,5.8,130,90,93.5,Low,Low
1698,46,Male,Ahmedabad,28.5,Yes,Active,Pescatarian,Never,Occasional,8,5,145,6.5,140,92,113.2,Middle,Low
1699,55,Male,Chennai,30.6,Yes,Sedentary,Non-Vegetarian,Former,Occasional,7,5,206,7.5,160,90,126.4,Middle,Moderate
1705,44,Female,Hyderabad,22.7,Yes,Active,Non-Vegetarian,Never,Never,6.9,4,145,6.6,146,80,98.2,,Low
1708,24,Male,Bengaluru,28,Yes,Moderate,Vegetarian,Current,Occasional,6.3,8,137,6.4,139,80,118,Middle,Low
1709,50,Other,Chennai,35.3,No,Moderate,Non-Vegetarian,Never,Never,6.6,10,201,7.6,152,96,126.7,High,High
1710,36,Male,Delhi,23,No,Moderate,Vegan,Current,Never,7,7,167,6.9,132,74,98.3,Middle,Low
1711,33,Female,Bhopal,19.4,Yes,Moderate,Non-Vegetarian,Never,,8,6,215,8.8,144,82,85.9,Low,High
1713,24,Male,Hyderabad,24.9,No,Sedentary,Non-Vegetarian,Former,Never,6,6,115,6,116,90,110.2,High,Low
1714,38,Female,Bengaluru,25.3,Yes,Moderate,Non-Vegetarian,Current,Regular,8.9,8,182,7.3,159,80,100.2,Middle,Moderate
1715,54,Male,Delhi,20.1,No,Active,Non-Vegetarian,Never,Occasional,8,5,190,7.6,150,91,90.4,Middle,Moderate
1717,56,Male,Hyderabad,25.7,Yes,Sedentary,Vegetarian,Never,Occasional,6,4,147,6.3,150,100,109.8,Middle,Low
1718,57,Female,Bengaluru,17.5,No,Active,Non-Vegetarian,Never,Occasional,7,7,172,7.6,160,80,81.7,High,High
1720,45,Male,Delhi,19,No,Active,Non-Vegetarian,Never,Regular,6,8,135,6.6,146,100,96.8,Middle,Low
1721,43,Male,Delhi,19.1,No,Active,Vegetarian,Never,Never,7,10,152,6.4,150,83,95.1,High,Low
1722,62,Male,Bengaluru,18,No,Active,Non-Vegetarian,Former,Never,7,7,128,5.9,155,100,93.5,Middle,Low
1723,43,Female,Delhi,28.9,Yes,Moderate,Non-Vegetarian,Never,,6.7,10,242,8.9,149,90,114.3,Middle,High
1728,42,Male,Delhi,19.9,No,Sedentary,Vegetarian,Current,,6,10,188,7.1,140,80,98.1,High,Moderate
1731,54,Female,Delhi,29.5,No,Sedentary,Vegetarian,Current,,7,6,146,6.5,152,89,105.8,Middle,Moderate
1732,52,Female,Bengaluru,18.3,No,Active,Non-Vegetarian,Never,,7,5,164,6.7,140,90,86.6,Middle,Low
1734,57,Male,Delhi,25.7,No,Moderate,Vegetarian,Former,,7,9,163,7.3,150,80,114.2,Low,Moderate
1740,26,Male,Delhi,31,Yes,Moderate,Vegetarian,Current,Occasional,7,6,240,8.4,140,90,127.8,Middle,Moderate
1741,52,Male,Bengaluru,18.5,No,Moderate,Vegetarian,Current,Never,6,8,188,7.4,144,88,89.6,Middle,Moderate
1743,54,Female,Hyderabad,15.4,No,Active,Non-Vegetarian,Never,Occasional,7,7,145,6.5,145,80,78.6,High,Low
1744,42,Female,Delhi,23.5,No,Sedentary,Vegetarian,Current,,7,7,176,7.6,140,80,98.3,High,Moderate
1745,52,Female,Bhopal,21.2,No,Active,Vegetarian,Never,,6,4,169,6.9,128,80,92.3,,Moderate
1749,52,Female,Bengaluru,27.7,No,Sedentary,Non-Vegetarian,Current,Never,7,7,201,7.8,150,84,111.1,Middle,High
1750,42,Female,Ahmedabad,25.7,No,Sedentary,Non-Vegetarian,Never,,8,4,136,6.5,137,92,100.7,Middle,Low
1752,54,Male,Delhi,20.2,Yes,Active,Non-Vegetarian,,,6,7,160,6.8,140,80,95.7,High,Low
1753,50,Male,Ahmedabad,22.9,No,Moderate,Non-Vegetarian,Never,Never,8.2,6,229,7.4,130,84,102.6,Middle,High
1755,55,Male,Bengaluru,21,Yes,Moderate,Non-Vegetarian,Never,Occasional,8,5,158,6.8,137,90,97.6,Middle,Low
1757,46,Female,Hyderabad,26.6,No,Moderate,Non-Vegetarian,Never,Never,7.5,4,120,6.1,150,80,104.6,Middle,Low
1758,44,Male,Ahmedabad,22.5,Yes,Active,Non-Vegetarian,Former,,7.5,6,174,7,140,92,102.3,Middle,Moderate
1761,29,Male,Delhi,21.1,No,Active,Vegetarian,Never,Never,7,3,119,6.1,120,80,95.1,Middle,Low
1763,52,Male,Chennai,23.8,No,Active,Vegetarian,Never,Regular,6.6,3,156,6.6,142,88,104.2,High,Low
1764,36,Female,Chennai,24,No,Active,Vegetarian,Never,,8,8,166,6.8,135,88,102.6,High,Low
1766,42,Male,Delhi,19.3,No,Moderate,Non-Vegetarian,Never,Occasional,6,9,166,6.9,154,95,94.3,High,Moderate
1767,19,Female,Chennai,20.8,No,Moderate,Non-Vegetarian,Never,Occasional,5,5,129,6.5,116,86,89.5,High,Low
1768,56,Male,Hyderabad,30,Yes,Sedentary,Non-Vegetarian,Current,Never,6.9,5,160,6.1,140,88,120.7,Middle,Low
1772,20,Female,Delhi,20.3,Yes,Active,Vegetarian,Former,Never,7,7,145,5.9,120,90,90.3,High,Low
1773,60,Male,Delhi,20.1,Yes,Sedentary,Non-Vegetarian,Never,Never,7,9,220,7.7,164,86,99.2,Middle,High
1776,37,Male,Hyderabad,18.2,No,Sedentary,Vegetarian,Current,Never,6,10,164,6.7,128,80,89.2,High,Low
1777,43,Female,Bengaluru,24.2,Yes,Sedentary,Vegetarian,Never,,5.5,10,193,6.7,133,90,95.9,High,Moderate
1785,50,Male,Ahmedabad,20.2,No,Moderate,Vegetarian,Current,Never,8,6,150,6.5,140,80,97,High,Low
1786,39,Male,Bhopal,22,No,Moderate,Non-Vegetarian,Never,,9,9,146,6.5,150,88,102.4,Low,Low
1787,56,Male,Ahmedabad,23.3,No,Sedentary,Non-Vegetarian,Never,Occasional,8.6,4,195,7.9,137,84,105,Middle,Low
1789,48,Female,Delhi,22.6,No,Active,Pescatarian,Never,Occasional,8,8,164,6.5,128,92,98,High,Low
1792,53,Female,Hyderabad,20.1,Yes,Moderate,Pescatarian,Never,,7.1,7,230,7.3,154,90,91.7,Low,Moderate
1796,45,Male,Ahmedabad,19.2,Yes,Sedentary,Vegetarian,Never,Never,7,6,192,6.8,144,90,94.6,Middle,Moderate
1797,60,Male,Chennai,25.3,No,Active,Non-Vegetarian,Former,Occasional,6,6,157,6.7,118,90,107.9,High,Moderate
1800,47,Male,Ahmedabad,25.9,No,Sedentary,Non-Vegetarian,Never,Occasional,8,2,235,8,136,80,111.2,Middle,High
1802,54,Male,Ahmedabad,24.9,No,Active,Vegetarian,Never,Never,9,8,175,7.6,150,91,108.3,High,Moderate
1807,66,Female,Bengaluru,17.9,No,Active,Non-Vegetarian,Never,,7,6,177,6.7,160,90,85,Middle,Low
1808,57,Female,Bengaluru,17,Yes,Active,Vegetarian,Former,Occasional,6,5,172,7,148,90,80.2,High,Low
1815,56,Male,Chennai,26,No,Sedentary,Vegetarian,,Occasional,8,6,183,7.4,140,84,103.3,High,Moderate
1816,46,Male,Hyderabad,25.5,No,Sedentary,Non-Vegetarian,Never,Occasional,6,8,161,6.9,140,80,107.5,High,Moderate
1817,30,Male,Hyderabad,15.4,No,Active,Pescatarian,Never,Occasional,5.5,9,169,6.3,130,80,80.3,High,Low
1823,65,Female,Ahmedabad,23.5,No,Moderate,Non-Vegetarian,,Regular,7,8,181,7.3,158,90,104.2,High,Moderate
1824,50,Male,Delhi,23.6,No,Moderate,Vegetarian,,Never,7,10,176,6.5,160,100,106.4,High,Low
1826,51,Male,Delhi,24.5,Yes,Sedentary,Vegetarian,Current,Never,7.5,6,172,6.7,140,84,105.4,Middle,Moderate
1828,43,Male,Chennai,25.1,Yes,Sedentary,Non-Vegetarian,Never,Never,8,3,188,6.6,140,84,109.1,Middle,Moderate
1830,55,Male,Ahmedabad,24.6,No,Sedentary,Vegetarian,Never,Never,8,6,185,7.7,165,92,109.8,Middle,Low
1834,46,Female,Hyderabad,25.9,No,Sedentary,Non-Vegetarian,Never,,5.8,5,158,7.1,144,76,106.4,Low,Low
1836,52,Male,Ahmedabad,23.7,No,Sedentary,Non-Vegetarian,Current,Regular,8,3,126,6.1,120,80,108.4,,Low
1837,36,Male,Hyderabad,27.1,No,Moderate,Vegetarian,Never,Occasional,7,9,185,7.3,150,80,106.3,High,Moderate
1838,49,Female,Chennai,20.5,No,Moderate,Non-Vegetarian,Current,Never,9,7,167,7.4,134,91,89.6,Middle,Moderate
1839,54,Male,Hyderabad,31.1,No,Moderate,Vegetarian,Never,Occasional,6.5,6,199,6.6,148,87,123.8,Middle,Moderate
1840,58,Male,Ahmedabad,20.9,No,Moderate,Non-Vegetarian,Never,Regular,8,6,202,7.7,132,70,97,Middle,Moderate
1844,54,Male,Ahmedabad,23.8,No,Active,Vegetarian,Never,Never,7.5,7,248,7.7,140,76,105.2,Low,High
1845,55,Female,Delhi,29.1,Yes,Moderate,Non-Vegetarian,Never,,8,5,198,7.7,140,90,114.1,Middle,Low
1850,54,Male,Delhi,23.5,No,Active,Vegetarian,Never,Never,6.6,2,284,8.1,120,68,102,Middle,High
1851,35,Female,Ahmedabad,24.5,Yes,Moderate,Non-Vegetarian,Never,Never,7,8,206,7.7,160,97,102.1,Middle,Moderate
1853,39,Male,Chennai,22.3,No,Sedentary,Non-Vegetarian,Never,,9,5,148,6.2,130,84,103.7,Low,Low
1859,49,Female,Bhopal,16.3,No,Active,Vegetarian,Never,Occasional,7,1,183,7.6,130,84,78.5,Low,Low
1861,47,Male,Bengaluru,24.6,Yes,Sedentary,Vegetarian,Current,Never,6,9,162,5.9,150,80,107.3,Middle,Low
1863,45,Male,Chennai,19,No,Moderate,Vegetarian,Former,,7.2,7,143,5.9,140,88,92.2,,Low
1864,39,Male,Bhopal,16.2,Yes,Active,Non-Vegetarian,Never,Occasional,8,6,275,8.2,130,84,84.4,Middle,High
1865,33,Male,Hyderabad,21.7,No,Moderate,Pescatarian,Never,,9,7,163,6.6,115,95,94.5,Middle,Moderate
1868,38,Female,Chennai,18.9,Yes,Active,Non-Vegetarian,Current,Occasional,7.5,7,147,6.3,131,83,85.1,Middle,Low
1872,57,Female,Delhi,23.3,No,Sedentary,Vegetarian,Never,,7.5,8,172,6.9,150,100,96.8,High,Low
1876,35,Male,Hyderabad,25.4,Yes,Sedentary,Non-Vegetarian,Current,Never,6,7,202,7.3,150,98,105.8,Middle,Low
1878,58,Male,Chennai,30,No,Moderate,Non-Vegetarian,Never,Occasional,7,7,169,6.6,150,94,116.5,Middle,Moderate
1880,43,Male,Bengaluru,24.7,No,Moderate,Non-Vegetarian,Never,Occasional,9,4,166,6.7,148,80,104.3,,Low
1883,44,Female,Delhi,24.9,No,Sedentary,Non-Vegetarian,Never,Never,8,7,131,6.2,140,85,104.3,High,Low
1884,47,Male,Hyderabad,31,No,Sedentary,Non-Vegetarian,Never,Never,8,6,271,9,150,80,122.3,High,High
1885,53,Female,Hyderabad,28.5,No,Sedentary,Non-Vegetarian,Never,,7.4,6,129,5.7,150,87,107.7,Middle,Low
1888,49,Female,Ahmedabad,26.5,No,Sedentary,Vegetarian,Never,Occasional,6,10,208,8.2,161,80,108.1,Low,Moderate
1890,48,Male,Delhi,17.5,No,Active,Vegetarian,Former,Never,7,4,132,5.4,140,90,86.1,Middle,Low
1891,50,Male,Delhi,28.9,Yes,Sedentary,Vegetarian,Never,Occasional,9,5,190,7.1,140,82,118.8,High,Low
1892,59,Female,Delhi,21.2,No,Moderate,Pescatarian,Never,Occasional,7,4,148,6.3,148,76,88,Middle,Moderate
1896,45,Male,Bengaluru,23.1,No,Active,Vegetarian,Never,Never,5,6,153,6.9,150,72,104.9,Low,Low
1899,50,Female,Delhi,16.7,No,Active,Non-Vegetarian,Current,Never,7.5,5,161,6.9,150,80,84.9,Middle,Low
1903,39,Female,Delhi,21.6,Yes,Moderate,Vegetarian,Never,Occasional,7.2,8,200,7.1,130,91,88.8,High,Moderate
1904,50,Male,Bengaluru,25.8,No,Sedentary,Vegetarian,Never,Never,7,8,154,6.6,154,98,108.2,High,Low
1906,60,Male,Delhi,32.8,No,Sedentary,Vegetarian,Former,Regular,9,4,180,6.5,160,95,125.1,Low,Low
1908,39,Male,Delhi,21.5,No,Active,Non-Vegetarian,Former,Occasional,5.9,10,199,8,140,84,101.7,Middle,Low
1909,36,Female,Ahmedabad,25.3,Yes,Active,Non-Vegetarian,,Never,6.7,5,153,6.7,146,74,103,Middle,Low
1910,73,Female,Ahmedabad,24.1,No,Sedentary,Non-Vegetarian,Former,,7,8,183,7.4,152,96,101.8,Middle,Moderate
1911,24,Male,Ahmedabad,24.2,No,Sedentary,Non-Vegetarian,Never,Never,8,5,146,6.5,130,80,103.5,Middle,Low
1912,19,Female,Bengaluru,22.9,No,Moderate,Non-Vegetarian,Never,,5.5,8,137,6.3,129,80,96.8,High,Low
1913,37,Female,Delhi,25.3,Yes,Moderate,Non-Vegetarian,Never,,7,7,150,6.3,136,70,97.5,Middle,Low
1915,29,Male,Bengaluru,17.1,No,Moderate,Vegetarian,Current,Never,7,3,119,5.8,120,90,86.2,Low,Low
1919,56,Female,Delhi,15.8,Yes,Active,Vegetarian,Never,Never,8,7,165,7.3,136,90,81.8,Middle,Low
1922,50,Male,Bengaluru,26.1,Yes,Sedentary,Vegetarian,Never,Never,8,5,184,7.2,140,100,110.2,High,Low
1923,35,Male,Hyderabad,21.6,No,Active,Non-Vegetarian,Current,Occasional,6,8,145,6.6,134,82,104,Middle,Low
1924,59,Female,Bengaluru,24,No,Sedentary,Non-Vegetarian,Current,,5.8,6,161,7.5,152,100,99.9,,Moderate
1925,29,Female,Chennai,22.3,No,Active,Non-Vegetarian,Never,Occasional,6,6,171,6.5,128,72,94.4,Low,Low
1929,37,Female,Ahmedabad,19.8,No,Moderate,Vegetarian,Never,,7,6,144,6,120,88,90.5,Low,Low
1930,34,Male,Bhopal,17,No,Active,Non-Vegetarian,Never,Regular,8,1,110,5.8,120,68,85.4,Middle,Low
1931,36,Male,Chennai,17.8,No,Active,Vegetarian,Never,,7,5,139,6.4,130,80,87.1,Middle,Low
1932,53,Female,Ahmedabad,20.5,No,Moderate,Non-Vegetarian,Former,,7,1,182,6.9,136,82,90.4,Middle,Low
1934,44,Male,Delhi,19.4,Yes,Active,Vegan,Current,Never,6.9,6,182,7.6,128,80,92.1,Low,Moderate
1935,18,Female,Delhi,19.2,No,Active,Non-Vegetarian,Never,Occasional,7.5,8,153,6.3,120,72,88.8,Middle,Low
1940,52,Female,Hyderabad,28.2,No,Moderate,Non-Vegetarian,Never,,4,10,208,8.5,141,100,107.4,High,High
1945,54,Male,Hyderabad,27.1,Yes,Sedentary,Pescatarian,Current,Occasional,6,5,198,7.3,140,92,115.4,High,Low
1948,57,Female,Ahmedabad,22.9,No,Active,Non-Vegetarian,Never,,6,6,197,7.2,152,90,99.6,Middle,High
1949,36,Female,Bhopal,18.8,No,Active,Non-Vegetarian,,,6.3,5,120,5.9,120,92,92,Low,Low
1951,22,Male,Delhi,25.2,No,Moderate,Vegetarian,Former,,8,9,152,6.2,148,90,110.1,High,Low
1953,43,Male,Bengaluru,20.8,Yes,Active,Vegetarian,Never,Regular,8,4,169,7,140,90,94.3,Middle,Moderate
1954,34,Female,Ahmedabad,22,Yes,Moderate,Non-Vegetarian,Current,Occasional,10.1,4,188,7.2,130,80,97.8,Low,Moderate
1961,65,Male,Hyderabad,35.9,Yes,Sedentary,Pescatarian,Never,Never,7,6,331,9.7,180,95,130.6,High,High
1963,37,Female,Delhi,26.9,Yes,Sedentary,Vegetarian,Never,Never,7,6,163,6.9,160,70,111.4,Middle,Low
1964,43,Male,Chennai,20.1,No,Moderate,Non-Vegetarian,Never,Occasional,8,8,150,6.5,142,100,94.2,Middle,Low
1965,45,Male,Delhi,22.8,No,Moderate,Vegetarian,Never,Never,6.4,10,215,7.8,164,90,102.6,Low,High
1966,49,Female,Delhi,25.7,No,Active,Non-Vegetarian,Current,,8,5,162,6.1,140,80,106.8,Low,Low
1968,46,Male,Chennai,18.2,No,Active,Vegetarian,Former,Never,7,9,231,8.1,147,84,90,High,High
1969,57,Male,Bhopal,21.5,No,Moderate,Vegetarian,,Occasional,7,5,147,6.6,164,98,98.3,Low,Low
1971,41,Female,Ahmedabad,20.1,No,Moderate,Non-Vegetarian,Current,Never,8.2,6,132,5.6,130,90,89.4,Middle,Low
1973,48,Female,Ahmedabad,23.2,Yes,Sedentary,Non-Vegetarian,Former,Never,9,7,156,7,160,104,100.5,Low,Low
1975,64,Female,Delhi,30.6,No,Sedentary,Vegetarian,Never,Never,8,6,218,8,140,80,119.9,,High
1977,47,Male,Hyderabad,19,No,Active,Vegetarian,Current,Never,9,4,175,7.1,130,80,93.3,Middle,Low
1978,42,Female,Chennai,25.2,Yes,Sedentary,Vegetarian,Never,,8.4,7,134,6,144,77,103.6,High,Low
1979,48,Male,Delhi,17.6,No,Active,Vegetarian,Never,Occasional,5,8,157,7,140,88,84.7,Middle,Low
1980,51,Male,Delhi,21.6,No,Moderate,Non-Vegetarian,Current,Regular,5,6,212,7.5,146,70,100.4,Middle,High
1982,35,Female,Delhi,24.6,Yes,Sedentary,Vegetarian,Never,,7.5,5,148,6.7,140,90,101.7,High,Low
1983,64,Male,Hyderabad,21.3,No,Moderate,Non-Vegetarian,Current,Occasional,6.7,6,169,6.1,150,99,98.7,Middle,Low
1984,36,Female,Bhopal,20.4,No,Active,Non-Vegetarian,Current,Never,7.5,5,95,5.3,120,87,93.6,Low,Low
1986,49,Male,Ahmedabad,20.9,No,Active,Vegetarian,Former,Never,7.8,6,172,6.9,150,87,91.7,High,Moderate
1987,47,Female,Bengaluru,26.5,No,Sedentary,Non-Vegetarian,Never,Never,6,7,138,6.2,144,82,104,Middle,Low
1988,52,Female,Chennai,23,Yes,Moderate,Vegetarian,,,7.5,4,176,6.7,130,92,100.9,Middle,Low
1996,42,Male,Delhi,17.9,Yes,Active,Vegetarian,Current,Occasional,8,5,146,6.8,112,80,82.5,Middle,Low
1998,29,Male,Chennai,23.9,No,Active,Non-Vegetarian,Never,Occasional,8,5,148,6.2,122,90,105.6,High,Low
1999,48,Male,Ahmedabad,19,No,Active,Non-Vegetarian,Never,Never,9,1,102,5.5,128,60,90.4,Middle,Low
2004,51,Female,Ahmedabad,34.1,No,Sedentary,Non-Vegetarian,Never,Occasional,7,5,192,6.7,170,100,121.4,Middle,Moderate
2007,58,Male,Bengaluru,23.8,No,Moderate,Vegetarian,Never,Never,7,10,192,7.2,150,88,104.7,High,Moderate
2011,36,Male,Chennai,16.7,No,Moderate,Non-Vegetarian,Current,Occasional,8.2,1,105,5.7,136,80,86.5,Middle,Low
2013,45,Male,Delhi,21.2,No,Active,Non-Vegetarian,Current,Occasional,9,5,116,5.8,130,92,96.6,Middle,Low
2016,45,Female,Chennai,20.3,Yes,Active,Vegetarian,Former,Occasional,9.5,5,148,6.9,132,86,87.6,Low,Low
2018,25,Female,Hyderabad,15.9,Yes,Active,Non-Vegetarian,Former,,7.1,6,158,6.9,104,90,82.3,Low,Moderate
2019,48,Male,Bengaluru,26.7,No,Sedentary,Non-Vegetarian,Never,Regular,6,9,323,10,110,98,109,Middle,High
2021,60,Female,Ahmedabad,27.6,No,Moderate,Non-Vegetarian,Current,Occasional,9,4,185,7.5,168,70,111.6,Low,Moderate
2022,52,Male,Chennai,28,No,Sedentary,Vegetarian,Never,Never,6,9,174,7.1,140,100,111.5,Middle,High
2023,40,Male,Delhi,25.7,No,Sedentary,Vegetarian,Former,Occasional,6,10,171,6.1,130,80,114.7,High,Low
2025,18,Male,Bhopal,20.1,No,Moderate,Vegetarian,Never,Occasional,5,8,162,6.9,118,80,93.4,Middle,Low
2027,29,Female,Ahmedabad,24,No,Active,Vegetarian,Never,Occasional,8,4,107,5.8,140,90,98.3,High,Low
2029,50,Female,Delhi,22.7,Yes,Sedentary,Vegan,Current,,7,9,221,7.4,140,100,95.1,High,High
2031,45,Male,Hyderabad,20.1,No,Sedentary,Non-Vegetarian,Never,,8,9,110,6.1,120,96,95.5,High,Low
2032,39,Male,Delhi,29.9,No,Sedentary,Vegetarian,Never,,8,9,206,7.1,140,90,124,High,Low
2033,48,Male,Delhi,19.3,No,Moderate,Non-Vegetarian,Never,,7.5,8,118,5.7,132,92,91.5,Middle,Low
2035,41,Female,Hyderabad,25.1,No,Active,Vegetarian,Never,,7,6,332,10.2,130,100,106.8,Low,High
2037,51,Male,Delhi,20.8,Yes,Moderate,Non-Vegetarian,Current,Never,8,5,159,6.6,140,80,100.9,Middle,Low
2039,63,Male,Bengaluru,35.4,No,Sedentary,Vegan,Former,Occasional,7.5,7,230,8,150,100,131.1,Low,High
2040,27,Female,Ahmedabad,23.9,Yes,Sedentary,Non-Vegetarian,Current,Occasional,7,6,178,7,129,92,103.7,Low,Low
2042,48,Male,Chennai,19.8,No,Moderate,Non-Vegetarian,Current,Never,7,10,157,6.7,160,90,95.3,Middle,Low
2045,47,Female,Delhi,29.7,Yes,Sedentary,Vegetarian,Never,Occasional,8,4,189,7.8,150,80,112.9,Low,High
2046,33,Male,Hyderabad,22.8,No,Moderate,Non-Vegetarian,Never,Occasional,7,3,106,5.8,120,80,97.2,Middle,Low
2047,58,Male,Hyderabad,24.6,No,Moderate,Non-Vegetarian,Current,Never,8.5,7,157,7.1,148,90,99.5,Middle,Low
2050,56,Male,Hyderabad,20.7,No,Active,Non-Vegetarian,Current,Never,6,5,163,6.7,140,80,94.5,High,Low
2051,40,Male,Ahmedabad,21.5,No,Moderate,Vegetarian,Never,,6,5,153,6.7,142,80,100,Low,Low
2052,51,Male,Bengaluru,27.8,Yes,Sedentary,Vegetarian,Never,Never,8,7,231,8.3,140,89,111.9,High,High
2053,30,Male,Delhi,22.9,Yes,Active,Non-Vegetarian,Current,Occasional,9,7,161,6.8,140,90,98.4,Low,Low
2056,31,Female,Hyderabad,20.3,No,Moderate,Non-Vegetarian,Former,,9,5,151,6.7,130,72,93.7,High,Low
2058,41,Female,Bengaluru,27,Yes,Sedentary,Vegetarian,Never,Occasional,5,10,175,7.3,140,110,106.7,High,Moderate
2059,51,Female,Hyderabad,23.4,No,Sedentary,Non-Vegetarian,Current,Never,7,6,116,5.8,140,90,98.2,High,Low
2060,47,Male,Chennai,30.9,No,Sedentary,Vegetarian,Current,Regular,6.8,6,186,7.7,150,88,121.9,High,High
2065,43,Female,Delhi,26.6,Yes,Moderate,Vegetarian,Former,Occasional,9,9,171,6.9,140,90,110.9,High,Moderate
2066,41,Female,Bengaluru,26.4,Yes,Sedentary,Non-Vegetarian,Former,,7,7,182,7.2,134,80,103.5,High,Moderate
2068,52,Female,Hyderabad,30.3,No,Active,Non-Vegetarian,Never,,7.5,8,189,7.3,150,84,119.3,Low,High
2069,30,Female,Hyderabad,20.9,Yes,Moderate,Non-Vegetarian,Current,,8,6,224,8,114,76,86.7,Middle,Moderate
2070,33,Female,Bhopal,20.9,No,Active,Non-Vegetarian,Never,,10,4,125,6.1,134,90,95.7,Middle,Low
2072,39,Female,Chennai,30.1,No,Active,Non-Vegetarian,Never,Never,6.7,4,133,6,132,84,113.7,Middle,Low
2075,48,Female,Bengaluru,23.5,No,Moderate,Non-Vegetarian,Current,,8.3,4,165,6.8,150,80,99.6,Middle,Low
2076,46,Female,Chennai,30.6,No,Moderate,Vegetarian,Never,,7.5,10,164,6.7,150,100,114.3,Middle,Moderate
2078,44,Male,Chennai,21.2,Yes,Sedentary,Vegetarian,Never,Regular,7,7,200,7.6,150,90,98.3,High,High
2081,62,Male,Delhi,25.7,No,Active,Vegetarian,Never,,8.2,4,156,6.7,124,94,108.8,High,Low
2085,52,Male,Hyderabad,23.6,No,Sedentary,Non-Vegetarian,Never,Never,8,6,173,6.3,160,102,108.7,High,Low
2086,34,Female,Bengaluru,18.4,No,Active,Vegetarian,Current,,9.4,5,161,6.6,130,78,87,Middle,Low
2089,41,Male,Hyderabad,30.8,No,Sedentary,Non-Vegetarian,Never,Occasional,7,7,265,8.4,140,80,116.2,High,High
2093,50,Female,Delhi,20.4,No,Sedentary,Vegetarian,Never,,7,5,192,7.3,120,76,89.3,,Moderate
2098,39,Female,Bengaluru,25.1,No,Sedentary,Vegetarian,Never,Occasional,7,5,128,6.1,142,80,102.2,Middle,Low
2099,34,Male,Chennai,28.6,No,Active,Non-Vegetarian,Former,Occasional,7,10,159,6.6,133,98,120.9,Middle,Low
2100,44,Male,Bengaluru,24.6,No,Sedentary,Vegetarian,Never,Never,9,8,146,6.3,160,90,104.8,Low,Low
2101,53,Female,Bengaluru,23.9,No,Active,Non-Vegetarian,Former,Never,10,6,151,6.5,144,76,101.8,High,Low
2102,43,Female,Bengaluru,22.9,Yes,Moderate,Vegetarian,Never,,6,9,164,6.7,136,81,93.3,Low,Moderate
2103,56,Male,Bengaluru,23.4,No,Sedentary,Non-Vegetarian,Never,Occasional,8,6,118,5.8,127,90,102.6,Low,Low
2106,24,Female,Delhi,27.1,No,Active,Non-Vegetarian,Never,Occasional,8,4,139,6.1,120,100,109.7,Middle,Low
2108,45,Female,Bengaluru,31.1,No,Sedentary,Vegetarian,Never,Occasional,6.4,6,170,7,144,80,124.1,High,Low
2109,43,Female,Delhi,23.3,No,Sedentary,Non-Vegetarian,Never,Never,7,5,144,6.4,134,87,96.5,Low,Moderate
2111,51,Male,Bengaluru,22.5,No,Moderate,Vegetarian,Never,Occasional,8,4,198,7,146,90,95.5,Middle,Moderate
2112,65,Female,Chennai,24.7,No,Sedentary,Non-Vegetarian,Never,,6,7,190,7.4,170,100,101.6,Middle,Moderate
2113,53,Female,Delhi,25.3,Yes,Sedentary,Non-Vegetarian,Never,,7,5,172,7.5,160,84,105.5,Low,Moderate
2115,46,Male,Delhi,28.8,No,Sedentary,Non-Vegetarian,Never,Occasional,6.5,9,175,7,144,97,114.2,Low,Low
2116,52,Female,Delhi,19.8,No,Sedentary,Non-Vegetarian,Never,Occasional,8,6,159,6.6,160,98,87.2,,Low
2117,57,Female,Hyderabad,30.3,No,Active,Non-Vegetarian,Never,Occasional,9,4,199,7.6,162,92,115.3,Middle,High
2119,18,Male,Delhi,18.9,No,Sedentary,Non-Vegetarian,Never,Never,7,6,99,5.3,136,60,94.3,Middle,Low
2122,41,Female,Hyderabad,21,No,Sedentary,Vegetarian,Never,,5.5,7,129,6,130,80,90.7,Low,Low
2123,56,Male,Bengaluru,17,Yes,Moderate,Vegetarian,,Never,8.5,8,175,7.2,140,100,88.4,Middle,Low
2124,48,Male,Bengaluru,23.7,No,Moderate,Vegetarian,Current,Occasional,8,9,164,6.3,151,100,101.9,,Low
2126,50,Female,Delhi,22.7,No,Moderate,Vegetarian,Current,Occasional,7.2,4,148,6.1,130,86,98.3,Middle,Low
2127,37,Female,Ahmedabad,30.1,No,Sedentary,Non-Vegetarian,,Occasional,7,5,117,5.3,130,97,117.3,Middle,Low
2131,46,Male,Hyderabad,23.5,No,Sedentary,Non-Vegetarian,Never,Occasional,8,7,180,6.7,130,76,101.7,High,Low
2134,45,Female,Hyderabad,15,No,Active,Non-Vegetarian,Never,Regular,7.3,4,171,6.7,156,70,80.5,Middle,Low
2135,50,Female,Delhi,19.5,No,Active,Non-Vegetarian,Never,Never,7,7,151,6,160,96,88,Middle,Low
2136,45,Male,Hyderabad,22.5,Yes,Moderate,Non-Vegetarian,Never,Never,7,8,191,6.9,152,90,95.3,Middle,Moderate
2138,33,Male,Bengaluru,32.4,No,Active,Vegetarian,,Never,7,9,162,6.4,140,100,123.8,High,Low
2141,60,Female,Delhi,21,Yes,Moderate,Non-Vegetarian,Never,,8,7,184,6.3,156,90,88.4,Middle,Low
2144,63,Male,Chennai,26.1,No,Sedentary,Vegetarian,Former,Never,6,6,161,7.1,160,80,108.3,Middle,Moderate
2145,57,Male,Bengaluru,18.6,No,Moderate,Vegetarian,Current,,8,5,143,6,144,88,91.8,High,Low
2146,37,Female,Hyderabad,23.8,Yes,Sedentary,Non-Vegetarian,Former,,6,8,169,7.4,137,88,102.1,High,Low
2147,29,Female,Ahmedabad,21,No,Moderate,Non-Vegetarian,Former,Never,6,7,156,6.7,140,72,94.4,Low,Low
2148,47,Male,Ahmedabad,27.3,No,Sedentary,Non-Vegetarian,Never,Occasional,7,6,170,7.1,148,95,115.1,Low,Low
2154,65,Female,Hyderabad,24.5,Yes,Active,Non-Vegetarian,,,7.5,7,237,8,150,90,100.5,Low,High
2157,53,Female,Ahmedabad,32.3,Yes,Sedentary,Vegetarian,Never,,8,6,232,7.4,164,100,121.9,High,High
2160,47,Male,Bhopal,21.5,No,Active,Non-Vegetarian,Never,Occasional,8,4,150,6.5,140,80,99.3,Middle,Low
2161,32,Male,Hyderabad,23.1,No,Sedentary,Vegetarian,Never,,5,9,131,5.4,152,90,102.2,Middle,Low
2164,34,Female,Hyderabad,21.9,No,Moderate,Pescatarian,Never,,7,7,105,5.4,138,77,95.3,High,Low
2165,30,Male,Ahmedabad,19.8,No,Active,Non-Vegetarian,Never,Occasional,7.5,1,179,6.7,130,80,94,Low,Low
2167,51,Female,Chennai,22.1,No,Sedentary,Non-Vegetarian,Never,Occasional,6,7,155,6.4,130,88,94.1,Middle,Low
2169,38,Male,Bhopal,20.1,Yes,Active,Vegetarian,Never,Never,7,6,123,6.2,128,80,100.9,Middle,Low
2170,51,Male,Chennai,19.8,No,Active,Vegetarian,Never,Never,5,8,147,6.2,150,89,93.5,,Low
2175,49,Male,Chennai,23.1,No,Sedentary,Non-Vegetarian,Never,Never,7,6,173,7.4,132,80,104,High,High
2176,38,Male,Ahmedabad,30.5,No,Moderate,Non-Vegetarian,Never,Never,6.5,1,135,6.1,130,80,120.5,Middle,Low
2178,36,Female,Bengaluru,17.7,No,Active,Non-Vegetarian,Never,Occasional,7,7,129,5.8,137,80,84.6,High,Low
2179,36,Female,Hyderabad,20.6,Yes,Moderate,Vegetarian,Current,Never,7,3,134,6.3,132,89,89.9,Middle,Low
2181,65,Male,Ahmedabad,32.2,Yes,Sedentary,Non-Vegetarian,Never,Never,6,8,215,7.6,160,100,124.4,Middle,High
2182,52,Female,Bhopal,17.3,Yes,Active,Non-Vegetarian,Current,Never,8.5,4,159,6.8,140,95,84.2,Low,Low
2185,18,Female,Bengaluru,20.1,No,Active,Vegetarian,Never,Occasional,8,3,118,6.1,104,70,84.7,Middle,Low
2187,36,Other,Hyderabad,18.6,Yes,Moderate,Vegetarian,Current,Occasional,6,9,189,7.2,140,90,85,Middle,Low
2189,60,Male,Ahmedabad,27.8,No,Sedentary,Non-Vegetarian,Never,Occasional,6,6,164,7.3,160,90,114.9,High,Low
2191,30,Male,Delhi,21.6,Yes,Active,Non-Vegetarian,Never,Never,6,8,200,7.6,132,74,101.6,High,Low
2192,51,Male,Delhi,26.2,No,Moderate,Non-Vegetarian,Current,Never,7.2,9,150,6.5,161,80,109,Middle,Low
2193,31,Female,Ahmedabad,23.5,No,Active,Vegetarian,Never,Never,4.4,9,258,9.4,140,90,97.8,Middle,High
2195,46,Female,Bengaluru,22.1,No,Sedentary,Vegetarian,Never,Occasional,6,6,128,6.3,144,90,99.4,High,Low
2199,41,Male,Bengaluru,21.8,No,Moderate,Pescatarian,Never,Never,6,7,156,7.2,140,90,99.9,High,Moderate
2200,49,Female,Hyderabad,22.5,Yes,Active,Vegetarian,Current,Regular,6,8,166,7.2,144,100,92.9,Middle,Moderate
2202,52,Male,Delhi,20.8,No,Moderate,Non-Vegetarian,Never,Occasional,8,5,147,7,140,86,102,Middle,Low
2204,37,Female,Bengaluru,27.6,Yes,Moderate,Non-Vegetarian,Never,,6.7,7,164,6.5,140,94,107.7,High,Moderate
2206,48,Male,Bhopal,25.7,No,Sedentary,Non-Vegetarian,Never,,7,7,184,7.8,146,90,113.3,Middle,Low
2208,56,Male,Ahmedabad,23.2,Yes,Moderate,Non-Vegetarian,Never,Never,8,3,144,6.4,150,100,102.6,Low,Moderate
2209,57,Female,Bengaluru,21.1,No,Active,Vegetarian,Never,,8.9,6,170,6.8,160,90,91.2,Low,Moderate
2210,55,Male,Delhi,19.7,No,Sedentary,Pescatarian,Never,Occasional,7,6,240,8.4,135,86,95.6,Middle,High
2215,32,Female,Delhi,24,Yes,Active,Non-Vegetarian,Never,,7,6,156,6.3,137,84,105.1,Low,Moderate
2221,41,Female,Bengaluru,20.4,No,Moderate,Vegetarian,Never,Never,9,7,190,7.5,130,70,90.3,High,Low
2224,51,Male,Chennai,29.4,No,Sedentary,Vegetarian,Former,Occasional,8,3,200,7.9,150,88,122.7,Middle,Moderate
2228,45,Female,Ahmedabad,20.3,No,Moderate,Non-Vegetarian,Never,Never,9.7,6,111,6,140,80,95.7,High,Low
2229,31,Male,Ahmedabad,24.1,Yes,Active,Vegetarian,Never,Never,7,7,165,6.9,123,80,108,Low,Low
2230,49,Female,Bhopal,25.2,No,Moderate,Non-Vegetarian,Never,Never,7,6,147,6,150,90,102.1,Middle,Low
2232,53,Female,Ahmedabad,16.9,No,Active,Non-Vegetarian,Never,,7.5,6,131,5.9,141,80,79.9,Middle,Low
2233,36,Female,Bengaluru,18.5,Yes,Moderate,Non-Vegetarian,Never,,8,10,148,6.6,150,90,87.5,High,Low
2236,41,Female,Delhi,26.9,Yes,Sedentary,Vegetarian,Current,,7,5,178,6.6,130,80,103.2,Low,Moderate
2237,45,Female,Ahmedabad,20,No,Moderate,Non-Vegetarian,Never,,7,3,165,6.9,124,70,92.6,Low,Moderate
2243,26,Female,Ahmedabad,15.2,Yes,Active,Non-Vegetarian,Never,Never,7.8,5,147,6.8,120,69,79.1,Middle,Low
2244,23,Male,Delhi,17.3,No,Active,Non-Vegetarian,Never,Occasional,8,5,165,6.5,110,80,89.1,High,Low
2247,48,Female,Chennai,30.7,Yes,Moderate,Vegetarian,Never,,7,7,187,7.3,150,100,118.9,Middle,Moderate
2249,59,Male,Delhi,25.5,Yes,Moderate,Non-Vegetarian,Never,Never,9,4,142,6.2,150,100,107.8,Middle,Low
2256,55,Male,Hyderabad,20.2,No,Moderate,Vegetarian,Never,Never,8,7,151,6.7,136,75,91.5,Middle,Moderate
2257,37,Female,Chennai,29.2,No,Sedentary,Vegetarian,Never,Never,8,8,217,7.6,140,84,111.2,Middle,High
2258,50,Male,Bengaluru,24.8,No,Moderate,Non-Vegetarian,Never,Never,7,5,220,8.3,150,80,104.3,Middle,High
2259,18,Female,Hyderabad,27.8,Yes,Moderate,Non-Vegetarian,Never,Never,8,5,224,8,124,82,111,Middle,High
2260,55,Female,Hyderabad,17.3,No,Moderate,Vegetarian,Never,Occasional,8,8,204,7.9,140,86,80.2,Middle,Moderate
2261,45,Male,Bengaluru,25.6,No,Moderate,Vegetarian,Never,Regular,6,10,218,8.3,137,104,112.4,High,High
2263,39,Male,Hyderabad,21.2,No,Active,Non-Vegetarian,Never,,7,7,164,7.2,130,90,102.8,High,Moderate
2264,36,Female,Chennai,19,No,Active,Vegetarian,Never,,9,4,101,5.4,119,76,86.7,Middle,Low
2265,56,Male,Delhi,30,Yes,Sedentary,Vegetarian,Never,Occasional,7,9,180,7.2,160,90,121.8,Middle,Moderate
2266,46,Female,Ahmedabad,25,Yes,Sedentary,Vegetarian,Never,Never,8,3,205,7.9,154,79,106,Middle,High
2268,52,Female,Hyderabad,23.2,No,Moderate,Non-Vegetarian,Current,,8,6,171,6.9,150,90,98.4,Low,Moderate
2269,43,Female,Chennai,20.1,No,Moderate,Vegetarian,Never,,7.5,7,196,6.7,144,80,91.5,High,Low
2271,42,Female,Hyderabad,23,No,Sedentary,Non-Vegetarian,Current,Occasional,6,8,189,7.3,162,90,92.4,Middle,Low
2272,46,Male,Bengaluru,17.7,No,Active,Vegetarian,Current,Occasional,7,7,214,7.1,120,80,91.8,Low,Moderate
2277,50,Female,Bengaluru,20.9,No,Moderate,Non-Vegetarian,Never,Never,7,6,168,6.6,140,90,95.7,High,Low
2278,48,Male,Delhi,23.3,No,Active,Non-Vegetarian,Never,Occasional,8,5,152,6.2,140,80,105.7,,Low
2279,56,Female,Delhi,20.2,Yes,Active,Non-Vegetarian,Former,,7,6,199,7,160,96,95.3,Low,Moderate
2281,30,Female,Hyderabad,24.6,Yes,Moderate,Non-Vegetarian,Never,Occasional,6.2,10,206,7.7,140,87,106.5,Low,High
2282,42,Female,Delhi,20.3,No,Active,Vegetarian,Never,Never,7,6,149,6.5,150,90,92.3,Middle,Low
2289,49,Male,Delhi,25.8,No,Sedentary,Non-Vegetarian,Never,Occasional,7.3,6,183,7.3,140,90,105.5,High,Moderate
2291,43,Male,Bhopal,18.8,Yes,Sedentary,Non-Vegetarian,Current,Occasional,5.6,7,174,7.7,128,84,93.9,High,Moderate
2295,45,Female,Delhi,24.8,No,Moderate,Vegetarian,Never,Occasional,7,10,165,6.1,150,100,105,Low,Low
2297,61,Male,Delhi,23.7,No,Sedentary,Non-Vegetarian,Current,,5.6,7,165,7,150,103,105.5,High,Moderate
2298,32,Female,Bengaluru,19.5,No,Moderate,Non-Vegetarian,Never,,5,8,163,7,120,81,89.7,High,Moderate
2301,29,Female,Chennai,24.6,No,Sedentary,Non-Vegetarian,Former,,8.5,6,132,5.8,120,80,102.4,High,Low
2304,41,Female,Ahmedabad,17.6,No,Active,Pescatarian,,,8,6,141,6.5,120,86,88.5,High,Low
2306,19,Male,Hyderabad,30.6,Yes,Moderate,Non-Vegetarian,Never,Occasional,7,3,134,6.6,131,80,121.7,Low,Low
2309,58,Female,Chennai,19.6,No,Active,Non-Vegetarian,Never,,7,5,169,6.8,150,84,90.4,Middle,Moderate
2310,42,Male,Hyderabad,16.7,No,Sedentary,Vegetarian,Never,Never,7,7,116,6.2,130,100,88.1,High,Low
2313,57,Male,Hyderabad,24.5,No,Sedentary,Vegetarian,Current,Never,8,6,140,6.3,150,80,109.7,High,Low
2314,50,Male,Delhi,21.1,Yes,Active,Non-Vegetarian,Never,Never,7,6,146,6.7,148,80,99.3,High,Moderate
2316,51,Female,Delhi,24.1,No,Sedentary,Vegetarian,Never,Never,9,8,167,7.4,140,80,100.8,Middle,Moderate
2317,40,Female,Ahmedabad,19.2,No,Moderate,Non-Vegetarian,Never,,6,3,170,6.5,130,80,89.6,Middle,Low
2323,45,Male,Bhopal,21.3,Yes,Sedentary,Non-Vegetarian,Current,Occasional,6,6,180,6.6,128,98,96.9,Middle,Moderate
2325,45,Female,Delhi,23.1,Yes,Sedentary,Non-Vegetarian,Never,,5,9,154,7,152,92,97.2,,Low
2327,44,Male,Bhopal,21,Yes,Moderate,Non-Vegetarian,Current,,7,2,156,6.5,120,80,96.6,Middle,Low
2328,52,Male,Hyderabad,20.6,No,Active,Non-Vegetarian,Current,Occasional,8.3,6,166,6.5,130,83,92.8,High,Low
2329,64,Male,Bengaluru,22.4,Yes,Sedentary,Non-Vegetarian,Never,Occasional,5.5,7,210,8.2,160,80,105.2,Middle,Moderate
2330,56,Male,Delhi,24.4,No,Moderate,Non-Vegetarian,Never,,7.5,9,165,6.5,150,85,104.8,High,Low
2331,50,Female,Delhi,31.4,No,Sedentary,Vegetarian,Never,Regular,8,5,186,7.1,150,90,117.2,Middle,High
2338,42,Male,Delhi,17.1,No,Active,Non-Vegetarian,Never,Occasional,9.3,6,349,10.5,130,73,89.5,Low,High
2342,61,Male,Ahmedabad,24,No,Sedentary,Vegetarian,Former,,8,1,180,7.3,140,94,104.3,Low,Low
2344,45,Male,Ahmedabad,32,No,Sedentary,Non-Vegetarian,Never,Never,8.5,5,160,7,130,92,123.2,Middle,Moderate
2345,28,Male,Delhi,21.8,No,Active,Non-Vegetarian,Never,Never,8,8,114,5.6,130,76,98.1,Middle,Low
2346,38,Female,Ahmedabad,15.3,No,Active,Non-Vegetarian,Never,,8,3,82,5.2,122,81,75.7,Middle,Low
2347,53,Female,Delhi,24.9,No,Sedentary,Vegetarian,Never,,8,8,141,6.3,150,90,102.6,Middle,Low
2348,39,Male,Ahmedabad,20.5,Yes,Active,Vegetarian,Never,Occasional,9,1,144,6.3,120,68,101.2,Middle,Low
2350,50,Female,Delhi,21.1,No,Active,Non-Vegetarian,Current,,5.5,7,157,6.3,140,80,94.1,Middle,Low
2353,49,Male,Delhi,21.5,Yes,Moderate,Non-Vegetarian,Never,,8,4,160,6.8,140,70,100.4,High,Low
2355,51,Male,Chennai,26.1,No,Sedentary,Vegetarian,Never,Regular,7,5,145,6.5,140,90,112.6,Middle,Moderate
2358,48,Female,Chennai,26.9,No,Moderate,Vegetarian,Current,,7,9,155,6.3,168,90,106.3,High,Low
2359,26,Female,Delhi,20.6,No,Active,Non-Vegetarian,Former,Never,7,6,149,6.9,130,70,93.1,Middle,Low
2360,42,Female,Hyderabad,23.2,Yes,Active,Non-Vegetarian,Never,Never,7,6,171,7.6,140,83,99.9,,Moderate
2363,31,Male,Bengaluru,20.9,Yes,Active,Non-Vegetarian,Never,Never,7,6,116,5.7,130,88,97.7,,Low
2364,43,Female,Delhi,18.6,No,Moderate,Non-Vegetarian,Never,Never,7,6,162,6.4,148,70,88,Middle,Low
2365,41,Male,Bengaluru,27.2,No,Sedentary,Vegetarian,Former,Occasional,7.8,7,209,7.8,159,92,110.4,Middle,Moderate
2367,50,Male,Bengaluru,21.1,No,Moderate,Non-Vegetarian,Never,Occasional,8.5,3,139,6.9,126,96,97,Low,Low
2372,41,Male,Bengaluru,26,No,Sedentary,Vegetarian,Former,Occasional,7.5,8,211,7.6,145,92,109.8,,Low
2375,26,Male,Delhi,18.9,No,Moderate,Non-Vegetarian,Never,Never,8,10,191,6.9,140,90,94.9,High,Moderate
2376,38,Female,Bengaluru,21.5,No,Moderate,Non-Vegetarian,Current,,7,6,285,8.7,120,80,97.4,Middle,High
2377,46,Male,Ahmedabad,26.7,Yes,Moderate,Vegetarian,Never,Never,7,6,168,6.2,150,90,109.9,Low,Low
2382,57,Male,Delhi,17.5,No,Moderate,Non-Vegetarian,Never,Never,8.6,8,150,6.3,130,90,89.5,Low,Low
2385,44,Male,Delhi,24.2,No,Sedentary,Non-Vegetarian,Never,Never,6.5,9,215,7.5,130,100,105.6,High,Moderate
2386,48,Female,Bhopal,24.6,No,Sedentary,Vegetarian,Current,,8,5,183,7.2,150,94,103.4,High,Moderate
2387,50,Female,Ahmedabad,22.3,No,Active,Non-Vegetarian,,Occasional,8,2,148,6.8,114,90,95.5,Low,Low
2389,55,Male,Chennai,21.5,No,Active,Non-Vegetarian,Current,,9,5,109,5.4,148,80,99.7,Middle,Low
2390,51,Female,Bhopal,23.3,No,Moderate,Non-Vegetarian,Never,,7.5,3,146,6.6,154,80,97.4,Middle,Low
2392,35,Female,Chennai,27.6,No,Sedentary,Non-Vegetarian,Former,,5.9,10,144,6.3,148,90,109.7,High,Low
2394,51,Male,Delhi,28.6,No,Sedentary,Non-Vegetarian,Current,Never,8,10,162,6.4,150,100,111.7,High,Low
2395,55,Female,Bengaluru,26.9,No,Moderate,Vegetarian,Never,,7,6,182,6.6,140,80,111.3,Middle,Moderate
2396,40,Female,Ahmedabad,19.2,Yes,Active,Vegetarian,Never,Occasional,6.7,5,156,6.7,132,90,90.3,Middle,Low
2398,46,Female,Ahmedabad,27.4,No,Active,Non-Vegetarian,Never,Never,7,6,168,6.4,160,100,112.2,Middle,Low
2399,45,Female,Chennai,18.3,Yes,Active,Vegetarian,Never,Regular,7,5,130,5.9,132,80,83.6,High,Low
2403,38,Female,Delhi,24.8,Yes,Moderate,Non-Vegetarian,Never,Occasional,7.5,7,196,7.5,120,90,104,Middle,High
2406,41,Female,Bengaluru,21.5,No,Moderate,Non-Vegetarian,Current,Occasional,5,9,170,6.6,130,80,94.3,Middle,Low
2408,44,Female,Delhi,22,No,Active,Non-Vegetarian,Never,Occasional,8,6,166,6.8,120,81,95,Middle,Low
2409,27,Female,Hyderabad,23.4,No,Sedentary,Non-Vegetarian,Never,,8.9,7,261,8.1,140,80,99.8,High,High
2410,39,Male,Hyderabad,16.1,No,Active,Vegetarian,Never,Regular,6,6,119,6.1,120,80,86.8,High,Low
2415,38,Female,Ahmedabad,20.1,No,Moderate,Non-Vegetarian,Never,Regular,6,7,149,6.3,120,90,89.7,High,Low
2418,52,Male,Chennai,26.9,No,Active,Non-Vegetarian,Never,Occasional,6,7,113,5.9,148,80,110,High,Low
2420,37,Male,Ahmedabad,16.4,No,Active,Vegetarian,Never,Never,10,3,118,6,120,80,91.3,Middle,Low
2423,52,Male,Hyderabad,18.9,No,Moderate,Non-Vegetarian,Former,Never,7,7,203,8.2,140,106,93.1,Low,High
2424,53,Female,Hyderabad,33.5,No,Sedentary,Non-Vegetarian,Never,Occasional,6.5,6,183,7.4,150,101,123.6,Middle,High
2426,38,Male,Delhi,20.2,Yes,Sedentary,Non-Vegetarian,Never,,8,8,150,6.5,130,80,93.8,Middle,Low
2427,46,Male,Hyderabad,23.8,Yes,Sedentary,Non-Vegetarian,Never,Never,7,7,253,7.6,152,100,105.5,Middle,High
2430,45,Male,Chennai,15.6,No,Moderate,Vegetarian,Never,Never,8,9,161,6.5,130,80,83.9,Low,Low
2431,51,Other,Hyderabad,25.3,Yes,Moderate,Non-Vegetarian,Never,Occasional,8,6,194,7.5,140,80,106,Middle,Moderate
2439,52,Female,Hyderabad,22.8,No,Active,Vegetarian,Never,Never,6,6,217,8.5,162,90,96.7,Middle,High
2440,43,Male,Hyderabad,19.3,Yes,Active,Non-Vegetarian,Never,Never,8,5,163,6.9,130,70,94.3,Middle,Moderate
2442,28,Male,Delhi,24.8,No,Active,Non-Vegetarian,Never,Never,7.6,6,167,6.9,134,88,103.4,Middle,Low
2444,33,Female,Delhi,17.6,No,Active,Vegetarian,Former,,6.3,9,147,6.8,140,89,85.6,High,Low
2445,44,Male,Bhopal,21.2,No,Moderate,Vegetarian,Never,,8.5,6,237,8,130,80,99,Low,High
2446,60,Male,Chennai,23.6,Yes,Active,Non-Vegetarian,Former,Never,7,7,180,7.4,160,90,99.9,,Moderate
2449,46,Female,Bengaluru,32.5,No,Sedentary,Non-Vegetarian,Never,,5,9,192,7,136,100,122.5,High,Low
2452,39,Male,Ahmedabad,23.3,No,Moderate,Non-Vegetarian,Current,,7.7,7,177,6.6,140,80,101.8,Low,Low
2453,46,Female,Chennai,22.1,No,Active,Non-Vegetarian,Never,,7,5,155,6.3,140,80,97.2,Low,Low
2456,41,Female,Hyderabad,21.3,No,Moderate,Vegetarian,Former,Never,6,9,173,7.5,140,80,96.1,Middle,Moderate
2460,52,Female,Hyderabad,21.4,Yes,Moderate,Non-Vegetarian,Never,,6.5,7,184,6,125,92,92.1,Middle,Moderate
2461,49,Female,Delhi,33.9,No,Sedentary,Non-Vegetarian,Never,Never,9,6,299,9.2,152,84,121,Low,High
2464,44,Female,Ahmedabad,25.3,No,Moderate,Non-Vegetarian,Never,Regular,10,4,222,7.8,130,80,100.4,Middle,High
2466,35,Male,Bengaluru,22.3,Yes,Active,Vegan,Former,Never,8.4,8,158,6.5,150,72,97.5,Middle,Low
2469,36,Female,Delhi,22.2,Yes,Active,Pescatarian,Never,Occasional,6,7,223,8.3,140,70,91.3,Middle,High
2473,55,Male,Delhi,27.9,Yes,Active,Vegetarian,Former,,8,6,165,7,160,89,112.2,Middle,Low
2474,41,Female,Delhi,18.8,No,Moderate,Non-Vegetarian,Never,Occasional,7,8,94,5.4,130,82,83.9,Middle,Low
2475,56,Male,Delhi,24.7,Yes,Active,Non-Vegetarian,Never,Never,7,5,166,6.9,142,84,101.4,Low,High
2477,65,Female,Hyderabad,30.8,No,Sedentary,Vegetarian,Never,,8,10,166,6.8,150,84,125.3,Middle,Moderate
2479,34,Male,Bengaluru,21.9,Yes,Moderate,Non-Vegetarian,Never,Regular,7,5,281,9.5,130,70,103,High,High
2485,39,Male,Chennai,18.2,Yes,Active,Non-Vegetarian,Never,Occasional,7,4,159,6.2,140,80,91.9,Low,Low
2486,39,Male,Ahmedabad,25.6,Yes,Sedentary,Vegetarian,Never,Never,7,6,196,7.3,136,90,111.6,Middle,High
2487,52,Female,Bhopal,18.8,No,Active,Non-Vegetarian,Never,Occasional,8,5,151,6.7,119,76,87.8,Low,Moderate
2489,48,Female,Chennai,20.5,No,Sedentary,Non-Vegetarian,Current,Never,6.8,6,105,5.3,140,100,88.8,High,Low
2492,53,Male,Bengaluru,21,No,Moderate,Non-Vegetarian,Never,Regular,7,8,116,6.3,132,98,100.1,High,Low
2494,29,Male,Delhi,19.4,Yes,Active,Non-Vegetarian,Never,Occasional,6,5,167,6.5,132,100,89.4,High,Low
2495,42,Male,Chennai,19.4,No,Active,Non-Vegetarian,Never,Never,7,7,147,6.9,130,84,92.8,Middle,Low
2497,55,Female,Hyderabad,26.9,No,Sedentary,Vegetarian,Never,Never,7,6,156,6.8,150,76,99,Middle,Low
2498,46,Female,Hyderabad,19.9,No,Active,Vegetarian,,Never,9.5,6,166,6.3,150,80,89.2,Middle,Low
2500,53,Male,Delhi,19.3,Yes,Moderate,Vegetarian,Current,Never,8,7,154,6.3,150,90,97.8,Low,Low
2503,40,Female,Bengaluru,26,Yes,Moderate,Non-Vegetarian,Never,Never,8,5,244,8.5,130,76,103.6,Middle,High
2504,41,Male,Hyderabad,28.1,Yes,Sedentary,Vegetarian,Never,Never,6,8,231,9,140,100,116.7,Middle,High
2505,44,Male,Hyderabad,24.7,No,Sedentary,Vegetarian,Never,Occasional,8.1,2,104,5.5,124,92,108.1,Low,Low
2506,35,Male,Bengaluru,19.9,No,Active,Non-Vegetarian,Never,,6.9,6,157,6.7,140,94,98.9,Middle,Low
2510,30,Male,Bengaluru,20.7,No,Active,Non-Vegetarian,Current,,8,1,108,5.4,140,90,92.7,Middle,Low
2512,60,Female,Ahmedabad,25.4,No,Sedentary,Vegetarian,Former,Never,6,7,143,6.5,140,100,103.8,Low,Low
2515,60,Female,Bengaluru,22.5,No,Sedentary,Vegetarian,Never,Never,7,7,220,7.9,120,90,100.2,Middle,High
2518,21,Other,Ahmedabad,21.6,Yes,Sedentary,Non-Vegetarian,Current,Occasional,9,5,112,6,130,80,94.3,Middle,Low
2519,48,Female,Ahmedabad,22.3,No,Active,Vegetarian,Never,,8,7,195,6.8,144,80,95,Middle,Low
2520,42,Male,Bengaluru,23.6,Yes,Moderate,Pescatarian,Former,Never,6.5,8,148,6.4,150,90,103.6,,Low
2521,53,Male,Bengaluru,31.3,Yes,Sedentary,Vegetarian,Former,,7,7,161,6.8,153,90,123.2,Middle,Low
2522,20,Male,Chennai,22.8,Yes,Active,Non-Vegetarian,Never,Occasional,8,10,164,7,130,78,102.5,Middle,Low
2524,39,Male,Bhopal,22.7,No,Active,Non-Vegetarian,Former,Never,8,6,250,9.2,140,84,103.6,High,High
2526,58,Male,Hyderabad,24.5,No,Sedentary,Vegetarian,Current,Never,5.5,9,182,7.2,150,100,106.1,Low,Moderate
2533,45,Female,Hyderabad,23.4,Yes,Moderate,Vegetarian,Former,,6.5,9,202,7.2,140,80,101.6,High,Moderate
2537,48,Male,Delhi,23,No,Moderate,Non-Vegetarian,Former,Never,7.2,6,143,6.5,128,80,98.1,Low,Low
2538,49,Male,Hyderabad,20.8,No,Sedentary,Vegetarian,,Occasional,8.4,6,181,7.2,148,80,95.1,Low,Low
2539,35,Male,Delhi,23.8,No,Moderate,Non-Vegetarian,Former,Occasional,9,8,163,7,130,96,111.2,Middle,Low
2541,39,Female,Bengaluru,19.3,No,Moderate,Non-Vegetarian,Never,Never,9,3,178,7.1,136,80,84.9,Middle,Moderate
2545,18,Male,Hyderabad,24.3,No,Sedentary,Vegetarian,Never,Occasional,5.2,9,155,7,142,80,105.1,High,Low
2546,41,Male,Bengaluru,18.3,No,Active,Non-Vegetarian,Never,Occasional,6,5,117,6.4,148,84,89.2,Middle,Low
2548,46,Male,Hyderabad,21.8,Yes,Sedentary,Non-Vegetarian,Never,Never,9,6,180,7.1,128,80,100.6,Middle,Low
2550,20,Female,Bhopal,22.5,Yes,Moderate,Non-Vegetarian,Never,Occasional,7,7,151,6.2,130,80,98.3,Low,Low
2551,33,Female,Ahmedabad,23.1,No,Active,Non-Vegetarian,Current,Never,8,4,183,7.4,126,90,98.1,,Low
2552,37,Male,Ahmedabad,16,No,Active,Vegetarian,Current,Never,7,7,161,7.3,150,70,89.4,High,Low
2555,51,Male,Ahmedabad,21.9,No,Moderate,Non-Vegetarian,Never,Never,7,5,169,5.5,134,80,97.7,High,Low
2558,55,Female,Hyderabad,23.5,Yes,Moderate,Vegetarian,Current,,7,4,320,9.7,128,90,101.7,Middle,High
2559,54,Male,Bengaluru,20.3,No,Moderate,Vegan,Never,Never,7.2,10,204,7.7,148,90,98.7,Middle,High
2562,67,Male,Bengaluru,19.8,No,Active,Non-Vegetarian,Never,,8,5,173,6.9,170,68,94.7,Middle,Low
2563,42,Male,Bengaluru,25.7,No,Sedentary,Non-Vegetarian,Current,Never,5,8,144,6.5,166,90,109.7,High,Low
2565,46,Male,Bengaluru,20.4,Yes,Active,Non-Vegetarian,Former,Never,5.6,7,102,5.1,150,90,98.2,Middle,Low
2566,47,Male,Delhi,25.6,Yes,Moderate,Non-Vegetarian,Never,Never,8,6,214,7.6,136,90,105.7,Middle,Moderate
2568,43,Male,Chennai,23.2,Yes,Sedentary,Pescatarian,Former,Occasional,7,6,194,7.2,140,84,97.3,High,Moderate
2573,52,Female,Ahmedabad,25.7,No,Moderate,Non-Vegetarian,Never,Occasional,6,7,198,7.7,149,100,108,Middle,Moderate
2576,45,Male,Bhopal,17.6,No,Active,Vegetarian,Never,Never,7,5,166,7.2,130,80,90.5,Low,Moderate
2581,59,Female,Delhi,19.7,Yes,Moderate,Non-Vegetarian,Never,,6.9,10,172,6.5,150,84,90.2,High,Moderate
2586,33,Female,Bengaluru,16.3,Yes,Active,Vegetarian,Never,,8,8,160,6,124,90,80.1,Middle,Low
2587,43,Female,Ahmedabad,20.8,No,Moderate,Vegetarian,Current,Regular,9,7,162,6.8,136,90,88.5,High,Low
2590,47,Male,Bengaluru,23.4,Yes,Moderate,Vegetarian,Never,Never,4.7,8,276,7.9,130,100,103.2,Middle,High
2591,46,Male,Delhi,23.8,No,Sedentary,Vegetarian,Never,Regular,7.5,4,147,6.1,120,90,105.8,High,Low
2597,51,Male,Delhi,21.7,Yes,Active,Vegetarian,Former,Never,7,5,148,6.4,160,90,103.2,High,Low
2601,30,Male,Delhi,23.3,No,Moderate,Pescatarian,Never,Never,7,7,138,6.1,150,80,95.3,High,Low
2602,45,Male,Hyderabad,20,No,Moderate,Non-Vegetarian,Never,Never,7.5,7,145,6.4,148,90,90,High,Low
2603,55,Male,Bengaluru,22.6,No,Sedentary,Non-Vegetarian,Never,Never,5,10,221,8.4,160,100,101.8,Middle,High
2604,39,Male,Delhi,27.4,Yes,Moderate,Non-Vegetarian,Never,Never,7,5,169,6.8,150,98,115,Middle,Moderate
2606,54,Male,Delhi,32.9,No,Sedentary,Non-Vegetarian,Former,Occasional,7.5,8,279,9.1,152,100,125.4,High,High
2607,46,Male,Ahmedabad,20.3,No,Moderate,Non-Vegetarian,Never,Never,8,4,165,6.7,150,82,96.9,High,Low
2610,39,Female,Delhi,17.3,No,Active,Non-Vegetarian,,,6,6,169,7.3,130,100,83.8,Middle,Low
2617,44,Male,Delhi,25,No,Active,Non-Vegetarian,Never,Never,8,8,211,7.8,156,90,106.8,High,Moderate
2618,60,Female,Ahmedabad,15.9,Yes,Active,Pescatarian,Never,,8,5,182,7,140,80,83.2,Middle,Moderate
2619,53,Male,Chennai,27.3,No,Sedentary,Non-Vegetarian,Never,Occasional,5,9,181,7.7,168,90,113.9,Low,Moderate
2623,64,Female,Ahmedabad,21.4,No,Moderate,Vegetarian,Never,,7,4,213,7.7,140,90,97.7,Middle,High
2625,36,Male,Delhi,16.4,Yes,Active,Vegetarian,Never,Occasional,6,7,210,7.7,142,86,88.4,Middle,High
2629,44,Female,Bengaluru,22.3,No,Sedentary,Non-Vegetarian,Never,,7,9,174,6.6,140,90,88.5,High,Moderate
2630,51,Male,Delhi,23.1,No,Moderate,Non-Vegetarian,Current,Never,6,8,167,6.6,160,90,102.9,,Low
2631,44,Male,Delhi,25.2,No,Moderate,Non-Vegetarian,Never,Never,7,6,135,6.2,141,80,106.8,High,Low
2633,57,Male,Chennai,26.3,No,Moderate,Non-Vegetarian,Never,Never,8,6,118,5.6,150,100,108.7,Middle,Low
2636,43,Female,Hyderabad,29.5,No,Sedentary,Non-Vegetarian,Never,Never,6,7,191,7.4,162,90,109.1,High,High
2637,56,Female,Bengaluru,27.3,Yes,Sedentary,Vegetarian,Current,Occasional,9,4,154,6.5,150,90,102.9,High,Moderate
2640,39,Female,Hyderabad,18.1,No,Moderate,Non-Vegetarian,Never,,9,7,114,5.3,118,86,80,Middle,Low
2646,45,Male,Chennai,17.4,Yes,Active,Vegetarian,Current,Regular,7,8,193,7.2,140,80,88,Middle,Moderate
2647,49,Male,Bengaluru,21.3,No,Active,Non-Vegetarian,Never,Occasional,7,8,184,6.9,130,76,93.2,Low,Moderate
2648,36,Female,Hyderabad,15.8,Yes,Active,Vegetarian,Current,Occasional,8,7,199,7.5,120,80,77.3,Middle,Low
2650,45,Female,Bengaluru,23.9,Yes,Moderate,Non-Vegetarian,Current,Never,6,8,178,6.5,160,88,99.8,Middle,Low
2652,42,Male,Ahmedabad,20.2,Yes,Moderate,Non-Vegetarian,Never,Regular,5,9,151,6.6,152,92,98,High,Low
2653,56,Female,Ahmedabad,24.3,Yes,Moderate,Non-Vegetarian,Never,Regular,7.5,6,217,8.3,135,92,104.1,Low,High
2655,36,Male,Ahmedabad,15,No,Active,Non-Vegetarian,Never,Never,9,4,130,6,120,80,82,Middle,Low
2656,46,Male,Bengaluru,28.1,No,Sedentary,Non-Vegetarian,Never,Never,6.5,9,172,6.7,154,100,116.1,High,Low
2665,42,Female,Bhopal,23.1,Yes,Active,Vegetarian,Never,Occasional,9,2,200,7.9,130,82,97.9,Middle,Moderate
2666,26,Female,Hyderabad,25.9,No,Moderate,Non-Vegetarian,Current,Occasional,10,4,103,5.7,120,81,101.5,Low,Low
2667,52,Female,Hyderabad,25.8,No,Moderate,Non-Vegetarian,Never,Never,7.2,9,180,6.6,146,96,104.4,Middle,Low
2668,30,Female,Bengaluru,27.8,No,Sedentary,Non-Vegetarian,Current,Never,6.5,10,213,7.8,140,90,113.3,High,Moderate
2670,48,Female,Hyderabad,24.8,No,Moderate,Vegetarian,Never,Never,6.8,5,103,5.4,140,90,103.5,,Low
2672,54,Male,Ahmedabad,25.4,Yes,Sedentary,Non-Vegetarian,Never,Occasional,7,5,257,8.7,142,100,111.4,High,High
2674,44,Male,Bengaluru,19,Yes,Moderate,Non-Vegetarian,,Occasional,5,10,164,7,142,100,91.3,High,Moderate
2678,32,Male,Chennai,17.7,Yes,Active,Vegetarian,Never,Never,8,6,170,7,134,90,88.7,Middle,Low
2680,53,Other,Delhi,20.8,No,Moderate,Non-Vegetarian,Never,,8,5,185,7.3,140,90,93.5,Middle,Moderate
2682,53,Female,Chennai,22.3,No,Active,Non-Vegetarian,Never,,7,10,155,6.4,170,90,91.5,,Low
2683,42,Male,Bengaluru,25.8,No,Moderate,Non-Vegetarian,Current,Regular,8,7,143,6.2,140,90,106.8,High,Low
2687,45,Male,Ahmedabad,17.7,Yes,Active,Non-Vegetarian,Never,Occasional,7,7,205,7.5,136,96,92.4,Low,High
2688,41,Male,Bengaluru,24.1,Yes,Sedentary,Non-Vegetarian,Never,Never,9,10,176,6.6,150,90,103.4,High,Low
2689,31,Male,Bengaluru,20.3,No,Moderate,Non-Vegetarian,,Regular,6,9,144,6.4,139,80,96.6,High,Low
2691,34,Male,Delhi,23.7,No,Active,Vegetarian,Never,Never,7,8,165,6.5,130,84,105.8,Middle,Moderate
2692,52,Male,Bengaluru,18.3,Yes,Active,Non-Vegetarian,Never,Never,7,6,131,6.2,128,80,85.4,Middle,Low
2695,55,Female,Bengaluru,20.9,No,Moderate,Vegetarian,Never,Never,7,6,173,7.2,151,90,94.2,High,Moderate
2697,34,Male,Delhi,22.4,Yes,Active,Vegetarian,Never,Occasional,5.5,6,194,7.2,127,90,103.2,High,Moderate
2698,38,Female,Chennai,26.9,No,Sedentary,Non-Vegetarian,Never,Never,6,9,206,7.6,140,93,103.8,Low,Moderate
2699,42,Male,Ahmedabad,23.1,Yes,Active,Vegetarian,Former,Occasional,7,5,142,6.9,151,80,98.7,Low,Low
2705,60,Male,Hyderabad,16.5,Yes,Active,Non-Vegetarian,Never,Occasional,8.3,6,155,6.4,150,80,87.9,Middle,Low
2707,55,Male,Ahmedabad,23.5,No,Sedentary,Non-Vegetarian,Never,Never,9,4,163,5.9,140,90,108.9,Low,Low
2708,46,Male,Hyderabad,22.4,No,Active,Non-Vegetarian,Never,Occasional,8,4,117,6,136,92,98.7,High,Low
2710,38,Male,Bengaluru,19.4,No,Moderate,Vegetarian,Current,Occasional,6,8,199,7.8,150,82,96.6,Middle,Moderate
2712,39,Male,Hyderabad,19,No,Active,Non-Vegetarian,Never,Occasional,8,6,161,6.3,130,76,94.4,High,Low
2716,24,Female,Chennai,22.6,No,Moderate,Non-Vegetarian,Current,Occasional,6.5,8,182,6.8,124,80,94.8,Middle,Low
2718,42,Male,Chennai,28.9,No,Sedentary,Non-Vegetarian,Never,Occasional,6,7,151,5.5,150,80,117.9,High,Low
2719,48,Female,Hyderabad,19.1,No,Active,Vegetarian,Never,Never,9,6,149,6.8,137,80,93.6,Middle,Low
2722,37,Female,Hyderabad,18.7,No,Moderate,Vegetarian,Never,Occasional,7,9,119,5.9,140,80,86.8,Middle,Low
2723,47,Male,Bengaluru,18.8,No,Active,Non-Vegetarian,Never,Never,4.7,8,134,5.8,149,80,91.8,Middle,Low
2727,45,Female,Bengaluru,18.7,Yes,Moderate,Non-Vegetarian,Current,Never,7.5,5,119,5.8,144,80,89.6,High,Low
2730,50,Male,Delhi,18,No,Active,Non-Vegetarian,,Never,6,10,161,6.5,148,84,91.9,High,Low
2731,28,Male,Bengaluru,18.1,No,Active,Non-Vegetarian,,,6,9,157,6.6,130,84,90.2,High,Low
2732,18,Male,Delhi,24.4,No,Active,Non-Vegetarian,Never,Never,8,4,115,5.8,120,80,108.1,Low,Low
2736,44,Male,Bengaluru,25.7,No,Sedentary,Vegetarian,Never,Never,6.1,7,152,6.9,136,74,110.4,High,Low
2737,40,Male,Chennai,22.8,Yes,Moderate,Non-Vegetarian,Never,Occasional,7,6,119,5.9,130,90,101.4,Low,Low
2743,48,Male,Delhi,28.4,No,Sedentary,Non-Vegetarian,Current,Occasional,8,7,161,7,148,90,107.9,Middle,Moderate
2745,18,Male,Ahmedabad,20.5,No,Active,Vegetarian,Never,Never,6,4,116,5.5,120,80,92.9,Low,Low
2746,58,Male,Hyderabad,27.7,No,Sedentary,Vegetarian,Never,Never,8,5,193,7.7,160,91,113.6,High,High
2747,64,Female,Ahmedabad,18.9,No,Sedentary,Vegetarian,Never,Occasional,7,5,171,7.3,150,70,88.7,High,Moderate
2748,58,Female,Hyderabad,23.4,No,Active,Non-Vegetarian,Former,Occasional,6,9,160,6.4,150,105,98,High,Low
2750,49,Male,Bengaluru,26.6,No,Sedentary,Non-Vegetarian,Never,Occasional,5.9,8,160,7.1,130,100,113.4,High,Moderate
2752,33,Female,Delhi,17.1,No,Active,Vegetarian,Current,,7,8,136,6.3,140,76,79.7,High,Low
2755,60,Female,Chennai,22.4,No,Active,Non-Vegetarian,Current,Regular,6,6,225,7.2,157,96,102.6,Middle,High
2756,60,Female,Bengaluru,21.2,No,Active,Vegetarian,Never,Never,7,8,180,7,150,70,92.6,Middle,Moderate
2762,44,Male,Bhopal,20.1,No,Active,Non-Vegetarian,Never,Regular,7.7,6,140,6.2,131,80,91.2,Middle,Moderate
2767,52,Female,Hyderabad,24,No,Active,Vegetarian,,Occasional,11,5,166,6.8,120,80,99.7,Middle,Low
2769,57,Male,Chennai,23.3,Yes,Moderate,Non-Vegetarian,Never,Never,7.4,10,170,6.5,156,90,103.4,Low,Low
2772,45,Male,Delhi,19,No,Sedentary,Non-Vegetarian,Never,Occasional,5,6,156,6.8,133,70,93.9,Middle,Low
2773,63,Male,Ahmedabad,22.6,No,Sedentary,Non-Vegetarian,Never,Never,7,4,169,7.2,120,100,101.4,Middle,Moderate
2774,34,Female,Delhi,21.2,Yes,Active,Non-Vegetarian,Never,Occasional,6.5,7,156,6.2,133,80,94.4,Low,Low
2775,57,Male,Ahmedabad,28.4,Yes,Active,Non-Vegetarian,Never,Occasional,8,4,175,7.4,150,90,117.4,Low,High
2777,48,Female,Hyderabad,27.9,No,Moderate,Vegetarian,Never,,6.5,8,244,8.4,154,90,111,Middle,High
2778,53,Male,Hyderabad,26.6,Yes,Sedentary,Non-Vegetarian,Never,Regular,7,9,155,7,164,90,107.3,Middle,Moderate
2779,56,Male,Bengaluru,23,Yes,Moderate,Vegetarian,Never,Never,5.4,10,180,7.6,160,90,100.7,Middle,Moderate
2782,51,Female,Hyderabad,17.7,Yes,Moderate,Non-Vegetarian,Current,Occasional,6,9,188,6.8,150,84,85.2,High,Low
2785,51,Female,Delhi,28,No,Sedentary,Vegetarian,Never,,6,10,267,8.7,140,100,106.9,Middle,High
2786,49,Male,Hyderabad,23.1,No,Moderate,Vegetarian,Never,Never,6,9,175,7.1,170,90,103.7,Middle,Low
2788,35,Male,Ahmedabad,21.4,No,Active,Non-Vegetarian,Never,Never,5,8,212,7.2,140,90,104.3,Middle,Moderate
2790,41,Female,Chennai,31.3,No,Sedentary,Non-Vegetarian,Former,,7,5,157,6.8,152,88,120.5,Middle,Moderate
2796,56,Male,Delhi,19.2,No,Active,Vegetarian,Never,Never,7,7,194,7.5,155,110,95.5,Low,Moderate
2797,42,Male,Delhi,17,No,Moderate,Non-Vegetarian,Current,Never,6,8,165,5.9,130,90,89.3,High,Low
2798,18,Female,Chennai,22.3,No,Moderate,Pescatarian,Current,,6,3,109,5.7,120,80,96.1,Middle,Low
2803,48,Male,Delhi,25.5,No,Sedentary,Vegetarian,Never,Never,6.5,10,203,7.9,150,80,103.2,High,Moderate
2806,38,Male,Delhi,23.7,No,Sedentary,Non-Vegetarian,Never,Never,8,6,183,7,150,88,102.2,Middle,Low
2807,55,Male,Delhi,22.1,No,Active,Vegetarian,Never,,6,8,190,7.5,148,100,106,High,Moderate
2808,51,Male,Bengaluru,25.4,No,Active,Vegetarian,Never,,7.5,5,136,6.2,150,80,108,Middle,Low
2809,43,Male,Bengaluru,23.8,No,Moderate,Non-Vegetarian,Never,Occasional,5.5,10,131,6.1,154,88,106,High,Low
2811,48,Male,Ahmedabad,27.2,No,Active,Vegetarian,Never,Occasional,7,1,162,6.9,136,83,111.9,Middle,Moderate
2812,39,Male,Hyderabad,25.5,No,Sedentary,Non-Vegetarian,Never,Never,5.6,10,112,5.6,148,90,109.2,Middle,Low
2815,34,Male,Bengaluru,17.6,No,Active,Vegetarian,Never,Occasional,6,7,168,7.1,140,70,84.5,Middle,Low
2816,46,Male,Chennai,21,No,Moderate,Vegetarian,Never,Never,5,5,160,6.7,140,90,99,Middle,Low
2817,45,Female,Hyderabad,23.6,No,Sedentary,Vegetarian,Never,,6.5,9,161,7,140,85,99.9,High,Low
2822,27,Male,Delhi,22.1,No,Active,Non-Vegetarian,Current,,8,8,112,6.1,140,90,95.8,High,Low
2823,63,Male,Bengaluru,18.9,No,Sedentary,Non-Vegetarian,,Never,6,9,202,7.6,150,90,94.8,High,High
2826,37,Male,Hyderabad,23.8,Yes,Moderate,Vegetarian,Current,Occasional,7,7,154,6.5,142,80,106.1,,Low
2827,35,Male,Delhi,25.2,No,Moderate,Non-Vegetarian,Never,,6.8,6,159,6.3,140,96,110.4,Middle,Low
2828,49,Female,Hyderabad,24,No,Sedentary,Vegetarian,Never,Regular,7.3,7,126,5.9,150,92,99.9,High,Low
2830,51,Male,Ahmedabad,24.8,No,Sedentary,Non-Vegetarian,Former,Never,9,7,161,6,120,80,104.6,High,Moderate
2833,33,Female,Bengaluru,17.7,Yes,Moderate,Vegetarian,Never,,7,7,203,7.6,140,78,84.8,High,Moderate
2836,49,Male,Bengaluru,20.8,No,Moderate,Non-Vegetarian,Current,Occasional,8,5,117,5.3,150,80,96.9,Middle,Low
2839,30,Female,Hyderabad,22.8,Yes,Active,Vegetarian,Never,,6.6,6,169,6.8,117,80,95,Middle,Low
2841,52,Female,Bengaluru,20.7,Yes,Moderate,Non-Vegetarian,Never,,7,6,168,6.8,146,100,93.6,,Low
2844,30,Male,Chennai,20.3,No,Sedentary,Non-Vegetarian,Former,Never,7,8,118,5.6,124,80,97.7,Middle,Low
2846,34,Male,Bengaluru,21,Yes,Active,Non-Vegetarian,Never,Regular,7,6,162,6.8,120,90,94.6,Middle,Moderate
2847,51,Male,Delhi,20.6,Yes,Moderate,Non-Vegetarian,Never,Never,7,5,176,7.1,140,86,94.6,Middle,Moderate
2848,49,Female,Delhi,22.6,Yes,Moderate,Non-Vegetarian,Current,Occasional,7.4,5,168,6.9,130,90,94.8,Middle,Low
2850,58,Male,Delhi,19.5,Yes,Active,Vegetarian,Never,Occasional,9,7,159,6.8,138,88,97.5,,Moderate
2853,42,Male,Bengaluru,27.7,No,Sedentary,Non-Vegetarian,Never,Never,8,8,147,6.6,160,90,118.1,High,Low
2854,47,Male,Chennai,21.5,No,Active,Non-Vegetarian,Current,Never,6.8,6,119,5.9,152,94,98.3,Middle,Low
2857,59,Male,Chennai,21.1,Yes,Moderate,Vegetarian,Never,Never,6,10,164,6.8,160,82,98.6,High,Moderate
2860,56,Female,Hyderabad,23.2,No,Moderate,Vegetarian,Current,Never,5.9,8,153,6.2,160,80,98.9,Middle,Low
2863,45,Female,Delhi,18.7,Yes,Moderate,Vegetarian,Never,Regular,5,4,226,7.4,120,90,88,Low,High
2864,43,Male,Bengaluru,17.2,No,Moderate,Vegetarian,Never,Occasional,7,4,112,5.6,128,79,88.2,Middle,Low
2865,41,Female,Bhopal,20.3,No,Moderate,Vegetarian,Never,Never,7,7,142,6.4,139,80,89.1,Middle,Low
2866,52,Male,Delhi,19.8,No,Sedentary,Vegetarian,Never,Occasional,7.9,8,159,6.8,140,82,95.9,High,Moderate
2867,54,Female,Hyderabad,21.1,No,Moderate,Non-Vegetarian,Former,Never,9.5,4,147,6.7,152,90,96.1,,Low
2868,44,Male,Bengaluru,17.4,Yes,Moderate,Vegetarian,Never,Never,6,10,159,6.1,132,88,90.3,Middle,Low
2869,39,Male,Ahmedabad,19.3,Yes,Sedentary,Vegetarian,Current,Never,8.5,4,122,5.9,130,80,95.7,Middle,Low
2870,40,Female,Delhi,21.6,No,Active,Non-Vegetarian,Former,Never,8,5,110,5.5,152,90,91.6,,Low
2872,51,Male,Delhi,24.1,Yes,Sedentary,Vegetarian,Never,Occasional,8.3,10,202,7.2,152,88,104.9,High,High
2874,36,Female,Bengaluru,20.4,Yes,Moderate,Non-Vegetarian,Never,,7.4,9,129,5.6,150,100,95.7,High,Low
2875,72,Male,Delhi,27.4,No,Sedentary,Vegetarian,Former,Occasional,9,5,109,5.5,130,96,111.1,Middle,Low
2880,59,Female,Ahmedabad,22.5,Yes,Sedentary,Non-Vegetarian,Never,Never,7,7,153,6.5,146,96,94,Middle,Low
2882,26,Male,Chennai,16.9,No,Active,Vegetarian,Never,Never,7.5,6,112,5.9,120,83,87,Middle,Low
2885,18,Male,Bengaluru,20.1,No,Active,Vegetarian,Never,,7.5,4,101,5.5,111,90,95.8,Low,Low
2890,60,Female,Chennai,24.4,Yes,Active,Non-Vegetarian,Never,Never,8,7,156,6.2,140,90,101.9,Middle,Low
2893,43,Male,Chennai,23.7,No,Moderate,Vegetarian,Former,Never,9,6,180,7.2,140,88,106.3,Middle,Moderate
2894,57,Female,Bhopal,23.5,No,Sedentary,Vegetarian,Current,,8,3,180,7.1,134,96,103,,Low
2897,22,Male,Delhi,25.9,No,Moderate,Non-Vegetarian,Never,Never,7,6,261,8.7,140,80,110,Middle,High
2898,39,Male,Ahmedabad,16.8,No,Moderate,Vegetarian,Never,,8.5,3,94,5.5,140,80,87.6,Middle,Low
2899,56,Male,Delhi,18,No,Active,Non-Vegetarian,Never,Occasional,7,7,134,6.3,140,100,91.3,Middle,Low
2900,49,Male,Bengaluru,19.8,No,Moderate,Non-Vegetarian,Never,Occasional,10,7,178,7,120,84,91.1,Low,Low
2903,54,Female,Bhopal,18.1,No,Active,Non-Vegetarian,Never,,8,4,215,7.8,150,90,86.8,Middle,Moderate
2904,45,Female,Bengaluru,22.2,No,Sedentary,Non-Vegetarian,Former,,7,6,144,6.4,130,88,91.9,High,Low
2905,32,Male,Bengaluru,24.2,No,Active,Non-Vegetarian,Never,Occasional,6.1,6,116,6.2,115,90,101,Low,Low
2911,60,Female,Bengaluru,16,No,Active,Non-Vegetarian,Current,Occasional,8,6,137,6.2,150,80,79.4,Low,Low
2920,43,Male,Bengaluru,20.7,No,Sedentary,Non-Vegetarian,Never,Never,7,10,118,5.8,152,95,96.6,High,Low
2921,58,Female,Bengaluru,23.9,No,Sedentary,Non-Vegetarian,Never,,8.5,6,189,8.1,148,90,100.5,High,High
2923,46,Male,Chennai,20.1,No,Moderate,Vegetarian,Never,Never,7,7,159,6.4,143,80,96.3,Middle,Low
2926,50,Male,Chennai,16.6,No,Active,Vegetarian,Former,Never,9,7,141,6.4,176,87,85.9,Low,Low
2927,54,Female,Delhi,21,No,Active,Vegetarian,Never,Occasional,9,3,176,6.3,122,74,85.1,Middle,Low
2929,48,Female,Delhi,18,No,Active,Vegetarian,Never,Never,6,10,158,6.6,152,76,84.2,High,Low
2931,36,Female,Delhi,27.6,Yes,Sedentary,Vegetarian,Never,Never,8,7,174,6.7,130,76,109.3,Middle,Low
2933,37,Male,Delhi,17.4,No,Moderate,Non-Vegetarian,Never,Never,6,8,116,6,132,84,85.7,High,Low
2940,47,Male,Chennai,33.3,No,Sedentary,Vegetarian,Never,Occasional,6.2,10,165,6.7,168,96,130.8,High,Low
2941,47,Male,Delhi,22.6,No,Sedentary,Vegetarian,Never,Never,9.5,7,208,7.7,136,87,104.3,High,High
2942,55,Female,Chennai,23.3,No,Active,Vegetarian,Never,Never,7,6,155,6.4,150,80,100.5,Middle,Low
2946,47,Female,Delhi,26.9,Yes,Sedentary,Vegan,Never,Never,7.3,10,157,6.5,158,90,110.5,Middle,Low
2947,56,Female,Hyderabad,19.3,Yes,Sedentary,Non-Vegetarian,Never,Never,7,9,173,7.3,140,92,90,Middle,Moderate
2948,18,Male,Hyderabad,24.2,Yes,Active,Non-Vegetarian,Never,Occasional,6.5,8,157,6.7,128,90,103.4,High,Moderate
2950,31,Female,Bengaluru,22.1,Yes,Moderate,Non-Vegetarian,Never,Occasional,8,5,174,6.6,150,90,98.8,High,Low
2952,48,Male,Delhi,32.1,No,Sedentary,Non-Vegetarian,Never,Regular,8,6,167,6.6,140,90,130.8,High,Low
2953,47,Male,Delhi,19.2,No,Moderate,Non-Vegetarian,Never,Regular,10,6,139,6.4,130,100,91.7,Middle,Low
2954,38,Female,Bhopal,24.6,No,Sedentary,Vegetarian,Never,,7.3,7,144,6.2,130,77,100.1,Low,Low
2956,34,Male,Bengaluru,19.2,No,Active,Vegetarian,Current,Never,7,6,142,6.6,134,100,94.8,Middle,Low
2958,66,Male,Ahmedabad,32.6,Yes,Sedentary,Vegetarian,Never,Never,7.5,6,156,6.4,156,100,128.6,Middle,Moderate
2960,50,Female,Delhi,26,No,Sedentary,Non-Vegetarian,Never,Occasional,9,4,139,6.3,140,89,106.5,High,Low
2961,36,Female,Hyderabad,26.4,Yes,Active,Vegetarian,Never,,7,7,178,6.8,140,74,106.2,High,Low
2962,51,Male,Delhi,30.5,No,Moderate,Non-Vegetarian,Never,Occasional,7.4,5,202,7.5,150,92,120.4,,Moderate
2963,56,Male,Bengaluru,22.4,No,Sedentary,Non-Vegetarian,Current,Never,6,9,162,6.7,130,90,106.7,High,Low
2965,41,Female,Hyderabad,22.2,No,Moderate,Non-Vegetarian,Never,,8,7,179,7.1,130,90,97.4,Middle,Low
2966,58,Female,Hyderabad,24.3,No,Moderate,Non-Vegetarian,Current,Never,9,4,178,6.8,163,72,100.4,Middle,Low
2969,39,Female,Delhi,32.8,No,Sedentary,Vegetarian,Never,Never,7,5,242,9.4,140,96,117.7,Middle,High
2970,44,Male,Hyderabad,18.6,Yes,Active,Non-Vegetarian,Former,Never,5,9,142,6.2,130,90,93,Middle,Low
2972,61,Female,Ahmedabad,27.4,No,Sedentary,Non-Vegetarian,Current,Never,7,5,170,6.6,170,100,110.6,Low,Moderate
2974,38,Male,Bengaluru,20.1,No,Moderate,Vegetarian,Former,Occasional,5,10,201,7.4,148,70,92.4,High,Moderate
2976,54,Male,Delhi,25.7,Yes,Moderate,Vegetarian,Never,Occasional,5,6,190,7.4,136,90,111.9,Low,Moderate
2977,52,Male,Hyderabad,28.3,No,Sedentary,Vegetarian,Current,,6,8,144,6.1,166,100,117.1,Middle,Low
2978,52,Female,Bengaluru,29.4,Yes,Moderate,Vegetarian,Never,Regular,8.4,6,153,6.3,140,84,113,Middle,Moderate
2980,60,Male,Chennai,22.9,Yes,Moderate,Non-Vegetarian,Current,Never,7,5,175,7.1,140,90,98.5,Middle,Moderate
2983,47,Female,Chennai,20.8,No,Moderate,Vegetarian,Never,Never,8,6,146,6.5,140,96,89.7,Middle,Low
2986,35,Male,Bengaluru,21.5,No,Active,Non-Vegetarian,Never,Occasional,7.5,7,194,7.7,138,80,96.1,High,Moderate
2993,51,Female,Ahmedabad,25.4,No,Sedentary,Non-Vegetarian,Current,,7.5,8,177,7.6,120,104,110.7,Middle,Moderate
2997,46,Female,Hyderabad,23.1,No,Sedentary,Non-Vegetarian,Never,,7,8,139,6.5,140,90,100.3,High,Low
3003,45,Female,Bengaluru,25.1,No,Moderate,Non-Vegetarian,Never,,8.3,4,172,7.6,140,80,102.6,Middle,Low
3005,53,Male,Chennai,19.4,Yes,Sedentary,Non-Vegetarian,,Regular,6,6,152,6.6,140,90,89.6,Middle,Low
3007,37,Male,Chennai,22.6,Yes,Sedentary,Non-Vegetarian,Current,Occasional,7,7,220,8.8,148,84,100.9,Low,High
3008,41,Male,Ahmedabad,28.2,No,Sedentary,Vegetarian,Current,Occasional,6,6,147,6.1,130,82,115.1,Middle,Low
3010,40,Male,Ahmedabad,26.2,No,Moderate,Non-Vegetarian,Never,Occasional,8.2,4,142,6.3,133,94,104.2,,Low
3011,48,Female,Ahmedabad,25,No,Sedentary,Non-Vegetarian,Never,Never,8,3,160,6.6,137,84,100.7,Middle,Low
3015,48,Female,Bengaluru,25.7,No,Sedentary,Vegetarian,Never,,6.9,10,216,7.4,148,100,106.1,High,High
3017,39,Female,Delhi,26.8,Yes,Moderate,Non-Vegetarian,Former,Occasional,8.5,3,216,8.2,160,90,106.6,High,High
3023,53,Female,Bhopal,22,No,Moderate,Non-Vegetarian,Never,Regular,8,4,188,7.4,130,85,99.7,Middle,Moderate
3024,41,Male,Hyderabad,27,Yes,Moderate,Non-Vegetarian,Current,Never,7,6,164,7.2,148,84,114.2,Low,Moderate
3025,24,Male,Chennai,21.4,No,Moderate,Pescatarian,Never,Occasional,8.9,8,169,6.7,110,94,101.9,Middle,Low
3027,54,Female,Ahmedabad,24.1,No,Active,Vegetarian,Current,Never,10,2,164,6.5,150,84,98.7,Middle,Moderate
3031,18,Female,Chennai,24.2,No,Active,Vegetarian,Current,Regular,7,9,162,6.4,120,80,99.1,High,Low
3032,58,Male,Hyderabad,24.7,Yes,Sedentary,Vegetarian,Never,Never,5.6,7,158,6.9,152,104,108.6,Middle,High
3033,55,Female,Chennai,22.5,Yes,Sedentary,Vegetarian,Never,,8,6,200,7.7,154,90,95.1,Middle,High
3037,59,Female,Hyderabad,19.8,Yes,Moderate,Non-Vegetarian,Never,Regular,8,7,146,6.3,166,90,84.4,Middle,Low
3039,36,Male,Hyderabad,20.1,Yes,Active,Non-Vegetarian,Current,Never,9.5,4,155,6.8,120,90,92.7,High,Low
3041,52,Female,Chennai,20,No,Active,Non-Vegetarian,Never,Never,9,2,161,6.5,140,80,90.7,Middle,Low
3042,38,Female,Bengaluru,17.6,Yes,Active,Non-Vegetarian,Never,Occasional,6,5,119,5.8,128,70,81.8,Middle,Low
3043,56,Female,Ahmedabad,22.9,No,Moderate,Non-Vegetarian,Never,Occasional,7,8,235,7.5,158,80,94.3,Low,High
3046,40,Female,Delhi,25,Yes,Moderate,Non-Vegetarian,Never,Never,7,7,213,7.4,160,80,100.8,Middle,Moderate
3047,35,Male,Ahmedabad,18.9,No,Moderate,Non-Vegetarian,Never,Never,7,4,131,5.9,140,85,92.4,Low,Low
3048,57,Female,Hyderabad,21,Yes,Active,Vegetarian,Never,Occasional,8.6,9,189,7.7,140,100,93.1,Middle,Moderate
3049,48,Female,Ahmedabad,28.4,No,Moderate,Vegetarian,Former,Never,8,4,146,6.7,144,84,109.5,Middle,Low
3051,35,Female,Ahmedabad,15.3,No,Moderate,Vegetarian,Former,,6,9,102,5.5,140,90,81.9,Low,Low
3059,31,Male,Delhi,23.3,No,Moderate,Non-Vegetarian,Never,Never,6.9,7,134,6.1,127,70,109.5,High,Low
3061,52,Male,Hyderabad,20.6,No,Sedentary,Vegetarian,Former,Never,7,8,182,6.8,150,90,98.9,High,Low
3063,58,Other,Ahmedabad,29.5,Yes,Active,Non-Vegetarian,Former,Regular,6.4,5,212,6.8,150,84,111.9,Low,High
3066,56,Female,Ahmedabad,18.4,No,Active,Vegetarian,Never,Occasional,9,5,173,7.1,146,76,84.4,,Low
3067,37,Female,Bengaluru,28.9,No,Sedentary,Pescatarian,Never,,7.5,6,172,6.8,160,90,111.8,,Low
3069,53,Male,Delhi,29.8,Yes,Moderate,Vegetarian,Current,,7,4,169,6.6,150,92,113.2,Middle,Low
3070,45,Male,Delhi,30.3,No,Sedentary,Non-Vegetarian,Never,,6,10,154,6.2,150,92,122.1,High,Low
3073,55,Male,Delhi,21.8,No,Sedentary,Non-Vegetarian,Never,Never,7,7,160,6.6,154,70,102,High,Low
3078,53,Female,Delhi,30.1,No,Sedentary,Vegetarian,Never,Never,6,5,152,6.5,160,90,114.2,Middle,Low
3080,51,Male,Bengaluru,27,No,Active,Vegetarian,Former,Never,7.5,6,166,7,148,88,107.8,Middle,Moderate
3083,32,Female,Bhopal,17.6,No,Active,Vegetarian,Never,,4,7,102,5.5,121,70,86.3,Low,Low
3085,50,Male,Hyderabad,18,No,Active,Non-Vegetarian,Never,Never,8,2,108,5.6,140,80,87.6,Middle,Low
3087,50,Female,Delhi,17.9,No,Moderate,Vegetarian,Never,,9,4,145,6.2,130,100,84.4,Low,Low
3089,29,Female,Bengaluru,23.8,No,Moderate,Non-Vegetarian,Current,Occasional,7,6,159,6.5,136,90,99,Middle,Low
3090,55,Male,Delhi,19.5,No,Active,Vegetarian,Former,Regular,3,8,219,8.6,151,100,93.5,Middle,High
3091,24,Female,Delhi,22,Yes,Moderate,Non-Vegetarian,Current,Never,7,8,197,7.7,140,82,97,Middle,High
3094,45,Female,Delhi,21.3,No,Sedentary,Non-Vegetarian,Never,,7,10,212,7.6,158,88,93.1,High,Moderate
3095,46,Male,Delhi,23.3,No,Moderate,Vegetarian,Never,Occasional,7,7,182,7.2,130,84,106.7,Low,Moderate
3096,47,Male,Hyderabad,23.5,Yes,Moderate,Non-Vegetarian,Never,Regular,5.5,9,169,7.2,130,94,107.3,Middle,Low
3104,37,Male,Bengaluru,22.1,No,Sedentary,Non-Vegetarian,Never,Never,7,8,111,5.7,160,80,100.2,High,Low
3105,39,Male,Bengaluru,26.7,Yes,Sedentary,Vegetarian,Never,Never,6,8,183,7.6,150,92,115.7,High,Low
3114,29,Male,Delhi,20.3,No,Moderate,Non-Vegetarian,Never,Occasional,5.5,7,236,8,140,77,94.8,Middle,High
3118,42,Female,Chennai,23.9,Yes,Sedentary,Non-Vegetarian,Never,,7,6,186,7,144,76,100.3,High,Low
3119,52,Male,Chennai,29.2,Yes,Moderate,Non-Vegetarian,Never,Never,8,9,179,7.5,154,84,114,High,Moderate
3122,48,Female,Delhi,31.7,Yes,Sedentary,Vegetarian,Current,,8,6,156,7,160,86,120.2,Low,Low
3124,45,Male,Bengaluru,19.2,No,Moderate,Vegetarian,Never,Never,6.9,4,112,5.8,132,90,91.1,High,Low
3125,42,Male,Hyderabad,32.2,No,Sedentary,Non-Vegetarian,Former,Never,7,6,260,9.1,140,80,124.7,Middle,High
3132,56,Male,Delhi,23.9,No,Moderate,Vegetarian,Never,Occasional,8,10,179,7.5,170,90,103.5,High,Low
3135,62,Male,Bengaluru,26,No,Sedentary,Non-Vegetarian,Current,,7.7,9,171,6.7,154,100,110.6,Low,Moderate
3138,41,Male,Bengaluru,24,Yes,Sedentary,Non-Vegetarian,Never,Never,7,10,178,6.6,140,81,105.5,High,Low
3139,42,Male,Bengaluru,22.8,Yes,Moderate,Non-Vegetarian,Current,Never,7,5,183,7.3,120,84,99.8,Middle,Low
3142,30,Female,Ahmedabad,20.8,Yes,Moderate,Vegetarian,Never,,7,5,166,7.4,130,80,91.9,High,Moderate
3144,47,Female,Delhi,26.7,Yes,Sedentary,Non-Vegetarian,Never,,8,7,270,9.4,140,90,105.4,,High
3145,67,Male,Bengaluru,29.5,No,Sedentary,Vegetarian,,Regular,6,7,177,6.8,162,100,117.5,Middle,Moderate
3146,50,Female,Ahmedabad,22.2,No,Moderate,Non-Vegetarian,Former,Occasional,7,6,207,7,160,89,90.7,High,Low
3147,42,Male,Ahmedabad,25.2,No,Sedentary,Vegetarian,Never,Occasional,7.5,2,192,6.4,140,73,107.3,Middle,Low
3149,45,Female,Bhopal,20.8,No,Active,Vegetarian,Never,,7,4,162,7.1,140,92,92.1,Low,Low
3150,40,Male,Chennai,16.4,Yes,Active,Vegetarian,Never,,7,8,105,5.5,120,80,85,Middle,Low
3157,38,Female,Bengaluru,20.6,No,Sedentary,Non-Vegetarian,Current,,4,10,141,6.4,140,100,93.5,High,Low
3164,60,Male,Bengaluru,20.2,Yes,Moderate,Vegetarian,Current,Occasional,8,4,173,6.9,140,90,97.1,Middle,Moderate
3170,57,Female,Bengaluru,18.9,Yes,Active,Vegetarian,Never,,6.1,8,167,7.2,136,100,86.9,Middle,Low
3171,39,Female,Delhi,24.7,No,Moderate,Non-Vegetarian,Never,Regular,6,9,157,6.3,124,90,98.4,Middle,Low
3175,43,Female,Bengaluru,19.7,No,Moderate,Non-Vegetarian,Current,Occasional,6,5,142,6.2,132,84,88.2,Middle,Low
3176,47,Female,Bengaluru,27.5,Yes,Sedentary,Non-Vegetarian,,,6,8,181,7.2,142,80,115.2,Middle,Moderate
3177,21,Male,Delhi,22.2,No,Active,Non-Vegetarian,Never,Never,8,4,144,6.1,133,80,100.6,High,Low
3185,46,Male,Bengaluru,17.2,No,Active,Non-Vegetarian,Current,Regular,6.3,8,174,7,143,80,86.8,Middle,Moderate
3186,33,Other,Bengaluru,18.3,No,Active,Vegetarian,Never,Never,7,8,136,6,140,72,84.3,,Low
3187,33,Male,Delhi,21.4,No,Moderate,Non-Vegetarian,Never,Occasional,7,10,164,6.9,140,90,95.9,High,Moderate
3188,45,Male,Ahmedabad,30.1,No,Sedentary,Vegetarian,Current,Occasional,5.7,6,175,7.1,160,80,123.8,High,Low
3191,51,Female,Delhi,21.5,No,Moderate,Vegetarian,Former,,6.4,6,257,8.5,138,70,98.5,Middle,Moderate
3200,39,Female,Bengaluru,23.4,No,Active,Non-Vegetarian,Former,Occasional,8,6,116,5.8,140,82,98.1,High,Low
3201,59,Female,Delhi,24.4,No,Sedentary,Vegetarian,Former,Occasional,7.4,8,126,6,150,94,97.7,Middle,Low
3202,49,Male,Hyderabad,25.4,No,Sedentary,Non-Vegetarian,,Occasional,7.5,5,123,5.9,143,80,108.1,High,Low
3205,45,Female,Delhi,30.6,Yes,Moderate,Vegetarian,Never,Never,5,9,223,7.7,160,100,115.5,Middle,High
3206,55,Male,Chennai,19.5,No,Sedentary,Non-Vegetarian,Never,Never,6,9,159,6.5,148,100,94.2,High,Low
3209,41,Male,Delhi,25.2,Yes,Sedentary,Non-Vegetarian,Current,Never,5.9,10,161,6.5,160,92,107.6,High,Low
3216,40,Female,Chennai,20.4,Yes,Moderate,Vegetarian,Never,Never,7.5,7,174,7.2,130,68,88.9,Middle,Low
3218,51,Female,Delhi,26.5,No,Sedentary,Non-Vegetarian,Current,,7,9,180,7.1,170,90,107.5,High,Low
3219,46,Male,Delhi,27.9,No,Moderate,Vegetarian,Current,Never,8,8,235,8.6,160,100,115,Middle,High
3220,48,Female,Ahmedabad,27.6,No,Active,Non-Vegetarian,Never,,8,6,171,7,149,80,109.2,Low,Low
3221,37,Female,Delhi,17.4,Yes,Active,Vegetarian,Never,Occasional,7.5,7,182,6.6,124,86,84.9,Middle,Low
3222,51,Female,Ahmedabad,25.3,No,Moderate,Vegetarian,Never,,9,6,161,6.8,152,93,109.2,,Moderate
3223,42,Male,Chennai,19.4,Yes,Active,Non-Vegetarian,Current,,6.5,9,196,7.5,130,80,99.3,Middle,Moderate
3225,54,Male,Bhopal,27.6,Yes,Sedentary,Non-Vegetarian,Never,Occasional,6.2,7,186,6.8,150,87,112.6,Middle,Moderate
3226,49,Female,Ahmedabad,20,Yes,Active,Vegetarian,Never,,8,5,154,6.6,130,84,86.6,Middle,Moderate
3227,49,Male,Bengaluru,24.9,No,Moderate,Non-Vegetarian,Never,Never,8,5,230,7.7,120,80,110.5,High,High
3228,44,Female,Delhi,20,Yes,Sedentary,Non-Vegetarian,Current,,7,7,154,6.9,120,80,88.2,High,Low
3230,50,Male,Bhopal,21.7,No,Moderate,Non-Vegetarian,Current,Never,7,8,172,6.7,150,75,99.8,Low,Low
3232,22,Female,Delhi,16.9,No,Active,Vegan,Never,Never,8,6,170,6.5,110,88,84.7,Middle,Low
3237,31,Female,Bengaluru,26.1,No,Moderate,Vegetarian,Never,,6,10,186,7.6,140,84,106.5,High,Moderate
3238,26,Male,Ahmedabad,25.7,No,Moderate,Vegetarian,Former,Occasional,9,3,172,7.3,144,91,111.6,Middle,Low
3239,50,Male,Bengaluru,25.8,No,Moderate,Vegetarian,Current,,8,5,203,7.4,137,92,109.1,High,High
3243,33,Male,Delhi,20.6,Yes,Active,Vegetarian,Never,Occasional,7,8,180,7.8,130,80,96.8,High,Low
3244,36,Female,Delhi,27,No,Sedentary,Non-Vegetarian,Never,Occasional,10,6,187,7.4,140,72,106.7,Middle,Moderate
3245,57,Male,Hyderabad,29.6,No,Sedentary,Non-Vegetarian,Former,Never,7,6,168,6.4,160,88,118.7,Middle,Low
3250,33,Female,Chennai,27.1,Yes,Sedentary,Non-Vegetarian,Current,Never,5,10,162,6.1,150,90,110.5,High,Low
3252,45,Male,Delhi,22.3,No,Sedentary,Non-Vegetarian,Never,Never,7.5,5,153,6.8,140,80,97.9,Middle,Low
3254,42,Female,Delhi,32.3,Yes,Sedentary,Vegetarian,,Never,7.5,6,192,7.4,120,104,127.7,Middle,High
3257,44,Male,Bengaluru,23,No,Sedentary,Vegetarian,Never,Regular,5,7,161,6.5,160,89,98.3,High,Low
3258,43,Female,Ahmedabad,15,No,Active,Vegetarian,Current,,8,4,102,6,120,80,79,Low,Low
3260,42,Female,Delhi,23.2,Yes,Sedentary,Non-Vegetarian,Never,,7,9,163,6.8,130,100,96.4,,Moderate
3266,25,Male,Chennai,19.6,No,Active,Non-Vegetarian,,Occasional,6.2,3,137,5.6,130,67,93.6,High,Low
3270,46,Female,Bengaluru,20.3,Yes,Moderate,Non-Vegetarian,Former,,7,5,148,6.7,150,90,95.6,Middle,Low
3274,39,Male,Ahmedabad,29.4,No,Sedentary,Non-Vegetarian,Current,,8,6,154,6.9,135,100,121,Middle,Low
3281,59,Female,Hyderabad,17.3,Yes,Active,Vegetarian,Never,,8.1,4,157,6.5,158,76,86.4,Middle,Low
3284,50,Female,Bengaluru,26.2,Yes,Moderate,Vegetarian,Former,Never,6.7,8,163,6.8,160,92,107.7,Middle,Low
3286,33,Male,Hyderabad,26.4,No,Sedentary,Vegetarian,Never,Occasional,7,5,118,5.9,130,90,109.6,Middle,Low
3289,53,Female,Delhi,24.9,No,Moderate,Non-Vegetarian,Never,,8,6,179,6,140,100,103.6,Middle,Low
3292,22,Male,Bhopal,17.3,No,Active,Non-Vegetarian,Never,Never,8.5,1,110,5.5,106,80,91.5,Middle,Low
3296,49,Female,Delhi,32.4,No,Sedentary,Vegetarian,Never,,7,5,192,7.6,144,100,121.6,High,Moderate
3297,31,Male,Bengaluru,19.7,No,Moderate,Non-Vegetarian,,Regular,7.1,6,193,7.2,120,72,97.2,Middle,Low
3298,38,Male,Hyderabad,24.8,No,Sedentary,Non-Vegetarian,Current,Never,7.2,6,152,6.2,110,80,107.2,Middle,Low
3301,53,Female,Delhi,23.7,No,Moderate,Non-Vegetarian,Never,,6,9,204,8,160,100,98.5,High,High
3302,48,Female,Delhi,23.3,No,Active,Non-Vegetarian,Never,,8.4,4,202,6.7,150,80,97,Middle,Moderate
3303,43,Male,Hyderabad,27.9,Yes,Sedentary,Vegetarian,Current,Never,6,7,172,7,150,80,110.2,High,Moderate
3306,43,Male,Chennai,24.9,Yes,Moderate,Non-Vegetarian,Never,Regular,6,8,168,7.3,166,90,109,Low,Moderate
3314,39,Male,Chennai,22.7,No,Moderate,Non-Vegetarian,Former,Never,7.5,5,115,5.6,160,90,101.3,Middle,Low
3315,46,Other,Delhi,20.9,Yes,Active,Non-Vegetarian,Never,Never,7.5,8,179,7.1,124,104,92.1,Low,Moderate
3317,47,Female,Bengaluru,18.2,No,Active,Non-Vegetarian,Never,Never,6,7,157,6.9,130,85,83.6,High,Moderate
3318,26,Female,Ahmedabad,24.4,No,Moderate,Non-Vegetarian,Never,,7,5,141,7.1,116,96,101.5,Low,Low
3321,54,Female,Delhi,21.8,Yes,Moderate,Pescatarian,Current,Never,8,9,203,7.1,123,90,95.8,High,Moderate
3322,37,Female,Bhopal,26.3,Yes,Sedentary,Non-Vegetarian,Never,Never,8,7,256,8.8,126,88,106.9,High,High
3323,35,Female,Hyderabad,23.6,Yes,Moderate,Non-Vegetarian,Current,,5,10,154,6.9,140,90,94,Middle,Low
3324,44,Male,Bengaluru,26.5,No,Moderate,Vegetarian,Never,Never,8,9,203,7.6,130,100,107.7,Middle,High
3328,43,Male,Bengaluru,20.2,No,Sedentary,Vegetarian,Never,Regular,7.5,5,118,6.1,130,90,95.7,Low,Low
3330,45,Male,Delhi,24.6,Yes,Active,Vegetarian,Never,Never,8,6,179,7,130,89,106.8,Low,Moderate
3331,43,Female,Chennai,31.4,Yes,Sedentary,Vegetarian,Never,Occasional,7,7,230,8.1,130,88,119,Middle,High
3332,29,Male,Bengaluru,21.8,Yes,Moderate,Non-Vegetarian,Never,Occasional,8,4,168,6.4,140,80,101.4,Middle,Low
3334,41,Female,Delhi,18.7,Yes,Moderate,Vegetarian,Never,,6.5,8,198,7.6,150,80,90.4,Middle,Moderate
3337,42,Male,Delhi,25.6,No,Sedentary,Pescatarian,Former,Never,7,5,160,6.9,143,80,108.4,High,Low
3338,41,Female,Delhi,21.7,Yes,Active,Non-Vegetarian,Former,Never,7,9,149,6.9,152,96,92.6,Middle,Low
3339,63,Female,Delhi,19.6,No,Sedentary,Non-Vegetarian,Never,Regular,7.5,8,154,6.3,152,92,93.3,Low,Low
3344,47,Female,Delhi,19.8,No,Sedentary,Non-Vegetarian,Current,Regular,8,6,147,6.6,128,90,88.6,High,Low
3345,54,Male,Bengaluru,22.6,No,Sedentary,Vegan,Never,Occasional,7,6,161,6.6,160,96,105.8,Middle,Low
3346,36,Female,Bengaluru,25.6,Yes,Sedentary,Non-Vegetarian,Current,Occasional,7,5,223,8.3,160,65,101.9,High,High
3348,45,Other,Delhi,26,No,Sedentary,Vegetarian,Never,Occasional,6.5,10,150,6.8,150,80,102.2,High,Low
3352,52,Female,Ahmedabad,20,No,Sedentary,Vegetarian,Former,,6,9,148,6.6,139,85,90.7,Low,Low
3354,61,Female,Bengaluru,22.6,Yes,Sedentary,Non-Vegetarian,Never,,7,6,163,6.8,160,80,97.3,Low,Moderate
3358,32,Male,Bengaluru,28.7,Yes,Sedentary,Non-Vegetarian,Never,Occasional,9,6,199,7.5,148,90,115.1,Middle,Moderate
3359,49,Male,Bengaluru,26.5,No,Sedentary,Vegetarian,,Never,8,4,198,8.4,150,84,119.7,Middle,High
3363,25,Male,Bengaluru,19.5,No,Moderate,Vegan,Never,,6.6,6,163,7.4,132,90,98.2,Middle,Low
3365,45,Male,Ahmedabad,17.3,No,Moderate,Vegetarian,Never,Occasional,7,2,151,6.3,130,84,91.4,Low,Low
3366,25,Male,Delhi,25.5,Yes,Active,Vegetarian,Never,Regular,8.5,2,313,8.9,120,84,108.6,Middle,High
3369,46,Male,Ahmedabad,24.2,No,Moderate,Vegetarian,Former,Occasional,7.5,3,159,6.7,128,76,103,Low,Low
3371,62,Female,Delhi,28,No,Sedentary,Vegetarian,Current,,8.2,6,201,7.8,144,97,108.8,Low,High
3372,43,Male,Bhopal,19.9,No,Sedentary,Non-Vegetarian,Never,Never,6.5,4,257,8.9,142,80,94.7,Low,High
3374,19,Male,Delhi,20.4,No,Moderate,Non-Vegetarian,Never,Occasional,8,5,172,7,130,80,94.1,Middle,Moderate
3375,26,Male,Bengaluru,17.1,No,Moderate,Vegetarian,Never,Never,6.5,10,181,7.4,130,87,92.2,Middle,Moderate
3376,55,Male,Delhi,21.7,No,Moderate,Vegetarian,Never,Never,8.3,5,189,7.2,150,92,98.9,Middle,Moderate
3377,63,Male,Hyderabad,28.5,Yes,Moderate,Pescatarian,Never,,7.7,10,190,7.1,172,96,111.1,Low,Moderate
3378,45,Female,Ahmedabad,26.3,No,Sedentary,Vegetarian,Never,Never,7,4,207,6.9,130,90,108.1,Middle,Low
3379,50,Male,Ahmedabad,26.7,No,Sedentary,Non-Vegetarian,Current,Never,9,6,151,6.3,154,83,106.8,Low,Low
3381,26,Female,Delhi,21.2,No,Sedentary,Non-Vegetarian,Never,Never,9.5,7,164,6.6,116,90,90.7,Middle,Low
3384,35,Female,Bengaluru,20.3,Yes,Active,Vegetarian,Never,Never,7,6,166,6.2,125,84,91.8,High,Low
3385,41,Male,Ahmedabad,17.3,Yes,Active,Non-Vegetarian,Current,Occasional,6,5,164,6.8,138,74,85.1,High,Low
3386,55,Female,Delhi,24.7,Yes,Moderate,Non-Vegetarian,Never,,6.9,8,209,7.2,140,90,97.7,Middle,Moderate
3388,53,Female,Bhopal,24.7,Yes,Sedentary,Non-Vegetarian,Never,,6.5,9,181,6.9,150,86,104.5,High,Moderate
3389,38,Female,Bengaluru,21.5,No,Active,Non-Vegetarian,Never,Never,6,7,215,7.4,140,90,92.3,Middle,Moderate
3391,33,Male,Bengaluru,19.4,Yes,Active,Vegetarian,Current,Never,9.5,7,208,7.4,140,73,90.3,Middle,Low
3394,54,Female,Hyderabad,25,Yes,Moderate,Vegetarian,Never,Regular,7,7,267,8.8,150,78,105.6,Low,High
3397,53,Female,Bhopal,22.8,No,Active,Vegetarian,Never,Occasional,8,4,210,7.5,140,84,95.6,Low,Moderate
3398,38,Other,Hyderabad,18.5,Yes,Active,Non-Vegetarian,,Never,9,3,226,8,130,90,85.6,Low,High
3399,20,Male,Ahmedabad,19.3,No,Active,Non-Vegetarian,Never,Occasional,9,4,112,5.9,124,80,92.5,High,Low
3400,44,Female,Hyderabad,18.7,Yes,Active,Vegetarian,Never,,8.7,8,205,7.3,150,90,84,Middle,High
3401,38,Male,Bengaluru,17.7,No,Moderate,Vegetarian,Current,Occasional,7,7,115,5.7,150,76,94.8,Middle,Low
3404,54,Male,Delhi,25.3,No,Sedentary,Non-Vegetarian,Never,Never,6.5,9,163,7.1,142,83,106.3,Middle,Low
3409,63,Male,Ahmedabad,24.2,No,Moderate,Vegetarian,Current,Never,6,6,149,6.6,160,80,105.5,Middle,Moderate
3413,36,Female,Delhi,21.6,No,Moderate,Non-Vegetarian,Never,Occasional,6.5,10,116,5.6,120,80,97.2,High,Low
3416,59,Female,Bengaluru,21.2,No,Moderate,Vegetarian,Never,Regular,5.8,10,153,6.8,160,100,95.1,High,Low
3424,47,Female,Bhopal,25,No,Sedentary,Non-Vegetarian,Never,Never,8,7,168,7.2,140,80,101.2,Low,Moderate
3432,43,Male,Hyderabad,19.3,No,Moderate,Vegetarian,Never,Never,6,7,173,7.4,120,80,91.7,High,Low
3433,60,Female,Hyderabad,19.5,No,Moderate,Non-Vegetarian,Current,Never,6.2,8,154,6.8,152,90,88.7,Middle,Low
3435,22,Male,Bengaluru,19.9,Yes,Moderate,Vegetarian,Never,Never,6.3,8,115,6,110,80,92.8,Middle,Low
3436,38,Male,Hyderabad,23.7,No,Moderate,Vegetarian,,Never,5,10,165,7.2,120,100,100.1,High,Moderate
3437,49,Male,Delhi,25.5,No,Moderate,Vegetarian,Current,,5,4,176,7.4,160,80,106,High,Moderate
3444,37,Female,Hyderabad,19.8,No,Moderate,Non-Vegetarian,Former,Never,6,8,177,7,160,90,88.2,Middle,Low
3446,32,Female,Bengaluru,18.1,No,Sedentary,Vegetarian,Never,,8.5,8,114,5.2,128,80,84.4,High,Low
3450,54,Male,Bhopal,28.7,No,Moderate,Vegetarian,Never,Never,9,5,242,7.7,150,96,117.2,Middle,High
3453,58,Female,Hyderabad,27.7,No,Sedentary,Vegetarian,Former,Occasional,8,4,145,6.7,145,84,110,Low,Low
3456,31,Female,Hyderabad,20,No,Moderate,Vegetarian,Never,Never,8,5,258,8.8,136,80,93.1,Middle,High
3459,55,Male,Delhi,23.7,Yes,Moderate,Non-Vegetarian,Never,Occasional,8,2,184,6.9,144,84,106,Middle,Moderate
3462,27,Female,Hyderabad,28.1,No,Active,Vegetarian,Never,,9,4,192,7.1,129,74,105.8,Middle,Low
3471,61,Female,Hyderabad,20,No,Active,Vegan,Never,Never,7,8,180,7.6,140,96,89.6,Middle,Low
3473,41,Male,Bhopal,20.4,Yes,Moderate,Non-Vegetarian,Never,Never,7,3,224,8,146,90,94.8,High,High
3476,29,Female,Ahmedabad,16.8,No,Moderate,Vegetarian,Never,Occasional,6,6,247,8.5,129,80,81.3,Low,High
3478,23,Female,Ahmedabad,22.8,No,Moderate,Non-Vegetarian,Never,Occasional,6.8,8,118,5.6,140,80,94.8,Middle,Low
3479,39,Female,Ahmedabad,16.7,No,Active,Non-Vegetarian,Never,Never,8,3,137,6,120,80,81.5,High,Low
3482,18,Male,Chennai,25.2,Yes,Sedentary,Vegetarian,Former,Never,9,6,174,7,130,80,106.2,Middle,Low
3483,51,Male,Ahmedabad,24.7,No,Moderate,Non-Vegetarian,Former,Regular,8,9,178,7.3,159,80,106.6,Low,Moderate
3486,43,Female,Bengaluru,19.9,No,Active,Non-Vegetarian,Never,Occasional,8.5,7,166,6.8,148,83,89.3,Middle,Moderate
3487,21,Female,Chennai,15.7,No,Active,Non-Vegetarian,Never,,7,2,110,5.8,130,80,79.1,Middle,Low
3488,52,Male,Delhi,22.5,Yes,Active,Non-Vegetarian,Current,Never,6,10,166,6.5,132,96,102.2,High,Low
3491,61,Female,Delhi,19.2,Yes,Active,Non-Vegetarian,Never,,10,6,189,7.5,148,100,90.5,Middle,High
3492,52,Male,Bengaluru,29.6,No,Sedentary,Non-Vegetarian,Never,Never,9,7,181,7.5,160,100,119.6,High,High
3493,49,Female,Hyderabad,20.4,No,Moderate,Non-Vegetarian,Never,,7.6,9,166,7.1,140,100,94.8,Middle,Low
3496,32,Female,Bengaluru,22.1,No,Moderate,Vegetarian,Never,Occasional,7.5,6,154,6.6,130,80,96.2,,Low
3497,50,Male,Delhi,21.4,Yes,Sedentary,Non-Vegetarian,Never,Never,8,2,190,7,120,80,99.5,Middle,Low
3499,45,Female,Ahmedabad,20.6,No,Active,Vegetarian,Former,Never,7,4,156,6.4,140,75,92.9,Middle,Low
3502,53,Female,Chennai,23.5,No,Active,Vegetarian,Never,Never,6,5,179,7.1,150,90,96.8,Middle,Moderate
3508,55,Female,Hyderabad,20.1,No,Active,Non-Vegetarian,Never,Occasional,6,8,168,7.3,164,88,93.6,High,Low
3509,46,Female,Bengaluru,21.4,No,Sedentary,Vegetarian,Current,Occasional,8,8,132,6.1,145,84,99.7,High,Low
3511,41,Female,Ahmedabad,25.6,No,Sedentary,Non-Vegetarian,Current,Never,9,4,150,6.7,144,70,101,Low,Low
3514,32,Female,Bengaluru,18.3,No,Active,Non-Vegetarian,Never,,7,7,107,5.7,150,86,87.1,Middle,Low
3521,45,Female,Ahmedabad,23.2,No,Sedentary,Vegetarian,,,8,7,150,6.5,140,88,97.3,Low,Moderate
3522,18,Female,Chennai,15.6,No,Active,Vegetarian,Never,Never,8.5,4,231,8.2,130,76,77.8,Middle,Moderate
3525,43,Male,Bengaluru,22.3,Yes,Active,Pescatarian,Never,Never,9,3,158,7.4,128,70,99.6,Middle,Moderate
3527,63,Male,Hyderabad,29.3,No,Moderate,Non-Vegetarian,Never,,6.3,6,172,7.6,170,110,116,Low,Moderate
3529,42,Female,Delhi,22.1,No,Moderate,Vegetarian,Current,Occasional,6.3,8,119,5.7,130,88,92.7,Middle,Low
3532,29,Female,Delhi,27.5,No,Sedentary,Vegetarian,Never,,8,5,161,6.7,150,80,108.9,Middle,Low
3534,46,Female,Hyderabad,25.8,No,Moderate,Vegan,Never,Occasional,6,2,237,9.2,137,90,109.7,Low,High
3540,64,Male,Ahmedabad,22.9,No,Moderate,Vegetarian,Never,,8,4,155,6.5,140,80,98.3,Low,Low
3541,50,Female,Ahmedabad,23.3,No,Active,Vegetarian,Never,Never,6.6,6,143,6.6,142,80,95.9,Low,Low
3542,38,Male,Hyderabad,20.1,Yes,Active,Non-Vegetarian,Never,Regular,7,7,144,6.2,144,80,93.9,Middle,Low
3545,38,Female,Bengaluru,19.6,No,Active,Vegetarian,Never,,6.1,7,198,7.9,140,94,91.2,High,Moderate
3547,43,Male,Hyderabad,29.6,No,Sedentary,Non-Vegetarian,Never,Occasional,8,10,191,7.4,150,80,122.2,High,Moderate
3550,53,Female,Bengaluru,21,No,Moderate,Vegan,Never,Occasional,8,8,156,6.9,132,94,93.3,Middle,Low
3551,43,Male,Hyderabad,23.4,No,Sedentary,Vegetarian,Never,Never,7,5,215,8.3,145,86,101.1,High,High
3553,48,Male,Delhi,36.5,No,Sedentary,Non-Vegetarian,Never,Never,7,9,221,7.9,160,103,132.9,High,High
3554,26,Female,Bengaluru,28.7,No,Moderate,Non-Vegetarian,Current,Never,8,6,130,6.5,122,80,109,Low,Low
3557,43,Female,Delhi,22.8,No,Moderate,Vegetarian,Current,Never,7,7,242,7.1,120,103,97.1,Middle,High
3561,48,Female,Chennai,19.6,Yes,Active,Non-Vegetarian,Current,,8,9,194,7.2,146,80,91.8,High,Moderate
3565,47,Male,Hyderabad,25.3,No,Sedentary,Non-Vegetarian,,Regular,6.5,7,215,7.3,140,90,106.9,Middle,High
3568,33,Male,Ahmedabad,26.9,Yes,Active,Vegetarian,Never,,8,3,159,6.3,140,80,111.7,Middle,Low
3572,49,Male,Ahmedabad,26,Yes,Active,Non-Vegetarian,Current,Never,6,5,236,8.5,132,80,106.2,Middle,High
3573,45,Male,Bengaluru,21.9,Yes,Sedentary,Non-Vegetarian,Never,Occasional,7,6,141,6.5,130,94,100.4,Middle,Moderate
3576,51,Female,Hyderabad,30.3,No,Sedentary,Pescatarian,Former,,6,6,245,8.6,160,80,119.5,Middle,High
3577,45,Male,Delhi,18.8,No,Active,Vegetarian,Current,Regular,8,7,132,6,152,80,91.8,Middle,Low
3579,35,Female,Bengaluru,21.8,Yes,Sedentary,Vegetarian,Never,,7.4,5,173,7,140,84,91.5,High,Low
3584,40,Male,Hyderabad,20.5,No,Moderate,Non-Vegetarian,Never,Never,6.2,2,106,5.2,120,80,94.7,Low,Low
3585,63,Male,Ahmedabad,30.6,Yes,Moderate,Non-Vegetarian,Never,Occasional,8,4,155,6.6,163,76,119.6,Middle,Low
3586,45,Female,Hyderabad,25.5,No,Active,Non-Vegetarian,Never,Never,7,8,157,7.3,150,90,106.3,Middle,Low
3588,48,Male,Bengaluru,29.4,No,Sedentary,Vegetarian,Former,Occasional,6,9,167,7.2,136,100,116.7,High,Moderate
3590,49,Other,Bengaluru,23.1,No,Active,Non-Vegetarian,Never,,6,6,145,6.6,138,100,100.4,Middle,Low
3594,32,Male,Bhopal,28,No,Moderate,Vegetarian,Former,Never,6,4,232,7.5,130,72,110.7,Low,Moderate
3595,38,Male,Hyderabad,18.2,No,Moderate,Vegetarian,Current,Never,9.5,8,119,5.7,140,80,93.1,High,Low
3599,49,Female,Chennai,21.7,No,Moderate,Non-Vegetarian,Former,Never,10,5,177,7.7,126,90,96.9,Low,Moderate
3604,57,Male,Bengaluru,23.4,Yes,Moderate,Non-Vegetarian,Former,Never,7,5,174,7.1,140,90,106.1,Low,Moderate
3608,33,Male,Bengaluru,16.5,No,Active,Non-Vegetarian,Current,Occasional,9,4,104,5.5,122,70,87.1,Middle,Low
3615,43,Male,Delhi,19.1,No,Moderate,Non-Vegetarian,Never,Occasional,6,9,157,7.3,140,82,92.9,Low,Low
3618,49,Male,Ahmedabad,23.9,No,Sedentary,Vegetarian,Never,Never,8,6,191,7.5,140,85,107,Middle,Moderate
3620,44,Male,Bengaluru,31.6,No,Sedentary,Vegetarian,Never,Occasional,9,5,155,6.8,150,100,119.8,High,Low
3621,26,Male,Ahmedabad,17.6,No,Active,Vegetarian,Never,Never,7.5,3,144,6.3,110,60,88.6,Low,Low
3623,47,Female,Ahmedabad,24.8,No,Sedentary,Non-Vegetarian,Never,,9,3,158,6.7,140,80,100.6,Middle,Low
3624,57,Female,Ahmedabad,25.8,No,Active,Non-Vegetarian,Former,Never,6,6,194,7.4,139,90,99.2,Middle,Moderate
3626,55,Female,Delhi,30.9,No,Sedentary,Non-Vegetarian,Former,Never,8,6,169,6.4,150,88,118.4,Middle,Low
3627,55,Male,Delhi,20.1,No,Moderate,Non-Vegetarian,Never,Never,9,8,149,5.9,150,96,98,Middle,Low
3628,51,Male,Chennai,34.3,Yes,Sedentary,Non-Vegetarian,Never,Occasional,5,9,173,7.2,166,90,133.6,Low,High
3629,39,Male,Bengaluru,18.2,No,Active,Non-Vegetarian,Never,,8.3,3,134,6,130,80,91.5,Middle,Low
3631,47,Female,Ahmedabad,15.5,No,Moderate,Non-Vegetarian,Never,Occasional,7,8,119,5.4,150,90,78.1,Middle,Low
3635,41,Female,Ahmedabad,24.7,No,Moderate,Non-Vegetarian,Never,Never,6,8,143,6.3,156,80,98.5,Low,Low
3636,48,Female,Hyderabad,19,Yes,Moderate,Pescatarian,Never,,7.5,8,200,7.1,132,88,86.1,Middle,Low
3640,62,Male,Hyderabad,24.3,No,Moderate,Non-Vegetarian,Never,Occasional,8.4,7,211,7.3,150,100,100.6,Middle,High
3641,43,Female,Ahmedabad,20.7,No,Active,Non-Vegetarian,Never,Never,7,6,159,6.9,130,80,94.4,High,Low
3642,47,Male,Bengaluru,22.4,No,Active,Non-Vegetarian,Never,,6,8,148,6.3,140,90,99.2,Middle,Low
3644,53,Female,Hyderabad,26.6,No,Sedentary,Non-Vegetarian,Former,,8,10,182,7.3,140,100,108.5,,Moderate
3645,47,Male,Bengaluru,25.1,Yes,Moderate,Vegetarian,Never,Occasional,6,7,179,6.9,149,100,102.9,High,Moderate
3647,51,Female,Bhopal,21,No,Active,Vegan,Never,Never,9,7,157,6.3,120,90,92.1,Low,Low
3651,69,Male,Bengaluru,35.1,No,Sedentary,Pescatarian,Never,Never,8,5,202,7.7,168,94,135.6,Middle,High
3653,44,Female,Delhi,24.9,Yes,Sedentary,Vegan,Never,Never,5,6,179,7.4,150,80,103.1,Middle,Moderate
3664,50,Female,Hyderabad,19.5,Yes,Moderate,Non-Vegetarian,Current,,8,7,247,8.6,140,80,88.3,Middle,High
3666,50,Female,Bengaluru,31.5,No,Sedentary,Vegetarian,Current,,7,5,194,7.5,160,90,113.1,Low,Moderate
3667,43,Male,Bengaluru,20.1,No,Active,Non-Vegetarian,Never,Never,7,5,137,6.7,140,80,95.7,Middle,Low
3668,52,Male,Bengaluru,20.8,No,Moderate,Vegetarian,Current,Never,8.3,2,140,6.6,140,80,102.5,Middle,Low
3669,44,Female,Chennai,24.4,No,Sedentary,Vegetarian,Never,,8,7,206,7.5,133,92,104.3,High,High
3670,47,Female,Delhi,16,Yes,Active,Vegetarian,,Regular,7,8,186,7.1,128,92,81.4,Middle,Low
3671,46,Male,Delhi,22.6,No,Moderate,Non-Vegetarian,Never,Occasional,7.5,6,146,6.3,124,82,100.6,Middle,Low
3675,66,Male,Hyderabad,24.3,No,Moderate,Vegetarian,Current,Occasional,7,8,173,7.7,146,89,110.1,Middle,Moderate
3677,47,Male,Bhopal,35.4,No,Sedentary,Non-Vegetarian,Never,Occasional,7,3,159,6.2,148,81,136.6,Low,Low
3679,37,Female,Hyderabad,19.4,No,Active,Non-Vegetarian,Never,,9.5,5,206,8.6,134,80,85.9,Middle,Low
3681,39,Male,Hyderabad,23.4,Yes,Sedentary,Non-Vegetarian,Never,,6,9,185,7.4,150,86,103.3,Low,High
3684,41,Male,Ahmedabad,20.3,No,Moderate,Vegetarian,Never,Never,7.1,7,140,6.2,130,80,92.5,Low,Low
3686,37,Female,Delhi,21.8,No,Sedentary,Non-Vegetarian,Never,Never,7,7,148,6,140,84,90,High,Low
3688,51,Male,Delhi,20.3,No,Active,Non-Vegetarian,Never,Never,7.5,5,254,9,144,74,93.2,Middle,High
3689,35,Male,Delhi,30.7,Yes,Sedentary,Vegetarian,Never,Occasional,8.5,8,163,6.9,140,90,118.7,Middle,Low
3690,54,Female,Ahmedabad,24.1,No,Sedentary,Vegetarian,Never,Regular,7,4,150,6.7,140,80,100,Middle,Low
3691,43,Male,Delhi,21.5,Yes,Sedentary,Non-Vegetarian,Never,Occasional,8,5,158,6.4,140,83,92.8,Middle,Low
3693,44,Male,Bhopal,29,Yes,Active,Non-Vegetarian,Never,Never,7,8,234,8.2,160,94,115.8,Low,High
3694,34,Female,Hyderabad,21.5,No,Sedentary,Vegetarian,Never,,8,5,206,7.2,150,83,90.4,Middle,Low
3695,41,Female,Bengaluru,21.8,No,Moderate,Vegetarian,Current,Occasional,7,3,190,7.8,143,84,94.8,Middle,Moderate
3696,44,Male,Delhi,19.7,No,Sedentary,Non-Vegetarian,Never,,8,10,167,6.8,140,80,98,Middle,Low
3697,50,Male,Hyderabad,19.4,No,Active,Vegetarian,Never,Occasional,8,7,137,6.2,130,84,96.9,Middle,Low
3698,56,Female,Chennai,17.7,No,Moderate,Vegetarian,Never,,8,3,115,5.6,128,80,85,Low,Low
3699,39,Female,Hyderabad,16.3,No,Active,Vegetarian,Never,Regular,6.5,6,104,5.8,140,96,79.9,High,Low
3706,60,Female,Chennai,23.2,Yes,Active,Vegetarian,Never,,4.5,5,152,7.1,130,80,94.2,Middle,Low
3709,42,Male,Hyderabad,17.6,No,Moderate,Non-Vegetarian,Current,Occasional,9,3,171,7,120,80,86.2,,Low
3711,32,Male,Chennai,22.5,No,Sedentary,Vegetarian,Never,Never,8,7,143,6.4,132,80,101.8,High,Low
3712,32,Male,Hyderabad,25.7,Yes,Moderate,Vegetarian,Current,Never,8,5,155,6.8,147,88,109.1,Middle,Low
3716,61,Male,Bhopal,28.1,Yes,Sedentary,Non-Vegetarian,Current,,7,10,210,7.4,156,96,113.4,Middle,High
3717,18,Male,Delhi,18,Yes,Active,Vegetarian,Never,Occasional,7.6,8,118,5.3,120,96,89.5,Middle,Low
3719,42,Male,Chennai,20.1,Yes,Sedentary,Non-Vegetarian,Never,Occasional,7.5,4,241,8.2,130,88,97,,High
3722,29,Male,Delhi,17.1,No,Active,Non-Vegetarian,Current,Occasional,8,7,191,7.5,110,70,85,Middle,Moderate
3723,37,Female,Ahmedabad,26.3,Yes,Moderate,Non-Vegetarian,Never,,6,7,208,7,132,100,106.4,Low,Moderate
3725,43,Male,Ahmedabad,20.2,No,Active,Non-Vegetarian,Never,Never,7.3,5,97,5.7,124,92,89.8,,Low
3726,56,Male,Delhi,28.6,No,Sedentary,Vegetarian,Never,Never,6,9,216,7.7,160,94,115.9,High,Moderate
3731,52,Male,Hyderabad,25.8,No,Moderate,Vegetarian,Current,Never,6,8,179,7.3,136,110,108.3,Middle,Moderate
3732,50,Female,Hyderabad,24.6,No,Moderate,Non-Vegetarian,Never,Occasional,8,6,160,7,149,98,97.2,Low,Moderate
3733,35,Female,Delhi,20.3,Yes,Active,Non-Vegetarian,Never,Never,7,7,151,5.7,137,80,94.5,Middle,Low
3735,37,Female,Hyderabad,20.7,No,Active,Vegetarian,Never,Occasional,6.5,9,204,7.3,132,92,91.7,Middle,High
3737,46,Male,Bengaluru,26.7,No,Sedentary,Vegetarian,Never,Never,5,9,156,6.8,150,90,115.2,Middle,Low
3744,57,Male,Chennai,23.6,No,Active,Non-Vegetarian,Never,Occasional,8,6,270,8.5,140,94,104.8,Middle,High
3745,32,Male,Chennai,21.1,Yes,Sedentary,Non-Vegetarian,Current,Never,7,7,170,6.4,117,90,95.3,High,Low
3747,24,Male,Delhi,27.3,No,Moderate,Non-Vegetarian,Never,Never,7,6,188,7.5,130,78,109.6,Middle,Low
3749,40,Female,Bhopal,17,Yes,Active,Vegetarian,Former,,7.5,4,147,6.6,124,84,80.5,Low,Low
3750,28,Female,Chennai,18.7,Yes,Active,Non-Vegetarian,Never,Never,8,5,109,5.8,120,89,83.2,Middle,Low
3757,61,Male,Bengaluru,26.4,No,Sedentary,Non-Vegetarian,Never,,8,5,156,6.3,142,88,113.3,High,Low
3758,20,Female,Delhi,29.8,No,Sedentary,Vegetarian,Current,Never,6,10,193,7.2,130,100,116.4,Middle,Moderate
3760,46,Male,Hyderabad,22.5,Yes,Moderate,Non-Vegetarian,Never,Occasional,6.5,8,165,6.2,130,87,101.2,Middle,Low
3761,53,Female,Chennai,21.1,No,Moderate,Pescatarian,Never,,5,10,172,6.7,150,80,92.2,High,Low
3769,39,Female,Hyderabad,30,No,Moderate,Vegetarian,Former,Never,8.4,3,99,5.4,148,90,114.5,Middle,Low
3772,48,Male,Delhi,34.8,Yes,Sedentary,Vegetarian,Current,Occasional,6,10,196,7.6,156,100,130.4,High,Moderate
3777,35,Female,Hyderabad,25.5,No,Sedentary,Non-Vegetarian,Never,,7,8,195,7.5,148,80,100.5,High,Low
3778,32,Male,Bengaluru,21.3,No,Sedentary,Non-Vegetarian,Former,Occasional,7,7,134,5.9,138,90,98,Middle,Low
3779,29,Male,Delhi,17.6,Yes,Moderate,Non-Vegetarian,Never,Never,6,10,151,6.5,130,86,88.9,High,Low
3780,61,Female,Ahmedabad,23.5,Yes,Active,Vegetarian,Never,,7,2,171,6.3,132,92,96.8,Low,Moderate
3782,53,Male,Bhopal,17.9,Yes,Moderate,Non-Vegetarian,Never,Never,9.2,2,170,7.1,140,96,91.6,,Low
3784,42,Male,Chennai,18.3,No,Sedentary,Non-Vegetarian,Never,Never,7,9,143,6.6,120,90,88.8,High,Low
3787,54,Female,Ahmedabad,21,No,Active,Non-Vegetarian,Current,,10,4,165,7.1,150,96,89.4,Low,Moderate
3788,32,Female,Delhi,24.4,No,Moderate,Non-Vegetarian,Current,Never,7,9,137,6,140,90,100.2,Low,Low
3790,32,Female,Hyderabad,19.4,No,Active,Non-Vegetarian,Never,Never,6,9,142,6.7,153,90,88.9,Middle,Low
3791,54,Male,Delhi,21.4,No,Active,Vegetarian,Never,Never,8,6,183,6.8,140,88,98.1,Middle,Moderate
3798,50,Female,Hyderabad,27.8,No,Sedentary,Non-Vegetarian,Former,Never,8,4,147,6.4,150,90,111.2,Middle,Low
3802,25,Male,Ahmedabad,17.3,No,Sedentary,Non-Vegetarian,Current,Never,8,3,117,6,107,70,85.9,Middle,Low
3803,47,Female,Delhi,16.4,Yes,Active,Non-Vegetarian,Never,Occasional,9,6,168,6.6,130,100,81.2,Middle,Moderate
3804,60,Male,Ahmedabad,23.7,No,Moderate,Vegetarian,Never,Occasional,6,6,211,8.1,150,100,103.7,,High
3805,46,Male,Bhopal,17.8,No,Active,Vegetarian,Never,Occasional,8,1,133,6,111,80,92.2,Low,Low
3809,48,Female,Delhi,20.2,No,Sedentary,Non-Vegetarian,Former,,6.4,6,155,6.6,150,80,89,Middle,Low
3810,44,Male,Chennai,20,No,Moderate,Non-Vegetarian,Never,Occasional,7,9,204,7.4,150,84,94.4,High,Moderate
3812,51,Female,Chennai,28.6,No,Sedentary,Vegetarian,Former,Occasional,8,6,175,6.4,150,91,112.6,,Moderate
3813,49,Male,Hyderabad,19.9,No,Active,Vegetarian,Never,Regular,7.7,6,117,5.6,136,80,93.7,Middle,Low
3814,51,Male,Bengaluru,21.6,Yes,Moderate,Non-Vegetarian,Current,Never,7,10,198,7.2,140,100,98,Middle,Moderate
3815,25,Male,Bengaluru,21.2,No,Moderate,Vegetarian,Never,Occasional,5,10,210,7.5,124,85,95.4,Middle,Moderate
3819,52,Male,Bengaluru,21,Yes,Moderate,Non-Vegetarian,Never,Occasional,6,7,169,6.6,142,84,103.9,Middle,Low
3822,48,Male,Delhi,25.7,No,Sedentary,Vegetarian,Former,,7.4,8,213,8.3,150,92,110.5,High,High
3823,40,Female,Ahmedabad,23.6,Yes,Active,Vegetarian,Never,Never,8.5,7,183,7.3,140,90,98.8,Middle,High
3824,65,Other,Hyderabad,21.2,No,Sedentary,Vegan,Never,,7,8,216,7.9,150,93,97.9,High,Moderate
3828,47,Female,Bengaluru,25.3,Yes,Moderate,Vegan,Current,,8,7,120,5.2,162,90,107.9,Middle,Low
3830,50,Male,Hyderabad,16.8,No,Active,Non-Vegetarian,Never,Never,7,8,210,7.4,128,80,89.2,High,Moderate
3831,58,Male,Bengaluru,28.4,No,Sedentary,Non-Vegetarian,Never,,8,6,185,7,150,90,117.7,Low,Moderate
3832,53,Female,Chennai,19.9,No,Active,Pescatarian,Never,,9,8,157,7,140,90,93.2,Middle,Low
3834,39,Male,Bengaluru,27.2,No,Sedentary,Vegetarian,Current,Never,8.8,5,188,7,120,90,117.8,Middle,Low
3840,57,Female,Hyderabad,22.7,No,Active,Vegetarian,Never,,6,6,152,6.4,140,90,98.2,High,Low
3841,49,Female,Bengaluru,24.7,Yes,Active,Non-Vegetarian,Never,,8,6,147,6.6,140,90,103.4,High,Low
3843,52,Female,Bhopal,24.8,No,Moderate,Vegetarian,Never,Occasional,8,2,227,7.5,130,80,98.6,Low,High
3852,75,Female,Hyderabad,24.6,No,Sedentary,Non-Vegetarian,Never,,7.5,5,257,7.5,128,90,100.2,Middle,High
3855,54,Female,Bengaluru,27.3,Yes,Sedentary,Non-Vegetarian,Never,Never,7,6,152,6.6,159,100,107.9,Low,Low
3857,45,Female,Bengaluru,20.2,Yes,Sedentary,Non-Vegetarian,Former,,6,5,172,6.9,140,101,86.7,Middle,Low
3860,55,Male,Delhi,21,No,Moderate,Vegetarian,Never,Never,8,5,140,6.5,146,90,98.9,Middle,Low
3863,62,Female,Chennai,31.2,No,Sedentary,Vegetarian,Current,Occasional,9,4,233,7.9,140,100,119.5,High,High
3869,59,Male,Bengaluru,25.2,No,Sedentary,Non-Vegetarian,Never,Never,6,4,166,6.7,140,98,113.4,Low,Low
3870,38,Male,Chennai,21.6,No,Sedentary,Vegetarian,Never,Occasional,7,6,170,7.3,147,80,98,Middle,Low
3871,29,Male,Chennai,17.9,No,Active,Non-Vegetarian,Current,Never,9,8,102,5.4,120,80,91.2,Middle,Low
3875,40,Male,Chennai,22.4,Yes,Sedentary,Vegetarian,Current,Occasional,10,6,161,6.6,120,84,106.3,Middle,Low
3879,30,Female,Delhi,25.5,No,Active,Non-Vegetarian,Never,,7,5,163,6.9,136,74,105.9,Middle,Low
3880,62,Female,Delhi,21.6,No,Moderate,Vegetarian,Never,,6.2,7,172,6.6,150,90,99,Middle,Low
3881,42,Male,Ahmedabad,27.7,Yes,Moderate,Vegetarian,Never,,8,5,169,7.4,140,81,117.1,Middle,Low
3884,52,Female,Ahmedabad,27.8,No,Sedentary,Vegetarian,Never,Occasional,4.3,8,211,7.4,148,88,115,High,Moderate
3889,51,Female,Bengaluru,20.4,No,Active,Vegetarian,Never,,8.5,4,162,6.8,150,80,92.9,Low,Low
3890,57,Female,Bengaluru,22.1,Yes,Active,Non-Vegetarian,Never,,7.9,2,151,6.3,120,80,98.2,Middle,Low
3892,49,Male,Ahmedabad,30.3,No,Sedentary,Non-Vegetarian,,Never,8,3,174,7.4,150,96,125.9,Middle,Moderate
3893,51,Female,Ahmedabad,24.8,No,Moderate,Non-Vegetarian,Never,Regular,7,4,103,5.4,130,82,104.6,Low,Low
3894,18,Male,Hyderabad,21.4,No,Moderate,Non-Vegetarian,,Occasional,6,10,119,6.1,140,84,106.5,High,Low
3896,40,Male,Delhi,19.2,No,Active,Vegetarian,Never,Never,8,3,78,5.2,124,86,90.1,Middle,Low
3897,45,Female,Delhi,27.2,Yes,Moderate,Non-Vegetarian,,Occasional,6.3,5,210,8.4,150,100,107.4,Middle,High
3898,44,Female,Bhopal,18.9,Yes,Moderate,Vegetarian,Never,Occasional,7,7,141,6.1,142,96,86.7,Middle,Low
3901,49,Male,Delhi,24.3,Yes,Active,Non-Vegetarian,Never,Never,7.5,10,187,7.6,143,84,107.6,Middle,High
3904,47,Male,Bhopal,30.6,Yes,Moderate,Vegetarian,Former,Occasional,7,7,184,6.9,144,100,118.6,High,Low
3905,28,Male,Hyderabad,15.7,No,Sedentary,Non-Vegetarian,Never,,7,6,161,6.6,130,80,85.8,High,Low
3906,55,Female,Chennai,23.7,Yes,Sedentary,Non-Vegetarian,Never,Never,6.4,10,160,6.4,130,82,95.9,High,Low
3908,47,Female,Delhi,21.3,Yes,Moderate,Vegetarian,Never,Never,6.5,9,160,6.8,146,90,90.2,Middle,Low
3914,51,Male,Bhopal,21.6,Yes,Moderate,Vegetarian,Never,Never,8.5,1,160,6.4,132,70,95.6,Low,Low
3915,34,Female,Delhi,20.3,No,Moderate,Non-Vegetarian,Never,Occasional,5.9,9,133,6.5,150,70,87.6,High,Low
3916,57,Female,Bengaluru,24.5,No,Moderate,Vegetarian,Never,Never,5.7,9,185,7.7,168,88,101.8,High,Moderate
3917,50,Male,Delhi,27.6,No,Sedentary,Pescatarian,Current,Never,7.2,7,172,7.2,150,90,116.8,Low,Moderate
3922,53,Male,Bengaluru,19.8,No,Moderate,Non-Vegetarian,Never,Never,9,4,160,7.1,130,80,94.9,Middle,Low
3924,44,Male,Delhi,23.7,Yes,Active,Non-Vegetarian,Current,Never,6.5,7,235,7.8,160,86,106.7,High,Moderate
3930,47,Male,Bhopal,21,No,Moderate,Vegetarian,Current,Never,8,5,193,7.2,144,80,100.3,Middle,Moderate
3931,41,Male,Delhi,18.7,Yes,Moderate,Vegetarian,Current,Occasional,7.5,7,179,7.5,140,96,90,Middle,Moderate
3933,38,Female,Chennai,18.1,Yes,Moderate,Non-Vegetarian,Never,,7,6,133,6,126,80,83.1,High,Low
3934,45,Female,Delhi,19.9,Yes,Moderate,Non-Vegetarian,Never,Never,7,7,195,7.5,150,95,89.6,Middle,Moderate
3936,51,Female,Bengaluru,24.9,Yes,Moderate,Vegetarian,Former,,6,5,156,6.8,142,80,101.2,Middle,Low
3939,42,Female,Hyderabad,17.8,No,Active,Non-Vegetarian,Former,Occasional,7,9,170,6.9,142,90,84.7,Middle,Low
3941,52,Male,Bengaluru,30.1,No,Moderate,Vegetarian,Never,Never,9,3,214,7,160,90,120.1,Middle,Moderate
3944,29,Female,Hyderabad,22,No,Moderate,Vegetarian,Never,Occasional,5,10,258,8,142,100,96.8,High,Moderate
3948,49,Female,Bengaluru,25.5,Yes,Active,Vegetarian,Never,Never,5.9,6,177,6.7,140,90,107.5,Middle,Moderate
3952,49,Male,Ahmedabad,20.6,Yes,Active,Non-Vegetarian,Former,Never,8.9,2,174,6.9,152,84,95.8,Low,Moderate
3954,51,Female,Chennai,26.1,No,Sedentary,Non-Vegetarian,Current,Regular,5.5,10,164,7.2,150,86,98.9,High,Moderate
3955,48,Male,Chennai,25.1,No,Moderate,Vegetarian,Former,,6.5,6,146,6.7,144,100,116.4,Low,Low
3956,50,Female,Hyderabad,22.3,No,Sedentary,Vegetarian,Never,Never,6,10,172,6.7,160,82,89,Middle,Low
3957,52,Female,Hyderabad,24.2,No,Moderate,Non-Vegetarian,Never,Occasional,7,7,193,7.2,160,90,97.6,Middle,Moderate
3963,52,Male,Bengaluru,33.4,No,Sedentary,Vegetarian,Never,Never,6.5,8,181,7.1,170,104,132.6,High,Moderate
3966,55,Female,Hyderabad,30.3,Yes,Sedentary,Non-Vegetarian,Never,Occasional,6.5,9,197,7.3,160,96,116.2,High,High
3968,29,Female,Delhi,21.2,Yes,Moderate,Non-Vegetarian,Never,,6,8,165,7.2,140,75,90.2,High,Low
3975,59,Male,Delhi,24.7,Yes,Active,Non-Vegetarian,Never,Occasional,11,1,167,7,150,80,105.9,Middle,Moderate
3976,48,Female,Delhi,23,No,Active,Non-Vegetarian,Never,,7.7,8,231,9,130,92,95.5,Middle,High
3977,50,Female,Delhi,15.5,No,Active,Vegetarian,Never,,8,7,157,7,140,88,80.2,High,Low
3978,45,Male,Hyderabad,21.1,No,Moderate,Vegetarian,Never,Occasional,6.3,9,192,6.7,147,100,97.3,High,Moderate
3985,54,Female,Delhi,16.5,Yes,Moderate,Vegetarian,Current,Occasional,8,6,154,6.5,150,76,82.7,Middle,Low
3989,36,Female,Bengaluru,18.4,No,Active,Non-Vegetarian,Never,Regular,7,7,179,6.6,130,81,86.4,Middle,Moderate
3990,54,Female,Hyderabad,23.4,No,Active,Vegetarian,Never,Never,5,8,110,5.7,140,90,106.2,High,Low
3991,24,Female,Ahmedabad,18.6,Yes,Active,Vegetarian,Current,Occasional,7,5,113,5.7,127,80,84.4,Middle,Low
3993,26,Female,Ahmedabad,28.7,No,Sedentary,Pescatarian,Never,Occasional,8,2,185,7.2,132,82,114.7,Middle,Low
3994,38,Female,Delhi,18.8,Yes,Active,Vegetarian,Never,Never,7,5,115,5.8,116,80,87.2,,Low
3995,29,Male,Ahmedabad,20.6,No,Active,Non-Vegetarian,Never,Occasional,6,4,99,5.6,120,82,95.4,Low,Low
3997,25,Female,Bhopal,33.7,No,Moderate,Non-Vegetarian,Never,Never,5,4,161,6,140,80,122.5,Low,Low
3998,51,Male,Delhi,22.2,Yes,Active,Non-Vegetarian,Never,,5,8,203,7.7,150,92,99,Middle,Moderate
3999,35,Female,Ahmedabad,23.9,Yes,Active,Vegetarian,Never,,7.5,1,176,7.4,128,80,102.9,Middle,Moderate
4001,42,Male,Delhi,21.2,No,Moderate,Non-Vegetarian,Never,Never,7,10,143,6.3,134,90,99.1,Middle,Moderate
4006,57,Male,Ahmedabad,26.3,Yes,Sedentary,Non-Vegetarian,Current,Never,6,3,162,6.6,131,80,108,Middle,Low
4009,43,Female,Ahmedabad,22.1,No,Sedentary,Non-Vegetarian,Never,,8,6,143,6.5,130,82,94.5,Low,Low
4012,38,Male,Bengaluru,20.4,No,Active,Vegetarian,Never,Occasional,7,6,109,5.8,130,100,98.1,Middle,Low
4016,44,Female,Bhopal,27,No,Sedentary,Vegetarian,Current,,4,10,165,6.3,150,90,107.3,High,Low
4017,46,Female,Delhi,21.5,Yes,Moderate,Vegetarian,Never,Regular,6,7,177,7.7,148,80,95.4,Middle,Moderate
4018,38,Female,Ahmedabad,18.1,No,Active,Non-Vegetarian,Never,,7,3,107,5.7,110,88,83.2,Low,Low
4019,53,Male,Ahmedabad,26.2,No,Moderate,Vegetarian,Current,Occasional,10,3,183,7.3,132,98,104.8,Low,Moderate
4022,35,Male,Delhi,21.9,No,Active,Non-Vegetarian,Current,Occasional,8,6,180,7,150,82,102.6,Low,Low
4023,31,Female,Bengaluru,19.3,No,Active,Non-Vegetarian,Never,Never,7,6,109,5.8,120,93,90.5,High,Low
4028,50,Female,Hyderabad,27.8,Yes,Sedentary,Vegetarian,Never,Occasional,8,6,175,7.4,158,80,107.6,Middle,Moderate
4030,47,Male,Hyderabad,22.3,No,Active,Vegetarian,Never,Occasional,8,6,174,7.3,130,98,101.1,Middle,Moderate
4031,58,Male,Bengaluru,21.5,No,Active,Vegetarian,Current,Never,9,4,110,5.6,140,86,96.4,Low,Low
4034,32,Female,Ahmedabad,21.4,No,Moderate,Non-Vegetarian,Current,,5,7,184,7.5,120,90,97.3,Low,Low
4040,38,Female,Hyderabad,23,No,Active,Non-Vegetarian,Never,Never,7,5,165,6.6,126,90,95,Middle,Moderate
4043,39,Female,Bengaluru,22.8,No,Active,Non-Vegetarian,Never,,6,10,187,7,130,100,92.6,Middle,Moderate
4044,50,Male,Delhi,22.2,Yes,Moderate,Non-Vegetarian,Current,Regular,8.3,7,263,9.1,142,84,99,Middle,High
4045,43,Female,Bengaluru,15,No,Active,Pescatarian,Never,,6.2,7,119,5.8,128,90,78.6,High,Low
4049,42,Male,Hyderabad,20.4,Yes,Active,Non-Vegetarian,Never,Never,10,3,119,5.9,123,80,93.2,High,Low
4050,54,Male,Delhi,23.1,No,Sedentary,Vegetarian,,Occasional,6.7,8,189,7.3,130,90,104.9,Low,Moderate
4051,51,Male,Hyderabad,25.5,Yes,Active,Non-Vegetarian,Never,Occasional,7,8,175,7.2,140,90,107.7,High,Low
4054,56,Female,Bengaluru,17.9,No,Moderate,Vegetarian,Never,Never,7,9,118,6,140,88,86.4,Middle,Low
4055,39,Male,Bengaluru,21.4,Yes,Active,Non-Vegetarian,Former,Occasional,9,6,143,6.1,130,80,103.4,Middle,Low
4057,32,Male,Hyderabad,21.3,No,Sedentary,Vegetarian,Never,Never,7,6,198,8.3,110,90,101.8,Middle,Moderate
4058,52,Female,Chennai,24,No,Active,Vegetarian,Current,,5.5,10,175,6.8,150,100,100.2,High,Low
4059,58,Female,Hyderabad,22.8,No,Active,Non-Vegetarian,Never,,7,6,213,7.8,148,90,98.1,Low,High
4060,56,Male,Delhi,30.5,Yes,Sedentary,Vegetarian,Never,Occasional,6.4,9,182,7.5,150,100,124.8,High,High
4061,46,Female,Delhi,26.9,No,Sedentary,Vegetarian,Never,Regular,5.3,10,173,6.6,164,96,109.6,High,Moderate
4064,45,Male,Bengaluru,29.1,Yes,Sedentary,Non-Vegetarian,Never,Never,5.5,7,169,7.4,124,88,113.9,Middle,Moderate
4065,35,Female,Delhi,30.2,Yes,Sedentary,Vegetarian,Never,Never,5.4,8,198,7.5,166,82,111.5,Low,Moderate
4066,46,Female,Delhi,28.2,No,Sedentary,Non-Vegetarian,Former,Never,8,6,202,7.6,140,68,110.1,High,Moderate
4068,57,Male,Bengaluru,24.1,No,Sedentary,Non-Vegetarian,,Occasional,6.2,9,226,8.2,134,84,104.6,Middle,High
4069,38,Female,Ahmedabad,20.4,No,Active,Non-Vegetarian,Never,,7.5,1,105,5.5,136,84,89.8,Middle,Low
4070,47,Male,Bhopal,29.9,No,Sedentary,Vegetarian,Former,Never,9,3,194,7.5,150,86,120.8,Low,High
4071,40,Female,Bengaluru,23.6,No,Sedentary,Vegetarian,Former,Never,6,8,176,6.9,154,94,105.9,High,Moderate
4073,29,Male,Bengaluru,23.7,Yes,Sedentary,Non-Vegetarian,Never,,8.8,6,142,6.7,144,90,103.5,Middle,Low
4075,57,Female,Bengaluru,22.5,Yes,Moderate,Vegetarian,Never,Never,6,5,222,7.3,146,85,96.2,High,High
4076,53,Female,Bengaluru,21.8,Yes,Active,Non-Vegetarian,Former,,7,3,164,6.9,130,72,90.1,High,Low
4078,21,Male,Bengaluru,20.9,No,Active,Vegetarian,Current,Never,7,7,111,5.8,130,86,103.2,Middle,Low
4083,35,Female,Delhi,22.2,No,Active,Vegetarian,Current,Occasional,7.6,4,177,7,110,70,95.8,Middle,Low
4085,32,Female,Bengaluru,21,No,Moderate,Non-Vegetarian,Never,,7,9,190,7.4,148,90,92.3,Low,Low
4086,45,Female,Ahmedabad,19.5,No,Moderate,Non-Vegetarian,Never,,7.5,4,102,5.6,130,70,92.5,Middle,Low
4088,57,Male,Bengaluru,17.5,No,Active,Non-Vegetarian,Never,Occasional,8,6,194,7.1,140,80,87.1,Middle,Moderate
4089,28,Female,Chennai,28.4,No,Moderate,Non-Vegetarian,Never,,6,8,141,6.6,160,97,112.7,Middle,Low
4090,66,Male,Ahmedabad,26.1,Yes,Sedentary,Vegetarian,Never,Occasional,9,7,238,8,160,100,106.2,High,High
4091,50,Female,Bengaluru,23.1,Yes,Sedentary,Non-Vegetarian,Never,,6.7,6,153,6.8,140,84,94.8,Middle,Low
4092,33,Female,Ahmedabad,20,No,Active,Non-Vegetarian,Never,,7,3,137,6.1,136,90,89.8,Middle,Low
4094,36,Female,Ahmedabad,17.3,No,Active,Non-Vegetarian,Never,,6.9,7,144,6,130,87,79.8,Middle,Low
4095,49,Male,Ahmedabad,24.4,No,Sedentary,Vegetarian,Never,Regular,9,4,139,6.5,137,93,101.9,Middle,Low
4098,53,Male,Chennai,20.5,No,Active,Non-Vegetarian,Current,Never,8,6,172,7.2,148,85,96.4,Middle,Moderate
4099,50,Female,Bhopal,17.8,No,Active,Vegetarian,Never,,6,5,156,6.6,144,76,83.9,Middle,Low
4100,55,Female,Bengaluru,17.5,Yes,Active,Vegetarian,Never,,7.5,7,148,6.3,158,100,86.2,Middle,Low
4101,29,Male,Delhi,17,Yes,Active,Non-Vegetarian,Never,Regular,7,9,182,7.2,120,70,84.9,Middle,Low
4103,40,Male,Delhi,25.4,Yes,Sedentary,Non-Vegetarian,Former,Never,7.4,6,213,7.7,140,83,106.5,High,High
4105,59,Female,Hyderabad,21,No,Moderate,Vegetarian,Current,Never,5,7,191,7.3,160,88,86.8,Middle,Moderate
4107,64,Female,Chennai,30.8,No,Sedentary,Non-Vegetarian,Never,,8,10,216,7.3,148,92,116.8,,High
4112,39,Male,Hyderabad,22.9,No,Sedentary,Non-Vegetarian,Never,Regular,9,7,109,5.9,130,80,101.9,High,Low
4113,34,Female,Ahmedabad,23.1,Yes,Active,Non-Vegetarian,Never,Occasional,9,7,179,6.4,140,82,101.1,Middle,Moderate
4115,31,Male,Delhi,20.1,No,Active,Non-Vegetarian,,Occasional,6,7,161,6.8,130,80,94.6,Middle,Low
4116,53,Male,Delhi,19.9,No,Sedentary,Non-Vegetarian,Never,Never,8,6,181,7,160,90,92.8,High,Moderate
4119,57,Male,Bengaluru,28.2,Yes,Active,Non-Vegetarian,Never,Occasional,8,5,318,9.4,150,100,117.3,Middle,High
4121,36,Female,Hyderabad,22.9,Yes,Moderate,Non-Vegetarian,Never,Occasional,5.5,10,176,7,140,90,92.6,High,Moderate
4122,56,Male,Delhi,26,No,Sedentary,Non-Vegetarian,Never,Never,8,5,163,6.7,140,88,114.9,Middle,Low
4124,51,Female,Ahmedabad,18.8,No,Active,Vegetarian,Never,,10,5,114,5.8,140,86,87.8,Low,Low
4125,46,Male,Chennai,23.1,Yes,Moderate,Non-Vegetarian,Current,Regular,7,8,181,7,130,104,105.4,High,Moderate
4126,49,Male,Delhi,22.9,No,Sedentary,Non-Vegetarian,Never,,6,10,218,8.4,130,92,107,Middle,High
4127,42,Female,Bengaluru,19.9,No,Moderate,Non-Vegetarian,Never,,8,4,174,7,136,80,87.7,Middle,Low
4129,49,Male,Bengaluru,17.4,No,Active,Vegetarian,Current,Never,9,4,140,6.9,136,100,91.1,Middle,Low
4130,34,Male,Ahmedabad,26,No,Moderate,Non-Vegetarian,Former,Never,7,8,162,6.6,130,90,108.6,Low,Low
4135,60,Male,Delhi,24,Yes,Sedentary,Vegetarian,Current,Never,7,7,195,7.9,140,94,103.4,Low,High
4136,62,Female,Ahmedabad,32.5,No,Sedentary,Non-Vegetarian,Current,,7,2,158,6.8,144,96,117.5,Middle,Moderate
4138,53,Male,Bengaluru,18.8,Yes,Active,Vegetarian,Never,Regular,7.5,8,228,7.5,146,90,95,High,High
4139,44,Male,Bengaluru,24.4,No,Sedentary,Vegetarian,Never,Never,8,6,157,7,160,92,107.2,High,Low
4143,42,Female,Ahmedabad,19.1,No,Moderate,Non-Vegetarian,Never,,7,7,194,7.2,140,84,86.5,Middle,Moderate
4144,69,Male,Hyderabad,21.8,Yes,Moderate,Non-Vegetarian,Current,Never,8.7,5,136,5.5,140,100,97.1,Middle,Low
4151,54,Female,Hyderabad,20.9,No,Active,Vegetarian,Never,Occasional,5.8,10,215,8.4,150,91,91.3,High,High
4152,34,Female,Hyderabad,21.8,Yes,Active,Vegetarian,Former,,9,2,161,6.6,120,90,97.8,High,Low
4156,38,Male,Delhi,23.6,No,Active,Vegetarian,Never,,7,8,148,6.4,150,80,105.6,Low,Low
4157,36,Male,Bengaluru,32.1,No,Sedentary,Non-Vegetarian,Never,Regular,6,8,183,7.2,150,94,124.5,High,Low
4158,52,Female,Hyderabad,21,No,Moderate,Vegetarian,Never,Never,8,9,252,7.8,140,90,95.6,Middle,High
4159,57,Female,Bengaluru,22.1,No,Active,Non-Vegetarian,Never,,7.5,6,138,6.7,130,77,94.4,High,Low
4161,49,Female,Ahmedabad,23.2,No,Active,Non-Vegetarian,Never,Occasional,7.7,4,184,7.1,140,88,98.1,,High
4162,51,Male,Bhopal,22,No,Sedentary,Non-Vegetarian,Never,Never,8,6,204,6.8,144,85,103.3,Low,Low
4163,50,Male,Bengaluru,20.2,No,Moderate,Non-Vegetarian,Never,Never,6,8,115,5.8,133,90,94.4,Middle,Low
4166,54,Male,Delhi,20,No,Moderate,Vegetarian,Current,Never,4.9,8,247,8.3,150,100,96.3,High,High
4168,59,Male,Delhi,23,No,Sedentary,Vegetarian,Current,Occasional,9,6,274,10.2,144,80,101.4,High,High
4169,44,Male,Hyderabad,22.7,No,Sedentary,Vegetarian,Former,,7,10,195,7.2,111,89,98,High,Moderate
4173,56,Female,Chennai,19.8,Yes,Active,Non-Vegetarian,Never,Regular,7,8,154,6.9,140,90,87.8,Middle,Moderate
4177,51,Male,Bhopal,22.9,No,Sedentary,Vegetarian,Never,Never,7.3,5,206,8,144,80,101.3,Low,High
4178,59,Female,Delhi,26.6,Yes,Moderate,Vegetarian,Never,,9,7,177,7.1,160,92,109.3,High,Moderate
4179,41,Male,Bengaluru,19.2,No,Sedentary,Non-Vegetarian,Never,Never,7,6,97,5.4,140,80,95.7,Middle,Low
4183,34,Other,Ahmedabad,24.1,No,Active,Pescatarian,Current,Occasional,6,6,215,8,130,92,93.3,,High
4185,53,Female,Bengaluru,24,Yes,Sedentary,Non-Vegetarian,Never,Never,7.5,6,203,7,137,80,97.3,High,Low
4186,56,Female,Delhi,35.7,No,Sedentary,Vegetarian,Never,,6,10,177,6.8,150,80,128.4,Middle,Moderate
4190,41,Male,Bengaluru,28.4,Yes,Sedentary,Non-Vegetarian,Never,Occasional,7,5,212,7.3,140,102,117.1,Middle,Moderate
4192,64,Female,Hyderabad,27,No,Sedentary,Pescatarian,Current,,7.5,7,176,7.4,140,90,107.4,High,Low
4196,43,Male,Bengaluru,19.9,No,Active,Non-Vegetarian,Current,Never,6.5,8,136,5.9,130,90,93.9,Middle,Low
4198,18,Male,Bengaluru,22.4,No,Active,Non-Vegetarian,Never,,7,8,111,5.8,150,70,101.1,Middle,Low
4201,49,Female,Hyderabad,29.9,Yes,Active,Vegetarian,Never,Occasional,9,6,204,7.6,140,90,115.5,Middle,High
4202,37,Male,Chennai,20.4,No,Active,Vegetarian,Current,Never,6,10,138,6.5,140,80,96,,Low
4206,49,Female,Delhi,27.4,Yes,Sedentary,Vegetarian,Current,,7,5,211,8.6,140,90,114.4,Middle,High
4209,46,Male,Ahmedabad,17.5,No,Active,Non-Vegetarian,Never,Occasional,8,8,137,6.6,140,80,86.7,High,Low
4210,33,Female,Chennai,25.7,No,Moderate,Vegan,Never,Regular,7,4,166,7,133,88,107,Middle,Low
4214,27,Male,Bengaluru,24.3,Yes,Sedentary,Vegetarian,Never,Never,6.5,8,150,6.4,120,83,104.1,High,Low
4215,58,Male,Bengaluru,21.1,No,Sedentary,Non-Vegetarian,Former,Occasional,7,5,176,7.4,150,80,98.4,Low,Moderate
4217,44,Female,Delhi,23.8,No,Sedentary,Vegetarian,Never,,8,6,164,6.7,152,100,98.9,Middle,Moderate
4218,64,Male,Delhi,32.1,No,Sedentary,Vegetarian,Never,,6.9,6,190,7.1,170,90,116.4,High,High
4219,56,Male,Hyderabad,18.2,No,Active,Vegetarian,Never,Occasional,9.3,5,159,6.8,140,90,86,Middle,Low
4222,45,Male,Bhopal,20.9,No,Moderate,Vegetarian,Never,Occasional,7,3,150,6.4,150,100,96.4,Middle,Low
4223,51,Male,Hyderabad,25.8,Yes,Sedentary,Vegetarian,Never,Occasional,7.5,7,211,7.9,160,100,110.4,High,Moderate
4224,45,Male,Delhi,20.4,No,Moderate,Non-Vegetarian,Never,Never,7.1,7,126,6,150,96,100.9,Middle,Low
4225,41,Male,Ahmedabad,22.7,No,Active,Vegetarian,Never,Occasional,7,4,206,7.2,144,88,102,Middle,Moderate
4227,29,Male,Hyderabad,23.4,No,Active,Non-Vegetarian,Never,Never,4,10,178,6.7,141,90,104.6,Middle,Low
4230,51,Male,Bengaluru,20.7,No,Active,Non-Vegetarian,Former,Occasional,7.8,4,203,7.4,140,72,92.9,Middle,High
4231,44,Female,Chennai,20.1,No,Sedentary,Pescatarian,Former,Regular,7.5,8,99,5.2,144,80,89.6,High,Low
4233,52,Male,Chennai,32.1,No,Sedentary,Non-Vegetarian,Never,,9,4,193,7.1,155,84,125.1,Middle,Moderate
4236,30,Female,Ahmedabad,18.8,Yes,Active,Non-Vegetarian,Former,Never,8.9,6,237,8.5,120,85,84.6,Middle,High
4238,44,Male,Bengaluru,24.2,No,Sedentary,Non-Vegetarian,Former,Never,7,6,156,7,140,92,103.1,Middle,Low
4240,52,Male,Chennai,21.3,No,Moderate,Non-Vegetarian,Never,Never,6.7,5,184,8.1,150,90,99.7,Middle,Moderate
4242,48,Female,Ahmedabad,22.5,No,Active,Non-Vegetarian,Never,,7.3,8,190,7,135,104,93.5,Low,Moderate
4243,57,Female,Bengaluru,25.6,No,Moderate,Non-Vegetarian,Never,Occasional,6.5,9,222,8.4,147,96,100.6,High,High
4245,57,Female,Ahmedabad,23.7,No,Sedentary,Vegetarian,Never,Occasional,7,7,216,7.6,152,86,102.3,High,High
4247,47,Male,Bhopal,27.7,No,Moderate,Vegetarian,Never,Occasional,7.8,1,159,7,140,80,118.3,Low,Low
4249,42,Female,Delhi,21.1,Yes,Moderate,Vegetarian,Former,Never,6,10,165,7,140,100,92.3,Middle,Low
4251,41,Female,Hyderabad,22,No,Sedentary,Non-Vegetarian,Never,Never,6.5,10,111,5.8,150,96,93.9,High,Low
4252,44,Female,Hyderabad,24.6,Yes,Sedentary,Vegetarian,Current,Occasional,5.4,6,165,6.5,136,84,99.5,High,Low
4255,68,Male,Ahmedabad,24.5,No,Sedentary,Non-Vegetarian,Current,Never,6.6,4,185,6.7,140,90,111.6,Middle,Moderate
4259,50,Female,Bengaluru,26.4,No,Sedentary,Vegetarian,Never,,5,10,211,7.4,160,80,105.5,Middle,High
4265,58,Male,Ahmedabad,30.4,Yes,Sedentary,Non-Vegetarian,Never,Occasional,6.5,2,195,7.5,144,100,118.3,Middle,Moderate
4266,56,Female,Chennai,21.4,No,Active,Vegetarian,Never,,7.3,8,179,6.2,130,88,91.1,Middle,Low
4272,37,Male,Ahmedabad,21.9,Yes,Moderate,Vegetarian,Current,Never,6,7,166,6.8,136,82,97.8,High,Low
4274,31,Female,Bhopal,20.7,No,Active,Non-Vegetarian,Never,Occasional,7,4,101,5.2,134,80,96.5,Middle,Low
4277,37,Female,Delhi,21.4,No,Sedentary,Non-Vegetarian,Never,Occasional,8.4,2,144,6.4,120,80,94.9,Middle,Low
4278,48,Female,Delhi,21.8,No,Sedentary,Vegetarian,Never,,7,9,231,8.4,124,96,97.4,Middle,High
4280,51,Female,Delhi,22.1,Yes,Active,Vegetarian,Never,,7,9,189,7.8,130,88,90,Low,High
4283,46,Male,Bengaluru,20.5,No,Active,Non-Vegetarian,Never,Never,6.5,5,128,6.1,110,87,95.2,Middle,Low
4286,55,Female,Bengaluru,23.7,Yes,Moderate,Vegetarian,Former,,5,9,209,7.9,152,90,103.5,,High
4287,50,Female,Delhi,28.2,No,Sedentary,Non-Vegetarian,Never,,7.5,8,171,6.9,140,100,107.7,High,Low
4288,58,Female,Bhopal,18.1,No,Moderate,Vegetarian,Never,Regular,8,6,178,7.4,132,94,86.4,Low,High
4291,31,Female,Delhi,22.3,Yes,Moderate,Vegetarian,Never,Occasional,6.5,6,157,6,112,80,96.1,High,Low
4292,48,Male,Hyderabad,22.9,Yes,Sedentary,Vegetarian,Never,,7,5,125,6.4,150,96,101.5,,Low
4295,34,Female,Delhi,20.2,No,Active,Non-Vegetarian,Never,,6,6,157,6.7,130,90,85.8,High,Low
4296,43,Male,Bengaluru,18.6,No,Sedentary,Non-Vegetarian,Never,Never,8.5,3,177,7.1,130,80,87.9,Middle,Low
4298,51,Male,Hyderabad,20.1,No,Sedentary,Vegetarian,,Regular,7.6,2,151,6.8,160,92,95.1,Middle,Moderate
4301,40,Male,Delhi,17.9,Yes,Moderate,Non-Vegetarian,Current,Never,8,8,167,7.1,152,92,88.4,Middle,Moderate
4303,40,Male,Delhi,23.4,Yes,Active,Vegetarian,Never,,8,4,145,6.2,120,80,104.1,Middle,Low
4306,31,Female,Ahmedabad,18.3,No,Active,Vegetarian,Never,,8,1,94,5.2,122,70,86.9,Middle,Low
4308,52,Female,Delhi,29.4,No,Moderate,Vegetarian,Never,Never,6,7,186,7.7,172,100,111.5,High,Moderate
4309,43,Male,Delhi,21.1,No,Sedentary,Vegetarian,Never,Never,6,8,169,6.9,146,80,93.7,Middle,Low
4310,57,Male,Chennai,23.1,No,Active,Non-Vegetarian,Never,Occasional,8,4,144,6,148,90,96.1,Middle,Low
4312,37,Male,Delhi,22.3,Yes,Active,Vegetarian,Never,,6,4,182,6.9,120,90,98,Low,Moderate
4313,38,Female,Delhi,18.7,No,Active,Non-Vegetarian,Never,Never,7,6,108,5.7,120,94,88.2,Middle,Low
4314,49,Male,Ahmedabad,28.4,No,Sedentary,Vegetarian,Never,Never,5.5,6,171,6.9,144,92,117.2,Low,Low
4317,43,Male,Chennai,18.4,No,Active,Non-Vegetarian,Current,Regular,7,7,154,6.5,148,87,91,Middle,Low
4318,47,Male,Ahmedabad,28.4,No,Active,Vegetarian,Former,Never,9.5,2,206,8.2,144,80,113.7,Low,High
4322,54,Female,Hyderabad,28.3,No,Sedentary,Non-Vegetarian,Never,Never,6.9,6,217,8.6,144,80,105.2,Middle,High
4323,52,Female,Bengaluru,22.5,No,Sedentary,Non-Vegetarian,Never,Never,8.5,7,149,6.4,136,90,94.8,Middle,Low
4326,35,Female,Ahmedabad,24.4,Yes,Moderate,Non-Vegetarian,Former,Never,9,1,163,6.8,140,80,95.5,Middle,Low
4328,39,Male,Hyderabad,20.9,No,Moderate,Non-Vegetarian,Former,,6,9,120,6.1,133,80,96.9,Middle,Low
4338,55,Male,Ahmedabad,22.8,No,Moderate,Vegetarian,Never,Never,7,5,176,6.8,150,88,98.7,Low,Moderate
4340,51,Female,Chennai,28.3,Yes,Sedentary,Vegetarian,Current,Regular,9,5,172,6.9,151,96,109.6,Middle,Moderate
4341,40,Male,Ahmedabad,23.3,No,Sedentary,Non-Vegetarian,,Never,6,7,140,6.8,140,80,102.5,Low,Low
4342,44,Male,Ahmedabad,19.6,No,Sedentary,Non-Vegetarian,Current,Never,6.5,5,113,6.1,124,81,96.8,Middle,Low
4344,50,Male,Delhi,23.4,No,Active,Non-Vegetarian,Never,Occasional,7,8,174,7.1,152,79,106.7,High,Low
4346,56,Male,Delhi,21.8,No,Moderate,Vegetarian,Former,Never,6,8,162,6.5,142,84,104.9,Low,Low
4348,41,Male,Bhopal,23.7,No,Sedentary,Non-Vegetarian,Never,Occasional,6.5,7,193,7.4,140,92,107.2,Low,Low
4351,29,Female,Hyderabad,23.8,Yes,Active,Vegetarian,Never,Never,7,7,165,6.8,158,95,104,High,Low
4355,55,Female,Ahmedabad,29.9,Yes,Moderate,Non-Vegetarian,Current,,7,7,175,7.1,150,90,119.4,Middle,Moderate
4357,58,Male,Hyderabad,25.4,No,Sedentary,Vegetarian,Never,Never,7,7,177,6.9,160,100,108.5,High,Low
4359,42,Female,Delhi,27.7,No,Sedentary,Non-Vegetarian,Never,,7,2,166,7.2,140,90,104.1,Middle,Low
4364,32,Male,Bengaluru,22.1,Yes,Moderate,Non-Vegetarian,Current,Never,6,6,166,7,128,70,95.1,Low,Low
4365,48,Female,Ahmedabad,23.7,No,Sedentary,Vegetarian,Current,Occasional,7,6,144,6.2,150,90,97.4,Low,Low
4369,34,Female,Ahmedabad,26.5,Yes,Moderate,Vegetarian,Never,Never,7,6,156,6.6,136,90,104.6,High,Moderate
4370,43,Male,Chennai,17.6,No,Active,Non-Vegetarian,Former,Never,7.5,7,199,7.6,138,90,91.1,Middle,Moderate
4373,36,Male,Delhi,27,No,Active,Non-Vegetarian,Never,Occasional,9.6,2,184,6.7,120,80,110.2,Middle,Moderate
4375,53,Male,Delhi,21.3,Yes,Sedentary,Non-Vegetarian,Never,Regular,5.5,6,167,7,149,80,96.6,Middle,Moderate
4376,46,Male,Hyderabad,22.4,No,Moderate,Non-Vegetarian,Never,Occasional,7,8,200,6.8,150,90,105,Middle,Low
4377,30,Male,Chennai,21.8,No,Sedentary,Non-Vegetarian,Never,Occasional,7,8,99,5.2,100,100,99.6,High,Low
4379,49,Male,Delhi,23.5,Yes,Moderate,Vegetarian,Never,Occasional,7.5,5,133,5.7,150,90,100.9,High,Low
4383,47,Male,Chennai,28.2,No,Moderate,Vegetarian,Current,Occasional,6,8,172,6.6,146,92,114.9,Low,Low
4386,69,Female,Ahmedabad,19.8,No,Sedentary,Vegetarian,Never,,8,1,146,6.3,140,90,91.7,Middle,Low
4387,41,Female,Delhi,27.6,Yes,Sedentary,Vegetarian,Never,,6.4,5,166,6.8,136,78,106.7,Middle,Moderate
4388,36,Female,Ahmedabad,15,No,Active,Non-Vegetarian,Never,,8,1,106,5.5,100,70,81,Middle,Low
4389,44,Male,Bhopal,22.7,No,Sedentary,Vegetarian,Never,Regular,7,6,199,6.8,150,80,101.9,Middle,Low
4391,63,Male,Ahmedabad,25,Yes,Moderate,Vegetarian,Former,Never,10,2,160,6.8,116,90,107.3,Middle,Moderate
4392,48,Male,Delhi,19.3,No,Sedentary,Vegetarian,Never,,9,5,134,6.4,150,87,91.7,High,Low
4395,38,Female,Hyderabad,21.5,No,Moderate,Vegetarian,Never,,6.5,5,210,7.3,140,100,93,Low,High
4398,44,Male,Bengaluru,21.3,No,Sedentary,Vegetarian,Never,Occasional,7.5,4,93,5.7,120,100,99.6,Middle,Low
4400,42,Other,Chennai,16.6,No,Active,Vegetarian,Never,Occasional,6,7,227,8.2,150,80,81.2,High,High
4402,40,Male,Chennai,25.3,No,Sedentary,Vegetarian,Never,Never,7,6,151,6.3,130,80,110.1,High,Low
4406,31,Female,Delhi,19,Yes,Active,Vegetarian,Never,,8,6,168,7.2,140,70,83.5,High,Low
4407,54,Female,Hyderabad,17.9,No,Active,Non-Vegetarian,Never,Never,6,2,103,5.1,120,68,81.4,Middle,Low
4408,59,Male,Ahmedabad,16.9,Yes,Active,Non-Vegetarian,Current,Never,7.4,5,209,7.1,168,90,84.3,Low,Low
4413,44,Female,Hyderabad,25.6,No,Sedentary,Vegetarian,Never,,8,8,125,5.6,148,90,100.2,Low,Low
4414,20,Female,Bengaluru,18.9,No,Active,Vegetarian,Never,Occasional,4.8,6,117,5.7,116,90,84.3,Low,Low
4415,47,Male,Hyderabad,24.5,Yes,Sedentary,Non-Vegetarian,Never,Occasional,6,8,191,7.8,140,100,105.5,Middle,Moderate
4417,47,Female,Delhi,28,Yes,Moderate,Vegetarian,Never,,7,8,176,7.1,142,98,109.2,Low,Moderate
4418,33,Male,Ahmedabad,20.1,No,Moderate,Vegetarian,Never,Occasional,7.5,4,176,6.9,140,76,97.5,Middle,Low
4423,38,Female,Hyderabad,19.6,No,Moderate,Non-Vegetarian,Never,Never,7.5,5,114,6,136,84,90.4,Low,Low
4427,54,Male,Bengaluru,19,No,Sedentary,Vegetarian,Never,Regular,6.5,10,169,7.5,150,80,95.4,High,Low
4428,43,Male,Delhi,33,No,Sedentary,Vegetarian,Never,Never,7,6,148,6.2,150,95,120.9,High,Low
4429,40,Male,Ahmedabad,21.9,No,Moderate,Vegan,Never,Occasional,6,8,113,6.1,150,90,99.6,Low,Low
4430,60,Male,Delhi,17.4,No,Active,Vegetarian,Current,Never,9,5,114,5.7,151,76,87.3,High,Low
4435,48,Male,Bhopal,21,No,Sedentary,Non-Vegetarian,Current,Occasional,8,5,141,6.5,134,90,95.8,Low,Low
4436,43,Female,Bengaluru,26.3,No,Sedentary,Vegetarian,Current,Never,8,5,272,9.3,152,92,102.1,Middle,High
4437,56,Male,Ahmedabad,23.5,Yes,Sedentary,Non-Vegetarian,Current,Occasional,7,4,195,7.8,144,100,105.4,Middle,High
4438,50,Female,Delhi,19.6,No,Moderate,Non-Vegetarian,Former,,8,6,131,5.8,140,84,90.7,High,Low
4441,24,Male,Ahmedabad,21.6,No,Moderate,Non-Vegetarian,Never,Never,7,7,152,6.8,112,90,99.7,Middle,Low
4442,51,Female,Bengaluru,22.4,Yes,Sedentary,Non-Vegetarian,Never,,8,4,220,7.7,120,90,99.3,Middle,High
4443,53,Male,Ahmedabad,35.6,Yes,Moderate,Non-Vegetarian,Never,Occasional,7,5,177,7.4,130,80,131.3,Middle,Moderate
4446,40,Male,Ahmedabad,19.1,No,Moderate,Vegetarian,Never,Never,7.4,9,174,6.4,128,90,90.9,Low,Low
4456,49,Male,Ahmedabad,25,No,Sedentary,Vegetarian,Former,Occasional,6,8,141,6.7,160,90,106.9,Low,Low
4458,34,Male,Hyderabad,27.4,Yes,Active,Pescatarian,,Occasional,8.1,8,201,7.2,124,92,117.9,High,Moderate
4460,55,Female,Hyderabad,20.3,Yes,Moderate,Vegetarian,Never,Occasional,5.9,7,198,6.8,148,80,92.2,High,Moderate
4461,37,Female,Bengaluru,24.8,No,Moderate,Non-Vegetarian,Never,,7.7,9,128,6.1,140,90,102.4,High,Low
4462,32,Male,Bhopal,26,Yes,Active,Non-Vegetarian,Never,,7,6,166,6.8,140,90,107.4,Low,Low
4465,53,Female,Chennai,32.2,No,Moderate,Vegetarian,Never,,6,3,176,6.7,144,90,132.7,Middle,Moderate
4472,37,Male,Bengaluru,25,No,Moderate,Non-Vegetarian,Former,,7,8,190,6.9,152,90,107,Low,Low
4478,42,Female,Hyderabad,22.6,Yes,Sedentary,Non-Vegetarian,,Never,8,7,207,8.2,170,82,96.5,High,High
4479,38,Female,Chennai,20.5,No,Active,Non-Vegetarian,Former,,7.3,3,146,6.3,136,90,90.2,Middle,Low
4480,41,Male,Delhi,28.1,No,Moderate,Non-Vegetarian,Never,Occasional,7,8,131,6.2,140,88,114.8,Middle,Low
4481,51,Female,Ahmedabad,25.6,No,Sedentary,Vegetarian,Never,,8,8,193,7.5,160,100,101.4,High,High
4482,49,Male,Delhi,25,Yes,Active,Non-Vegetarian,Never,Occasional,7,8,191,7,140,90,104,Middle,Moderate
4484,44,Male,Bengaluru,17.9,Yes,Active,Vegetarian,Never,Occasional,9,4,171,7,128,80,92.6,Middle,Moderate
4486,31,Female,Bengaluru,25.4,No,Active,Vegetarian,Never,Occasional,6,7,179,6.9,128,90,97.9,Middle,Moderate
4487,45,Male,Bengaluru,24.8,No,Moderate,Non-Vegetarian,Current,Never,8,9,118,6.1,132,92,105.1,High,Low
4488,47,Female,Ahmedabad,23.3,Yes,Sedentary,Vegetarian,Never,Occasional,8,5,191,7.3,134,86,99,Middle,Moderate
4489,36,Male,Delhi,19.3,No,Active,Vegetarian,Current,Occasional,7,8,115,6,138,80,97.1,Middle,Low
4490,55,Male,Delhi,20.2,No,Moderate,Vegetarian,Never,Occasional,5.5,8,152,6.9,150,80,92.6,Low,Low
4492,30,Female,Ahmedabad,23.6,No,Moderate,Vegetarian,Never,Occasional,8,4,163,6.9,140,78,96,Middle,Low
4493,47,Male,Delhi,22.9,Yes,Moderate,Vegetarian,Never,,7.5,9,197,7.3,140,100,103.6,High,High
4495,37,Other,Ahmedabad,18,No,Sedentary,Vegetarian,Never,Never,7,6,113,5.8,124,80,81.4,Low,Low
4497,42,Male,Bengaluru,25.8,Yes,Moderate,Non-Vegetarian,Never,Never,8,9,183,7.4,160,100,108.8,,Low
4498,37,Female,Delhi,21.2,No,Moderate,Non-Vegetarian,Never,Never,5,8,184,7.4,130,80,93.8,High,Moderate
4499,20,Male,Hyderabad,24.6,No,Moderate,Non-Vegetarian,Never,Never,8.5,6,154,6.4,134,80,106.1,High,Low
4500,28,Female,Bhopal,20.9,Yes,Active,Non-Vegetarian,Former,Never,7,6,216,7.5,120,84,89.6,Middle,Moderate
4501,40,Male,Hyderabad,23.1,No,Moderate,Vegetarian,Current,,5.5,9,154,6.6,140,100,100.8,High,Low
4502,36,Male,Delhi,21.2,No,Active,Non-Vegetarian,Never,Never,6,7,137,5.9,120,90,96.3,Middle,Low
4503,45,Male,Chennai,23.7,Yes,Moderate,Non-Vegetarian,Never,Never,7,7,191,6.9,140,90,105.1,Middle,Moderate
4506,47,Female,Chennai,24.4,No,Moderate,Non-Vegetarian,Never,Never,8.1,5,146,6.4,136,79,107,Low,Low
4508,58,Female,Delhi,24,No,Sedentary,Non-Vegetarian,Never,Never,7.5,8,158,6.4,160,90,100.2,Middle,Low
4510,57,Male,Chennai,24.2,No,Sedentary,Non-Vegetarian,Never,Regular,6.5,8,151,6.7,152,87,106.4,High,Low
4511,44,Female,Ahmedabad,17,No,Active,Non-Vegetarian,Never,,6,6,138,6.3,142,80,83,Low,Low
4516,40,Male,Ahmedabad,26.7,Yes,Sedentary,Vegetarian,Never,Occasional,7,4,136,6.1,140,80,108.7,Low,Low
4518,44,Male,Chennai,28.7,No,Moderate,Non-Vegetarian,Former,Never,6,6,180,7.5,126,80,115.7,Middle,Moderate
4519,42,Female,Delhi,22.1,Yes,Active,Non-Vegetarian,Never,Never,8.7,5,157,6.6,140,100,98,Middle,Low
4520,43,Female,Chennai,16.7,Yes,Active,Pescatarian,Never,Occasional,7,6,145,6.3,128,98,83.3,Middle,Low
4522,40,Male,Chennai,18.6,No,Active,Vegetarian,,Occasional,6,10,150,6.2,136,100,93.5,Middle,Low
4528,56,Female,Bengaluru,19.2,No,Active,Non-Vegetarian,Never,Occasional,8,6,150,6.6,130,80,87,,Low
4529,61,Male,Bhopal,24,No,Moderate,Vegetarian,Former,Occasional,7,6,171,7.7,150,80,106.9,Low,High
4530,44,Female,Ahmedabad,20.4,Yes,Active,Pescatarian,Former,Occasional,7.5,2,145,6.6,113,76,88.5,Low,Low
4532,31,Male,Delhi,21.1,Yes,Moderate,Non-Vegetarian,Former,Regular,6.5,7,170,6.9,134,80,96.3,Middle,Low
4533,58,Male,Bengaluru,20.3,No,Sedentary,Vegetarian,Never,Occasional,7,4,111,6.2,130,90,93.8,Middle,Low
4534,45,Female,Ahmedabad,22.1,Yes,Sedentary,Non-Vegetarian,Never,,8,5,162,7,150,88,94.4,Low,Low
4537,47,Female,Chennai,20.2,No,Sedentary,Vegetarian,Never,Occasional,6.9,7,158,6.3,136,80,94.3,Middle,Low
4539,54,Female,Bengaluru,28.5,No,Sedentary,Vegetarian,Current,,6.3,7,249,8.3,148,90,117.3,Middle,High
4540,56,Female,Delhi,25.2,Yes,Active,Non-Vegetarian,Never,,8.2,5,146,6.2,156,80,104.7,High,Low
4541,46,Male,Delhi,20.4,No,Sedentary,Non-Vegetarian,Never,,7,5,160,6.5,160,96,96.7,Middle,Low
4542,40,Male,Ahmedabad,26.3,No,Sedentary,Non-Vegetarian,Never,Never,8,3,151,6.3,132,89,105.3,High,Low
4543,25,Male,Bengaluru,24.4,Yes,Moderate,Vegetarian,Never,Never,8,8,164,6.6,130,89,106.4,High,Low
4544,44,Female,Bengaluru,20.1,Yes,Active,Vegetarian,Former,,8.5,5,175,7.2,140,82,86.9,Middle,Moderate
4547,45,Female,Delhi,25.4,No,Sedentary,Non-Vegetarian,Former,Never,10,4,236,8.1,150,80,99.4,Low,High
4548,50,Female,Bengaluru,19.2,No,Active,Vegetarian,Never,,6,7,133,6.2,148,73,89,Middle,Low
4552,42,Female,Hyderabad,17.3,Yes,Moderate,Non-Vegetarian,Current,Occasional,6.3,9,156,6.2,136,80,79.7,High,Low
4554,46,Male,Bhopal,25.2,No,Moderate,Vegetarian,Never,Never,7,5,173,6.6,148,88,107.8,Low,Low
4555,63,Male,Delhi,21.5,No,Sedentary,Vegetarian,Former,,7,8,169,7.4,160,100,102.1,High,Moderate
4558,55,Female,Bengaluru,29.9,Yes,Sedentary,Non-Vegetarian,Never,Never,9,6,165,6.8,150,100,114.8,High,Moderate
4559,64,Female,Bengaluru,22.6,Yes,Sedentary,Non-Vegetarian,Never,Regular,7,8,182,7.1,132,90,100.2,High,Moderate
4560,42,Female,Chennai,24.1,No,Sedentary,Vegetarian,Never,Regular,8,6,160,6.5,140,100,102.4,Middle,Moderate
4561,46,Male,Bengaluru,31.5,No,Sedentary,Vegetarian,Never,Occasional,6.5,6,191,8.1,168,82,127.1,Middle,Moderate
4563,55,Female,Bhopal,28.3,No,Sedentary,Non-Vegetarian,Never,Never,7,4,141,6.5,150,90,110.7,High,Low
4564,55,Male,Ahmedabad,26.2,No,Sedentary,Non-Vegetarian,Current,Never,8,6,158,6.7,150,92,111.5,Low,Moderate
4565,36,Female,Ahmedabad,15.8,No,Sedentary,Non-Vegetarian,Current,,8.7,5,139,6.7,140,90,79.4,Low,Low
4567,39,Male,Ahmedabad,21.2,Yes,Sedentary,Non-Vegetarian,Current,Occasional,7,4,193,7.8,140,90,95.2,High,High
4569,36,Female,Delhi,15,Yes,Active,Non-Vegetarian,Never,Occasional,6.5,8,175,6.9,140,80,75,High,Low
4570,56,Other,Bengaluru,18.4,Yes,Active,Non-Vegetarian,Never,,7,10,165,7.2,150,90,85.3,Middle,Moderate
4571,47,Female,Delhi,28.3,No,Moderate,Non-Vegetarian,Never,Occasional,7.5,5,156,6.8,158,90,111.4,Middle,Low
4572,54,Female,Bengaluru,20.3,No,Active,Non-Vegetarian,Former,Occasional,6,4,149,6.6,126,90,89.9,High,Low
4574,44,Female,Delhi,26.7,Yes,Sedentary,Vegetarian,Never,Never,7,7,163,7,147,96,106.7,High,Low
4576,49,Female,Chennai,24.9,Yes,Moderate,Vegetarian,Current,,7,4,185,7.4,138,84,100.7,Low,Moderate
4577,31,Female,Chennai,16.7,Yes,Active,Vegetarian,Never,,5.9,6,148,6.3,130,80,83.9,Middle,Low
4578,35,Male,Bengaluru,17.4,Yes,Active,Non-Vegetarian,Former,Never,8,6,150,6.5,134,90,90.4,High,Low
4581,46,Female,Bengaluru,35.3,No,Sedentary,Non-Vegetarian,Former,,9,3,169,6.6,144,90,127.3,Low,Moderate
4583,53,Male,Delhi,20.9,No,Moderate,Non-Vegetarian,Never,Never,8,6,169,7,140,100,101.3,Middle,Low
4584,51,Male,Hyderabad,19.2,No,Moderate,Vegetarian,Never,Never,8,6,218,7,140,92,92.9,Middle,High
4585,34,Female,Ahmedabad,26.8,No,Moderate,Non-Vegetarian,Never,,7.8,8,155,6.8,144,80,106.6,Low,Low
4589,34,Female,Hyderabad,23.9,No,Active,Non-Vegetarian,Former,Never,7,4,180,6.7,128,90,96.5,Middle,Low
4590,42,Male,Delhi,20.4,Yes,Moderate,Vegetarian,Never,Occasional,8.8,2,166,6.3,129,70,97.1,Low,Low
4591,46,Female,Delhi,37.1,No,Sedentary,Vegetarian,Never,,7,8,199,7.4,140,90,130,,Moderate
4594,23,Male,Ahmedabad,30.4,No,Moderate,Non-Vegetarian,Current,Never,10.5,2,205,7.8,130,90,120.7,Middle,Low
4595,60,Female,Bengaluru,24.1,Yes,Active,Vegetarian,Never,,6,7,175,6.9,150,100,99.3,Middle,Low
4599,55,Male,Hyderabad,25.8,Yes,Sedentary,Non-Vegetarian,Former,Occasional,8,5,197,7.8,136,100,110.3,Low,Moderate
4602,39,Male,Bengaluru,15,No,Active,Vegetarian,Former,Never,7.5,7,119,5.9,130,90,82.6,,Low
4605,41,Female,Bengaluru,21.6,No,Sedentary,Non-Vegetarian,Current,,7.9,9,137,6.2,138,90,95.7,High,Low
4607,56,Female,Ahmedabad,28.5,No,Sedentary,Non-Vegetarian,Never,,7,8,175,7.3,160,90,109.9,Middle,Moderate
4608,53,Female,Ahmedabad,21.2,No,Active,Non-Vegetarian,Current,Occasional,7,5,116,5.6,140,90,97,Low,Low
4609,43,Male,Hyderabad,29,No,Sedentary,Vegetarian,Former,Occasional,8,8,182,6.6,146,100,107,Middle,Low
4610,49,Male,Bengaluru,22.4,No,Active,Non-Vegetarian,Current,Occasional,9,7,141,6.2,137,90,102,High,Low
4613,36,Female,Hyderabad,15.7,No,Active,Non-Vegetarian,Never,,7,5,108,5.7,130,70,79.5,Middle,Low
4616,42,Female,Delhi,16.7,No,Active,Vegetarian,Current,,8,10,162,7,124,90,83.9,High,Low
4617,42,Female,Delhi,21.7,Yes,Moderate,Vegetarian,Never,Occasional,7,7,139,6,150,86,91.9,Middle,Low
4622,45,Female,Chennai,17.1,No,Active,Vegetarian,Never,Never,7.5,5,116,6.3,123,92,81.3,High,Low
4629,34,Male,Hyderabad,16.8,No,Active,Non-Vegetarian,Never,Never,6.5,7,112,5.6,130,80,87.5,High,Low
4630,51,Female,Bengaluru,23,No,Sedentary,Non-Vegetarian,Never,Never,6.5,5,159,6.7,136,80,94.2,High,Low
4633,56,Male,Hyderabad,15,No,Active,Vegetarian,Never,Occasional,8.3,6,151,5.7,147,84,83.5,High,Low
4634,46,Male,Bhopal,21.2,No,Moderate,Vegetarian,Current,Never,7.5,9,219,8.4,160,110,97.8,High,High
4635,48,Female,Ahmedabad,25.4,No,Moderate,Non-Vegetarian,Former,Never,10,4,202,7.7,140,84,107,Low,Moderate
4637,48,Female,Bengaluru,26,No,Sedentary,Pescatarian,Former,Never,5.8,9,183,7,160,96,110.9,Middle,Low
4641,44,Female,Chennai,18.4,Yes,Active,Vegetarian,Never,Never,6,4,210,8.1,130,87,89.7,High,Low
4643,62,Female,Ahmedabad,26,No,Sedentary,Vegetarian,Never,,7,7,158,6.8,146,91,104.5,Low,Low
4644,39,Female,Bhopal,18.5,No,Active,Non-Vegetarian,Never,,6.5,7,116,6,140,90,87.4,Middle,Low
4650,56,Male,Bengaluru,31.6,Yes,Sedentary,Non-Vegetarian,Never,Occasional,9,6,191,8,156,92,118.9,Middle,High
4651,47,Male,Delhi,20.8,No,Active,Vegetarian,Never,,8,7,136,6.1,156,85,99.2,High,Low
4654,47,Female,Bengaluru,16.9,No,Active,Non-Vegetarian,Current,Occasional,8.5,6,210,7.1,154,100,80.3,Middle,Low
4655,48,Female,Bengaluru,18.2,No,Moderate,Vegetarian,Never,Never,6,10,164,6.5,150,70,88.9,High,Low
4659,36,Male,Chennai,17,No,Active,Vegetarian,Current,Regular,8,7,107,5.4,128,80,90.1,Middle,Low
4663,46,Male,Delhi,32.2,No,Sedentary,Non-Vegetarian,Never,Occasional,8,6,164,6.9,160,104,125.8,High,Moderate
4665,52,Male,Chennai,21.4,No,Sedentary,Vegetarian,Never,,6,10,147,6.2,150,100,98.8,Middle,Low
4667,36,Male,Chennai,23.3,No,Moderate,Pescatarian,Never,Never,7,2,107,5.7,120,80,107.5,High,Low
4668,26,Female,Bhopal,20.5,No,Active,Non-Vegetarian,Never,,6,4,140,6.3,114,82,87.6,High,Low
4670,49,Male,Chennai,20.6,No,Active,Vegetarian,Current,Never,5.5,6,138,6.6,138,90,100.3,Middle,Low
4672,39,Male,Hyderabad,18.7,Yes,Moderate,Vegetarian,Never,Occasional,8,8,157,6.4,150,90,93.8,Middle,Low
4673,49,Male,Bengaluru,28.3,No,Sedentary,Vegetarian,Former,Never,8.4,5,167,6.7,144,90,112.4,Middle,Low
4674,46,Male,Ahmedabad,25.5,No,Moderate,Non-Vegetarian,Never,Never,8,5,152,6.7,110,90,106.2,Middle,Low
4676,35,Female,Delhi,25.5,No,Moderate,Vegetarian,Former,Occasional,7,7,185,7.3,142,80,104.9,Middle,Low
4679,44,Male,Chennai,18.7,No,Sedentary,Non-Vegetarian,Never,,5,8,166,6.5,148,100,93.2,High,Low
4680,66,Male,Chennai,26.1,Yes,Active,Non-Vegetarian,Never,,7,4,175,7.1,143,96,110.6,Middle,Low
4681,45,Male,Bengaluru,22.8,No,Moderate,Vegetarian,Never,Occasional,7,5,187,7.9,146,85,102.3,Middle,Moderate
4684,36,Male,Ahmedabad,20.6,No,Active,Vegan,Never,Never,6,6,174,6.7,120,80,94.5,Middle,Low
4686,47,Male,Bengaluru,22.6,No,Moderate,Non-Vegetarian,Never,Regular,7.5,7,180,7.6,148,80,97.8,Middle,Moderate
4688,45,Male,Delhi,21.3,Yes,Moderate,Pescatarian,Never,Never,7.5,7,209,7.8,160,84,90.8,,Moderate
4690,47,Male,Ahmedabad,20.9,Yes,Active,Non-Vegetarian,Never,Occasional,6,6,157,6.5,140,90,98.7,Middle,Low
4692,53,Male,Hyderabad,28.2,Yes,Sedentary,Non-Vegetarian,Current,Never,7,7,162,6.6,146,100,115,High,Moderate
4693,45,Male,Chennai,16.7,No,Moderate,Pescatarian,Current,Never,7.5,10,108,5.6,160,92,88.7,High,Low
4698,33,Female,Hyderabad,33.9,Yes,Sedentary,Non-Vegetarian,Never,Regular,7,5,259,9.5,144,90,132.8,Middle,High
4699,51,Female,Delhi,18.7,No,Sedentary,Vegetarian,Never,,6,7,132,6,152,92,89.7,Low,Low
4700,50,Female,Chennai,27.1,No,Active,Vegetarian,Never,Never,6,8,167,6.7,152,94,104.4,Low,Low
4702,29,Male,Hyderabad,21.2,No,Moderate,Non-Vegetarian,Never,Never,5,10,140,6.7,128,80,100.4,High,Low
4703,43,Female,Bengaluru,28.6,Yes,Sedentary,Non-Vegetarian,Current,,7,5,169,6.8,128,90,108,Low,Moderate
4707,37,Male,Chennai,31.9,No,Moderate,Non-Vegetarian,Current,Regular,6,9,154,6.4,140,100,121.3,High,Low
4708,42,Female,Delhi,30.2,Yes,Sedentary,Non-Vegetarian,Never,Never,8,8,197,7.5,158,90,114.3,High,High
4716,55,Female,Delhi,28.2,Yes,Sedentary,Non-Vegetarian,Never,,7.8,5,192,7.2,166,92,113.2,Middle,Moderate
4717,21,Female,Bengaluru,18.8,Yes,Active,Non-Vegetarian,Never,Never,6.7,6,222,8.3,120,70,89.5,Middle,Moderate
4719,58,Male,Ahmedabad,25.5,Yes,Sedentary,Vegetarian,Never,Never,6.9,7,227,8.2,148,88,105,Low,High
4720,56,Male,Bengaluru,20,No,Moderate,Non-Vegetarian,Never,,7.7,7,163,6.6,140,80,96.7,Middle,Low
4721,45,Female,Delhi,25.4,Yes,Moderate,Non-Vegetarian,Never,Occasional,8,6,166,6.7,140,88,105.7,Low,Moderate
4724,42,Male,Bengaluru,22.8,Yes,Moderate,Pescatarian,Former,Never,8,8,132,6.3,138,70,101.6,Low,Low
4725,56,Male,Delhi,24.7,Yes,Sedentary,Non-Vegetarian,Current,Occasional,6,10,243,8.2,160,100,104.7,High,High
4727,58,Male,Delhi,32.9,No,Active,Non-Vegetarian,Current,Occasional,5.2,10,227,7.9,180,100,123.7,High,High
4728,45,Male,Ahmedabad,20.8,No,Active,Vegetarian,Never,Never,8,7,141,6.3,150,91,98.5,Middle,Low
4729,34,Female,Hyderabad,18.1,No,Active,Non-Vegetarian,Current,Occasional,8,6,101,5.9,146,80,84.3,Middle,Low
4730,58,Female,Ahmedabad,22,No,Moderate,Vegetarian,Never,,9.2,3,197,7.3,150,87,103.9,Middle,Moderate
4735,59,Male,Bengaluru,23.6,Yes,Active,Vegetarian,Never,Regular,9,3,162,7,140,88,100.5,Middle,Moderate
4736,33,Male,Chennai,21.3,No,Active,Vegetarian,Never,,6,8,137,6.1,135,80,94.8,High,Low
4739,49,Male,Chennai,23.3,Yes,Sedentary,Non-Vegetarian,Never,Never,8,4,178,7.4,130,84,104.7,Middle,Moderate
4741,47,Female,Bengaluru,23.1,No,Sedentary,Non-Vegetarian,Current,,8,8,145,6.6,160,90,98.2,Low,Low
4742,51,Male,Hyderabad,17.2,Yes,Active,Non-Vegetarian,Never,Occasional,5,10,190,8,150,80,86.1,Middle,Moderate
4744,50,Female,Delhi,27.2,No,Sedentary,Non-Vegetarian,Never,Never,8,3,119,5.8,144,78,108.3,Middle,Low
4745,33,Female,Hyderabad,20,No,Active,Vegetarian,Never,,8,5,106,5.5,150,73,89.4,Middle,Low
4747,47,Male,Chennai,22.5,No,Moderate,Vegetarian,,Never,7.5,7,215,7.3,140,80,98.5,Middle,Low
4752,53,Male,Ahmedabad,23.3,Yes,Moderate,Vegetarian,Never,Never,9,1,196,7.2,140,80,102.5,Low,Moderate
4753,51,Female,Bengaluru,18.4,Yes,Sedentary,Vegetarian,Never,Never,6,6,195,7.2,122,81,89,Middle,Moderate
4756,47,Female,Delhi,22,No,Moderate,Vegetarian,Former,,7,9,105,5.9,126,91,93.3,Middle,Low
4758,46,Female,Bengaluru,24.8,No,Active,Non-Vegetarian,Current,,7,7,133,5.8,150,82,99.8,High,Low
4760,36,Male,Bengaluru,27,Yes,Sedentary,Non-Vegetarian,Never,Occasional,8,6,150,6.6,150,82,116.8,Low,Low
4763,56,Female,Ahmedabad,35.4,No,Sedentary,Pescatarian,Never,Occasional,6.5,6,146,6.2,160,88,134.4,Middle,Moderate
4764,52,Female,Chennai,22.2,Yes,Active,Non-Vegetarian,Never,Occasional,5.5,9,196,7.5,146,84,94.2,Middle,Moderate
4765,42,Male,Delhi,19.9,Yes,Sedentary,Non-Vegetarian,Never,Never,9,5,117,5.9,144,80,94.3,Low,Low
4774,53,Male,Delhi,26.4,No,Moderate,Non-Vegetarian,Former,Never,6,7,203,7.8,130,94,107.3,Middle,Low
4777,48,Male,Delhi,20.9,No,Sedentary,Non-Vegetarian,Never,Never,8,6,143,6,140,84,96.2,Middle,Low
4780,18,Female,Hyderabad,17.6,Yes,Active,Non-Vegetarian,Never,Occasional,7,7,139,6.4,120,76,85.4,Low,Low
4782,52,Female,Chennai,17.4,No,Active,Vegetarian,Never,Never,9,2,154,6.3,135,80,79.9,Low,Low
4783,31,Male,Hyderabad,19.1,Yes,Active,Non-Vegetarian,,Never,7,10,252,8.2,121,92,88.4,Middle,High
4789,43,Female,Hyderabad,20.1,No,Moderate,Non-Vegetarian,,Never,8.5,5,118,6.2,138,80,91.8,High,Low
4793,47,Male,Delhi,17.6,Yes,Active,Non-Vegetarian,Former,Occasional,8,6,240,8.4,128,90,91.8,Middle,High
4794,52,Male,Bengaluru,18.5,Yes,Moderate,Vegetarian,Current,Regular,6.5,9,130,6.4,130,92,93.2,High,Moderate
4795,54,Male,Bhopal,20.5,No,Moderate,Vegetarian,Never,Never,6,1,200,6.8,129,73,97.6,Middle,Moderate
4797,45,Male,Delhi,29.2,Yes,Sedentary,Non-Vegetarian,Never,Never,7,10,177,7.1,148,92,117.8,Middle,Moderate
4798,31,Male,Chennai,16.7,No,Active,Vegetarian,Never,Occasional,7,3,188,7.5,120,80,82.2,Middle,High
4799,23,Female,Ahmedabad,20.5,No,Active,Vegan,Never,,7.1,1,108,5.2,120,80,89.7,Middle,Low
4800,45,Female,Hyderabad,22.4,No,Sedentary,Non-Vegetarian,Current,,8,3,127,6.3,127,100,97.4,Middle,Moderate
4801,61,Female,Ahmedabad,21.6,No,Sedentary,Non-Vegetarian,Current,,7.5,7,253,7.5,144,80,92.4,Middle,High
4808,40,Male,Hyderabad,18.7,No,Active,Pescatarian,Never,Occasional,8,3,141,6.4,126,90,85.9,Middle,Low
4809,43,Female,Ahmedabad,24,No,Active,Non-Vegetarian,Current,,7,6,151,6.3,140,92,100.7,Middle,Low
4812,18,Male,Ahmedabad,21.5,Yes,Active,Non-Vegetarian,Never,Never,7.5,3,118,5.8,128,64,97.8,Low,Low
4813,51,Female,Bengaluru,18.3,No,Active,Vegetarian,Never,Never,7,6,233,7.9,140,90,85.8,Middle,Moderate
4814,44,Female,Bengaluru,25.2,No,Sedentary,Non-Vegetarian,Current,,9,7,207,7.8,150,90,101.9,High,Low
4815,45,Female,Chennai,24.5,No,Moderate,Non-Vegetarian,Never,Occasional,9,5,142,6.7,140,78,103.7,Middle,Low
4816,46,Female,Bengaluru,20,Yes,Active,Non-Vegetarian,Never,Regular,8,6,209,8.2,132,100,88.9,Low,High
4818,40,Male,Hyderabad,20.9,Yes,Moderate,Non-Vegetarian,Never,Occasional,7,9,159,6.6,130,80,92.5,Middle,Low
4821,59,Female,Delhi,24.5,No,Active,Non-Vegetarian,Current,Never,7.4,5,179,7.3,166,80,98,High,High
4822,54,Female,Ahmedabad,33.3,No,Moderate,Non-Vegetarian,Never,,8,5,187,7.1,140,80,127.8,Low,High
4824,51,Male,Bengaluru,23.6,Yes,Active,Non-Vegetarian,Never,Never,8.5,5,178,6.6,132,80,109.9,Middle,Low
4826,57,Male,Hyderabad,25.1,No,Sedentary,Non-Vegetarian,Never,Never,6,10,181,6.5,164,90,110.7,Middle,Low
4828,39,Female,Bengaluru,18.5,No,Active,Non-Vegetarian,Never,Never,9,8,141,6,130,90,85.6,Middle,Low
4829,42,Female,Ahmedabad,28,Yes,Moderate,Non-Vegetarian,Current,Occasional,7.5,5,185,7.8,143,100,107,Middle,Moderate
4830,45,Male,Bengaluru,20.2,No,Moderate,Vegetarian,Never,Occasional,7,6,137,6.2,140,87,97.4,Low,Low
4831,49,Female,Delhi,22.8,No,Active,Vegetarian,Never,,7.9,5,163,7,150,100,97.3,Middle,Low
4832,37,Female,Hyderabad,24.4,Yes,Active,Non-Vegetarian,Former,Never,7,7,220,8.2,142,88,99.3,Low,High
4833,59,Male,Bengaluru,28.7,No,Sedentary,Non-Vegetarian,,Occasional,6,7,169,7.2,153,89,117.3,Middle,Moderate
4836,62,Female,Bengaluru,25.5,No,Moderate,Non-Vegetarian,Never,Never,6,8,316,9.9,158,93,103.4,Middle,High
4841,36,Female,Hyderabad,18.5,No,Moderate,Non-Vegetarian,Never,Never,8,7,145,6.1,148,80,85.9,Middle,Low
4842,60,Male,Bengaluru,17.8,No,Active,Non-Vegetarian,Never,Never,7.5,6,182,7.2,136,78,88,High,High
4845,35,Male,Chennai,22.4,No,Moderate,Vegetarian,Current,Occasional,7,8,210,7.6,144,83,100.8,Low,Low
4847,31,Male,Chennai,24.7,Yes,Moderate,Vegetarian,Current,Occasional,6,9,180,6.7,150,80,104.5,High,Low
4850,48,Male,Bengaluru,24.4,No,Sedentary,Non-Vegetarian,Never,Occasional,7,5,152,6.6,160,93,107.3,Middle,Low
4851,18,Male,Ahmedabad,18.1,No,Active,Non-Vegetarian,Never,,6,3,193,7.2,116,80,87.3,Low,Low
4852,25,Female,Bengaluru,18.3,No,Active,Vegetarian,Never,,7.4,5,110,6,106,80,84.2,High,Low
4858,42,Female,Delhi,22.1,No,Sedentary,Non-Vegetarian,Never,Regular,6,3,145,6.4,130,80,92.6,Low,Low
4859,39,Female,Hyderabad,22.9,No,Sedentary,Non-Vegetarian,Never,,7,7,171,6.5,129,90,89.1,High,Moderate
4860,55,Male,Hyderabad,34.1,No,Sedentary,Non-Vegetarian,Current,Never,5,8,209,6.9,148,106,129.5,Low,Moderate
4862,34,Male,Hyderabad,19.9,Yes,Moderate,Non-Vegetarian,Never,Occasional,7,8,127,6.1,150,91,94.7,Middle,Low
4863,41,Female,Ahmedabad,17.7,No,Sedentary,Vegetarian,,,8,5,161,6.9,130,100,83.6,Middle,Low
4865,46,Female,Ahmedabad,25.5,No,Active,Vegetarian,Never,,7,10,183,7.6,150,103,104.3,Middle,Moderate
4871,18,Female,Bengaluru,18.2,No,Active,Non-Vegetarian,Never,Never,6.9,3,143,6.1,110,91,85.3,Middle,Low
4872,37,Male,Delhi,16.9,No,Active,Vegetarian,Never,Never,7,6,153,6.2,140,80,87.5,Low,Low
4873,28,Female,Delhi,21.6,Yes,Active,Non-Vegetarian,Never,Regular,7,7,174,6.2,126,80,92.4,Middle,Low
4879,47,Female,Ahmedabad,23.2,No,Active,Non-Vegetarian,Never,,8.8,6,160,6.6,150,92,97.6,Low,Low
4880,35,Male,Hyderabad,19.2,No,Active,Non-Vegetarian,Never,Occasional,7,6,112,6.1,132,80,92.8,High,Low
4881,42,Male,Bhopal,26.2,No,Active,Non-Vegetarian,Current,Never,8,5,184,7.5,148,100,107.8,Middle,Low
4882,41,Male,Delhi,22.4,Yes,Active,Vegetarian,Current,Never,8,6,197,7.5,137,70,105,Middle,Moderate
4883,34,Male,Delhi,25.1,Yes,Moderate,Non-Vegetarian,Former,Never,6,8,163,6.4,150,68,104.5,High,Low
4889,50,Male,Bengaluru,19.7,Yes,Active,Non-Vegetarian,Never,Occasional,5.9,6,188,7.2,144,74,96.9,High,Low
4890,44,Female,Hyderabad,25.9,No,Active,Vegetarian,Never,,8,8,215,7.5,152,80,101.3,High,High
4891,39,Male,Delhi,21.4,Yes,Moderate,Non-Vegetarian,Never,Never,8,5,204,7.6,126,90,98.3,Low,Moderate
4898,41,Male,Chennai,18.4,Yes,Active,Non-Vegetarian,Never,Occasional,8,6,216,7.1,138,80,92.8,Low,Moderate
4900,51,Female,Hyderabad,33.1,No,Sedentary,Non-Vegetarian,Never,,8,4,203,8,146,90,123.6,High,High
4902,45,Female,Bengaluru,29.7,No,Moderate,Non-Vegetarian,Current,Occasional,7,6,172,6.9,150,100,117.2,High,Moderate
4907,57,Male,Delhi,17.6,Yes,Active,Non-Vegetarian,Former,Never,8,9,164,6.9,150,80,85.4,High,Moderate
4908,38,Female,Hyderabad,20.9,No,Moderate,Non-Vegetarian,Never,,8,5,150,6.6,144,90,93.5,Low,Low
4909,54,Female,Ahmedabad,26.6,Yes,Sedentary,Non-Vegetarian,Never,Never,7,7,197,7.2,148,79,110.2,Middle,Moderate
4911,52,Male,Hyderabad,19,No,Active,Vegetarian,Never,Never,9,4,118,5.7,150,85,95.3,Low,Low
4913,53,Male,Delhi,21.8,No,Moderate,Vegetarian,Never,Never,6,8,163,6.9,130,80,98.2,Middle,Moderate
4914,44,Male,Hyderabad,23.4,No,Sedentary,Non-Vegetarian,Never,Regular,7,10,189,7,140,92,110.2,High,Moderate
4915,34,Female,Delhi,24,Yes,Active,Non-Vegetarian,Former,Occasional,7,7,209,7.3,140,68,96,Low,High
4916,52,Male,Bhopal,26.6,No,Sedentary,Non-Vegetarian,Never,Never,9,7,168,6.5,150,90,110.6,High,Low
4917,49,Male,Delhi,22.9,Yes,Sedentary,Non-Vegetarian,Never,Never,7,9,159,6.3,150,80,100.7,High,Low
4918,55,Male,Hyderabad,24.6,Yes,Active,Non-Vegetarian,Never,,7.5,1,142,6.4,144,80,103.2,Middle,Low
4924,34,Male,Delhi,23.2,No,Active,Non-Vegetarian,Current,Never,8,6,115,5.8,144,89,100.7,Middle,Low
4925,56,Male,Hyderabad,22.9,Yes,Moderate,Vegetarian,Never,Never,7,6,181,7.3,140,90,101.4,Middle,Moderate
4927,53,Male,Bengaluru,31.2,No,Active,Non-Vegetarian,Former,Never,7.5,6,231,8.1,160,104,128.8,Middle,High
4929,34,Male,Delhi,20.6,No,Moderate,Non-Vegetarian,Never,Occasional,8,5,147,5.9,150,70,94.5,High,Low
4931,36,Female,Hyderabad,23.1,No,Active,Pescatarian,Never,Regular,7,9,214,7.3,132,98,99.8,Middle,High
4932,31,Male,Ahmedabad,22.1,No,Active,Non-Vegetarian,Never,Never,8,1,114,5.4,140,80,98.9,Low,Low
4933,31,Female,Chennai,17.4,No,Active,Non-Vegetarian,Current,,7,5,149,6.5,110,80,85.9,Middle,Low
4937,45,Female,Hyderabad,20,No,Sedentary,Non-Vegetarian,Never,Occasional,6,8,156,6.3,150,88,90.9,Middle,Low
4938,54,Female,Chennai,22.3,No,Active,Non-Vegetarian,Current,Occasional,7,2,117,5.7,121,100,97.7,Low,Low
4940,35,Female,Ahmedabad,24.1,No,Moderate,Vegetarian,Current,Occasional,7,8,151,6.2,140,84,104.1,Low,Low
4941,42,Male,Hyderabad,28.1,Yes,Active,Non-Vegetarian,Never,Never,7.5,6,155,6.8,170,80,124.2,Middle,Moderate
4942,49,Female,Hyderabad,19.2,Yes,Moderate,Non-Vegetarian,,,7.7,9,147,6.4,141,80,89.9,High,Low
4944,43,Male,Delhi,21.1,No,Active,Non-Vegetarian,Never,Occasional,8,4,159,7.2,150,90,94.7,Middle,Low
4945,43,Female,Delhi,33.1,No,Sedentary,Non-Vegetarian,Former,,8.8,6,170,6.6,150,88,115.3,High,Moderate
4946,39,Male,Chennai,21.6,No,Moderate,Vegetarian,Never,Never,7,7,185,7.5,133,80,100.6,High,Low
4949,47,Male,Chennai,26.2,No,Active,Vegetarian,Never,Never,8,10,195,7.6,150,94,105.2,High,Moderate
4950,51,Male,Bengaluru,22.4,Yes,Sedentary,Non-Vegetarian,Never,Never,6,8,143,6.2,130,100,98.8,Middle,Low
4952,40,Female,Ahmedabad,21.6,No,Moderate,Vegetarian,Former,Never,8,6,123,6.2,142,84,97.9,Middle,Low
4954,38,Female,Hyderabad,22.1,No,Sedentary,Vegetarian,Current,,4.8,7,148,6.6,133,82,89.7,Low,Low
4959,43,Female,Ahmedabad,25.2,No,Moderate,Vegetarian,Current,Occasional,7,5,155,6.5,132,90,102.7,Low,Low
4960,52,Male,Bengaluru,27.4,No,Sedentary,Non-Vegetarian,Never,Occasional,7,6,160,6.5,150,90,114.6,High,Low
4962,46,Female,Bengaluru,19.7,No,Moderate,Non-Vegetarian,Never,Never,5,6,222,7.8,127,82,89.8,Middle,High
4965,41,Male,Hyderabad,21.1,No,Moderate,Non-Vegetarian,Former,Never,6,8,142,6.6,139,80,97.6,High,Low
4970,33,Male,Chennai,21,No,Moderate,Non-Vegetarian,Never,Occasional,7,4,101,5.2,140,90,97,Middle,Low
4974,34,Female,Delhi,23.9,No,Active,Non-Vegetarian,Never,Regular,6,9,197,7.5,130,88,100.5,Middle,Low
4977,32,Female,Hyderabad,18.3,No,Active,Vegetarian,Current,Occasional,5.8,7,112,5.9,131,70,84.7,High,Low
4981,32,Male,Hyderabad,20.8,Yes,Active,Vegetarian,,Occasional,7,5,206,7.2,140,90,103.1,Middle,Low
4983,46,Female,Delhi,26.1,No,Sedentary,Vegan,Current,Occasional,6.8,7,180,7.7,150,80,104,Low,Moderate
4986,27,Female,Hyderabad,18.4,Yes,Active,Non-Vegetarian,Former,,7,3,145,6.5,120,74,87.7,,Low
4987,59,Male,Hyderabad,19.2,No,Sedentary,Non-Vegetarian,Current,Never,7.2,7,147,6.3,140,83,90.2,High,Low
4989,66,Male,Delhi,19.3,No,Active,Vegetarian,Never,Occasional,7,4,121,5.3,130,80,96.7,Low,Low
4994,53,Male,Bhopal,25,Yes,Moderate,Vegetarian,Current,Occasional,6,5,146,6.7,156,80,106.5,Low,Low
4996,52,Female,Chennai,36.2,Yes,Sedentary,Non-Vegetarian,Current,Never,7,8,175,7.1,170,90,127.8,Low,High
4997,55,Female,Bengaluru,21.4,Yes,Moderate,Non-Vegetarian,Never,Never,6.1,9,194,7.8,152,100,94.2,High,Low
5001,47,Female,Bhopal,25.3,No,Moderate,Non-Vegetarian,Current,Never,7,10,207,7.3,130,96,106,Middle,Low
5002,47,Female,Bengaluru,24.4,No,Moderate,Vegetarian,Never,,7.5,8,277,9.4,120,80,101.6,Middle,High
5003,37,Female,Bengaluru,21.6,No,Active,Pescatarian,Former,,6.5,6,148,6.5,141,88,92.1,Middle,Low
5004,47,Female,Bengaluru,22.6,Yes,Active,Pescatarian,Never,,7.5,4,180,7.3,140,80,97.1,Middle,Moderate
5005,35,Female,Bengaluru,20.4,No,Moderate,Vegetarian,Never,Never,6.6,6,148,6.2,150,90,89.7,Middle,Low
5006,42,Female,Ahmedabad,19.9,No,Active,Vegetarian,Never,Occasional,6,9,110,5.5,150,80,87.2,Low,Low
5007,28,Female,Chennai,26.8,No,Active,Non-Vegetarian,Former,Occasional,5.5,3,141,6.5,150,80,110.4,,Low
5008,59,Female,Hyderabad,25.4,Yes,Moderate,Vegetarian,Former,Occasional,6,6,189,7.3,145,97,99.8,Middle,Moderate
5009,47,Female,Hyderabad,23.8,Yes,Sedentary,Non-Vegetarian,Never,,5.5,9,180,6.9,140,84,102.2,Middle,Moderate
5012,48,Male,Bhopal,19.8,No,Moderate,Non-Vegetarian,Never,Regular,7.5,6,98,5.4,144,74,94.4,Middle,Low
5015,57,Male,Hyderabad,23.4,No,Moderate,Vegetarian,Never,Occasional,8,7,181,6.7,156,86,97.8,Middle,Low
5021,39,Female,Bengaluru,19,No,Active,Non-Vegetarian,Current,Never,7.4,6,163,6.2,132,92,87.7,Middle,Low
5023,52,Male,Chennai,26.7,No,Active,Vegetarian,Never,Regular,7.5,2,183,7.3,150,80,110.2,High,Moderate
5024,36,Female,Chennai,25.4,No,Moderate,Vegetarian,Never,Never,6,7,130,6.3,130,91,105.6,Low,Low
5029,37,Male,Chennai,25.7,Yes,Moderate,Vegetarian,Current,Never,6.5,5,177,6.9,137,90,106.6,High,Moderate
5030,52,Male,Bengaluru,26.5,No,Active,Non-Vegetarian,Never,Regular,7,6,151,5.8,140,80,111.2,Middle,Low
5031,41,Female,Chennai,25.3,No,Sedentary,Vegetarian,Never,Occasional,7.8,8,147,6.7,130,92,107.8,Middle,Low
5033,36,Male,Bengaluru,20,No,Active,Vegetarian,Former,Never,7.5,6,86,5.2,160,91,97.5,Middle,Low
5037,32,Female,Delhi,22.6,No,Sedentary,Non-Vegetarian,Never,Never,6.5,8,163,6.5,130,70,98.4,High,Low
5039,41,Male,Ahmedabad,22.8,No,Moderate,Non-Vegetarian,Current,Never,5,6,213,7.8,140,80,104.9,Low,High
5041,46,Male,Bengaluru,22.7,Yes,Moderate,Vegetarian,Never,Regular,9,4,222,8,140,87,106,Middle,High
5043,71,Male,Bengaluru,24.1,No,Sedentary,Vegetarian,Current,Occasional,6,10,188,6.7,172,100,108.4,High,High
5049,45,Female,Ahmedabad,22.4,No,Active,Non-Vegetarian,Never,Occasional,6,4,159,5.8,140,73,94.3,Low,Low
5052,48,Male,Delhi,18.4,No,Active,Non-Vegetarian,Current,,8,4,182,7.5,140,80,93.5,Middle,Low
5053,41,Female,Delhi,26.8,No,Sedentary,Vegetarian,Never,Never,7.5,7,181,6.8,140,87,109.7,Middle,Moderate
5054,61,Male,Chennai,24.5,No,Moderate,Non-Vegetarian,Never,Occasional,5.5,8,198,8.2,140,82,109.3,High,High
5055,35,Male,Bengaluru,27,Yes,Sedentary,Non-Vegetarian,Never,Never,8,8,170,6.7,156,84,114.7,High,Low
5060,64,Male,Delhi,21.5,No,Moderate,Pescatarian,,,6,7,157,5.9,150,80,98.6,Middle,Low
5061,48,Female,Chennai,21.3,Yes,Moderate,Non-Vegetarian,Never,,8.5,5,278,10.2,136,80,94.1,Middle,High
5065,33,Female,Chennai,22.8,No,Active,Vegetarian,Current,Occasional,8,7,208,8,130,92,102.1,High,High
5067,59,Male,Delhi,21.8,No,Moderate,Non-Vegetarian,Never,Never,7,7,207,7.5,152,90,98.1,Middle,Moderate
5069,54,Female,Ahmedabad,23.5,No,Sedentary,Non-Vegetarian,Never,Occasional,6,7,164,7.1,150,92,99.4,High,Moderate
5070,45,Male,Hyderabad,20.6,Yes,Active,Non-Vegetarian,Current,Regular,8,9,178,7.2,136,70,99.4,Middle,Low
5075,49,Male,Delhi,28.8,Yes,Sedentary,Vegetarian,Never,Never,5,8,159,6.9,160,90,118.6,Middle,Low
5076,59,Male,Delhi,24.9,No,Sedentary,Vegetarian,Never,Never,4.8,6,206,7.2,160,90,108.5,High,Moderate
5077,63,Female,Bhopal,24,Yes,Sedentary,Vegetarian,Never,,5,8,194,7.4,160,92,99.2,High,High
5078,39,Female,Hyderabad,18.6,No,Active,Vegetarian,Never,Never,8,6,158,6.5,138,80,87.1,Middle,Low
5080,34,Female,Bengaluru,24.1,No,Sedentary,Vegetarian,Current,,6,8,208,7.7,142,70,102.7,Middle,Moderate
5083,34,Female,Ahmedabad,19.3,No,Moderate,Non-Vegetarian,Never,,7,3,137,6,120,72,92.2,Middle,Low
5086,20,Male,Ahmedabad,21.6,No,Moderate,Non-Vegetarian,Never,Never,9,2,193,7,132,82,94.5,Low,Low
5087,62,Female,Ahmedabad,22.7,Yes,Moderate,Non-Vegetarian,Never,,9,6,205,7.8,170,93,98.2,High,High
5089,53,Male,Hyderabad,20.7,Yes,Moderate,Vegetarian,Never,Never,6,9,216,7.3,130,90,94.6,High,Moderate
5092,51,Female,Hyderabad,22.5,Yes,Active,Vegetarian,Never,,8,8,174,7.1,151,80,98.2,Middle,Moderate
5094,38,Male,Hyderabad,15,No,Active,Non-Vegetarian,Never,Never,7,7,183,6.7,132,70,79,,Low
5095,49,Male,Delhi,23.9,No,Sedentary,Non-Vegetarian,Current,Never,5,7,147,6.5,155,88,105.5,High,Low
5096,43,Female,Hyderabad,23.4,No,Moderate,Non-Vegetarian,Current,Never,7.4,6,177,6.9,120,80,98,Middle,Low
5098,28,Female,Chennai,25.9,Yes,Active,Non-Vegetarian,Never,Occasional,7,7,158,7,130,78,107.1,High,Low
5099,56,Male,Bengaluru,23.9,No,Active,Vegetarian,Former,,6,8,186,7.6,140,80,107.2,Middle,Moderate
5102,43,Female,Chennai,30.5,No,Sedentary,Vegetarian,Never,Occasional,7,8,163,6.9,156,100,114.1,High,Moderate
5103,62,Other,Hyderabad,20.7,No,Sedentary,Vegan,Never,Occasional,8,7,263,8,150,100,90,Middle,High
5106,49,Female,Hyderabad,22.7,No,Sedentary,Vegetarian,Never,Occasional,7,10,188,7.7,170,86,100,Middle,Low
5107,41,Female,Hyderabad,20.7,No,Active,Vegetarian,Current,Occasional,8,6,115,6.2,148,80,90.5,High,Low
5108,58,Male,Delhi,21.3,Yes,Sedentary,Non-Vegetarian,Never,Never,7,7,196,7.1,143,88,96.1,High,High
5109,32,Female,Delhi,22.3,No,Sedentary,Vegetarian,Never,Occasional,7,9,144,6.4,124,88,94.8,High,Low
5111,59,Female,Ahmedabad,18.4,Yes,Moderate,Non-Vegetarian,Current,,9,7,175,7.3,170,84,86.9,Middle,Moderate
5114,45,Male,Delhi,19.8,No,Sedentary,Non-Vegetarian,Never,Occasional,6.5,7,169,6.6,140,90,92.6,Low,Low
5115,51,Male,Ahmedabad,30.2,No,Sedentary,Non-Vegetarian,Never,Never,7.3,5,241,7.9,130,90,119,Middle,High
5118,53,Female,Hyderabad,22.2,Yes,Moderate,Non-Vegetarian,Never,,7.5,8,170,6.8,156,90,94.2,High,Low
5124,49,Male,Delhi,30.1,No,Sedentary,Non-Vegetarian,Current,Never,4,8,175,6.9,160,100,119.9,High,Moderate
5125,53,Female,Bengaluru,27.6,No,Sedentary,Vegetarian,Current,,7,7,169,7,150,90,103.9,High,Moderate
5126,36,Male,Hyderabad,26.3,No,Sedentary,Non-Vegetarian,Never,Regular,7,6,113,5.4,130,80,110.6,High,Low
5128,55,Female,Chennai,32.9,Yes,Sedentary,Vegetarian,Never,Occasional,6.5,8,198,7.2,160,104,121.1,High,High
5129,63,Female,Chennai,28.6,Yes,Moderate,Vegetarian,Never,Occasional,8.4,5,191,6.9,160,90,111.3,High,Moderate
5130,60,Male,Delhi,25.3,Yes,Sedentary,Non-Vegetarian,Never,Occasional,9,4,170,7.3,136,100,111.3,Low,Moderate
5131,56,Male,Ahmedabad,25.9,Yes,Moderate,Non-Vegetarian,Current,Never,5,7,184,6.9,168,96,109.6,Middle,Moderate
5133,47,Male,Ahmedabad,26.2,No,Moderate,Non-Vegetarian,Current,Occasional,9,5,181,7.3,150,92,113.3,Middle,Moderate
5134,46,Male,Delhi,23,No,Moderate,Vegetarian,Never,Never,7.5,8,188,7.3,140,77,99.1,High,Moderate
5135,32,Male,Hyderabad,23.6,No,Active,Vegetarian,Never,Occasional,7,7,150,6.6,132,84,106.6,High,Low
5140,48,Male,Hyderabad,32.8,No,Sedentary,Non-Vegetarian,Never,Never,8,4,226,7.5,123,90,129.5,Middle,High
5144,53,Male,Delhi,18.2,No,Moderate,Vegetarian,Current,,6,9,158,6.5,136,100,88.4,High,Low
5146,63,Female,Delhi,26.8,No,Moderate,Vegetarian,Never,,8,4,139,6,140,100,107.2,Low,Low
5149,45,Male,Bengaluru,25.7,Yes,Active,Vegetarian,Current,Occasional,6,10,159,6.9,152,100,110.1,High,Low
5152,55,Male,Hyderabad,20.2,Yes,Active,Vegetarian,Current,,8,4,162,6.7,150,87,95.6,High,Low
5155,32,Male,Hyderabad,17.1,Yes,Active,Non-Vegetarian,Former,Never,7,6,141,6.5,134,85,89.9,Low,Low
5156,47,Male,Bengaluru,23.7,Yes,Sedentary,Vegetarian,Current,Never,8,7,192,6.8,143,70,104.2,High,Low
5157,49,Female,Bengaluru,24.3,No,Moderate,Non-Vegetarian,Never,Occasional,7,7,181,7,140,92,97.5,Middle,Moderate
5161,54,Male,Chennai,29.3,Yes,Sedentary,Non-Vegetarian,Never,Occasional,6.5,9,324,9.9,142,105,111.3,High,High
5164,57,Female,Bengaluru,21.1,Yes,Active,Non-Vegetarian,Never,,6.2,9,195,6.7,150,91,90.2,Middle,Moderate
5167,49,Female,Delhi,23.4,No,Active,Vegan,Never,Occasional,8,6,170,7.1,156,93,97.5,High,Low
5173,50,Male,Bhopal,21.7,No,Sedentary,Non-Vegetarian,Current,Occasional,11,3,160,6.6,140,85,100.4,Low,Low
5174,35,Female,Hyderabad,18.5,No,Active,Vegetarian,Never,Regular,10,2,167,6.6,140,90,86,Middle,Low
5177,38,Male,Bengaluru,18.6,No,Moderate,Vegetarian,Current,Never,8,6,134,6.2,128,80,88.9,Middle,Low
5181,42,Female,Hyderabad,18.6,Yes,Active,Vegetarian,Never,,7,6,165,6.4,134,74,86.9,Middle,Low
5188,57,Female,Bengaluru,19.5,No,Moderate,Non-Vegetarian,,,5.5,10,213,8.6,132,84,83.6,High,High
5190,24,Male,Hyderabad,22.7,No,Active,Non-Vegetarian,Never,Regular,7,5,103,5.5,140,78,98.5,Middle,Low
5191,49,Female,Chennai,18.6,No,Active,Vegetarian,Never,,9,5,120,5.9,130,94,88.1,High,Low
5194,60,Male,Bengaluru,22.1,No,Active,Vegan,Never,Occasional,6.9,5,172,7,140,90,101.6,High,Moderate
5197,42,Male,Ahmedabad,20.8,No,Active,Non-Vegetarian,Never,Occasional,6,6,190,7.8,150,70,95.6,Middle,Low
5201,53,Male,Bengaluru,36.5,No,Sedentary,Non-Vegetarian,Current,Occasional,5.5,9,160,6.6,164,110,130.5,Low,Moderate
5205,28,Male,Hyderabad,26.1,No,Moderate,Vegetarian,Never,Occasional,5.5,10,158,6.8,151,95,111.8,Middle,Low
5206,50,Female,Ahmedabad,25.2,No,Sedentary,Non-Vegetarian,Current,Never,8,2,231,7.9,150,87,101.5,Middle,High
5207,40,Male,Bengaluru,16.6,Yes,Active,Non-Vegetarian,Never,Occasional,7,5,170,7.1,128,80,85.4,Middle,Low
5209,55,Male,Chennai,23.8,Yes,Sedentary,Non-Vegetarian,Never,Never,6,6,188,7.3,166,90,105.6,Middle,Moderate
5213,54,Male,Ahmedabad,26,Yes,Sedentary,Vegetarian,Never,Occasional,7.5,8,200,7.4,140,90,112.3,High,Moderate
5215,64,Male,Chennai,26.3,No,Sedentary,Non-Vegetarian,Former,Never,10,4,167,7.1,153,110,111.9,High,Low
5220,31,Male,Chennai,20.8,No,Sedentary,Non-Vegetarian,Never,Occasional,7,8,132,6,130,90,97.6,Middle,Low
5221,41,Female,Delhi,28.3,Yes,Sedentary,Vegetarian,Never,Never,7,6,174,7.1,130,90,113.5,Middle,High
5224,40,Female,Bengaluru,16.3,No,Moderate,Non-Vegetarian,Never,,9,5,115,5.7,140,84,80,Middle,Low
5227,54,Male,Chennai,26.5,No,Sedentary,Non-Vegetarian,Current,Occasional,6.2,8,193,7.6,160,94,111,High,Moderate
5229,43,Female,Delhi,17.9,No,Active,Non-Vegetarian,Never,Never,9,5,143,5.6,128,68,85.4,Middle,Low
5231,30,Male,Ahmedabad,15.3,No,Active,Vegetarian,Never,Occasional,7,6,108,5.7,136,70,82.5,Middle,Low
5232,40,Male,Chennai,28.5,No,Active,Vegetarian,Never,Occasional,7,7,120,5.7,148,90,121.5,High,Low
5235,48,Female,Ahmedabad,27.7,Yes,Sedentary,Non-Vegetarian,Never,Never,7,7,199,7.4,160,88,108.6,High,Moderate
5237,37,Male,Delhi,18.9,No,Moderate,Non-Vegetarian,Never,Never,6,7,173,7,132,80,93.2,Middle,Low
5239,56,Male,Chennai,29.4,Yes,Sedentary,Pescatarian,Current,Occasional,7.8,3,183,7.6,164,92,114.6,Middle,High
5240,47,Male,Chennai,23.5,Yes,Moderate,Vegetarian,Never,Occasional,7,1,161,7.2,148,90,107.6,Low,Low
5241,65,Male,Bengaluru,23.8,No,Sedentary,Non-Vegetarian,Never,Occasional,9,6,137,6,140,90,109.3,Middle,Low
5243,42,Female,Bengaluru,21.3,No,Sedentary,Non-Vegetarian,Never,,7,8,227,8.3,140,90,92,Low,Moderate
5244,41,Female,Ahmedabad,22.6,No,Sedentary,Vegetarian,Never,Never,7.8,4,199,7.8,130,76,99.2,Middle,Moderate
5245,37,Male,Delhi,20.6,Yes,Active,Vegetarian,Never,Never,7,9,160,7.1,136,90,93.4,Middle,Low
5247,56,Male,Hyderabad,17.8,Yes,Active,Non-Vegetarian,Never,Occasional,6,9,178,6.7,150,100,90.9,Middle,Moderate
5248,28,Female,Chennai,22.9,No,Active,Vegetarian,Former,,9,3,103,5.5,120,100,98.2,Low,Low
5250,46,Female,Hyderabad,18.5,Yes,Active,Vegetarian,Never,Never,6,4,150,6.6,132,80,85.4,Middle,Low
5251,42,Male,Bengaluru,19.8,No,Sedentary,Non-Vegetarian,Never,Never,6.9,7,113,5.6,140,90,93.3,High,Low
5253,49,Female,Hyderabad,19.9,No,Moderate,Non-Vegetarian,Never,Occasional,8,6,137,6.3,150,92,90.8,High,Low
5254,31,Male,Delhi,24.2,No,Sedentary,Vegetarian,Never,Occasional,6,9,150,6.2,134,86,103.2,High,Low
5256,44,Male,Chennai,24.1,No,Sedentary,Vegetarian,Former,Never,6.5,9,178,7,140,80,105.2,High,Low
5257,47,Male,Delhi,22.2,Yes,Active,Vegetarian,Current,Occasional,7.1,7,190,7.4,140,80,100.4,High,Moderate
5262,35,Female,Ahmedabad,19.4,No,Sedentary,Non-Vegetarian,Never,,9.2,2,161,7.1,120,81,85.5,Middle,Low
5265,32,Female,Chennai,22.2,Yes,Moderate,Non-Vegetarian,Current,,6.5,5,185,7.5,136,96,98.9,,Moderate
5267,28,Female,Delhi,28,No,Sedentary,Non-Vegetarian,Former,,7.5,4,231,7.5,130,70,113.3,Middle,Moderate
5269,42,Male,Bhopal,21.6,No,Sedentary,Vegetarian,Former,Never,9.9,1,136,6,124,83,97.8,Middle,Low
5270,44,Male,Bhopal,28.1,No,Sedentary,Non-Vegetarian,Never,Occasional,7.9,4,164,7.2,170,90,114.8,Middle,Low
5272,18,Male,Hyderabad,28.3,No,Moderate,Non-Vegetarian,Never,Occasional,7,10,150,6.5,140,90,121,High,Low
5273,33,Male,Delhi,21.6,Yes,Sedentary,Non-Vegetarian,Never,Never,8,6,196,7.1,120,100,100.6,Middle,Low
5274,44,Female,Bengaluru,23.8,No,Sedentary,Pescatarian,Former,Never,7,4,215,8,140,70,100.8,Middle,High
5276,35,Female,Bengaluru,25.7,Yes,Sedentary,Non-Vegetarian,Never,,6,8,192,6.9,157,90,105.5,High,Low
5280,55,Female,Bhopal,21,No,Active,Non-Vegetarian,Current,,8.3,4,183,7.1,130,86,91.6,Low,Low
5283,43,Female,Delhi,20.8,Yes,Moderate,Vegetarian,Current,Never,7.3,7,211,7.3,140,84,92.9,Low,Moderate
5284,45,Female,Bhopal,21.8,No,Sedentary,Non-Vegetarian,Never,,8,10,158,7,150,88,95,High,Low
5285,49,Male,Delhi,20.6,No,Moderate,Non-Vegetarian,Current,,6.6,9,153,6.4,150,70,94.7,Middle,Moderate
5286,49,Male,Hyderabad,25.3,Yes,Sedentary,Non-Vegetarian,Never,Occasional,6.5,7,247,8.8,130,85,109,Low,High
5288,24,Female,Delhi,15.9,No,Active,Non-Vegetarian,Never,Occasional,7.5,5,119,6,122,82,78.2,High,Low
5290,35,Male,Ahmedabad,21.4,No,Moderate,Non-Vegetarian,Never,,7.5,9,152,5.9,160,88,91.8,Low,Low
5292,52,Male,Bhopal,22,No,Active,Non-Vegetarian,Never,Never,7,6,135,6.4,140,100,98.3,Low,Low
5294,40,Female,Bengaluru,22.5,No,Active,Pescatarian,Never,Regular,9,4,117,6.1,140,80,91.9,Middle,Low
5298,59,Male,Delhi,23.9,No,Sedentary,Non-Vegetarian,Never,Never,6.5,9,146,6.9,160,90,104.2,Middle,Low
5301,50,Female,Delhi,23.8,Yes,Active,Vegetarian,Never,,8,5,213,8,134,80,102.5,Middle,Moderate
5303,36,Female,Hyderabad,25.9,Yes,Moderate,Vegetarian,Never,Occasional,8.5,7,215,6.8,160,82,105.8,High,Moderate
5304,44,Male,Bengaluru,23.7,No,Sedentary,Non-Vegetarian,Never,Never,7,8,163,7.1,160,101,106.2,High,Low
5308,57,Female,Ahmedabad,23.6,Yes,Moderate,Non-Vegetarian,Never,Occasional,6,4,166,6.6,140,88,97.5,High,Moderate
5312,31,Female,Bengaluru,19.6,Yes,Active,Non-Vegetarian,Never,,7,6,138,6.1,140,80,94.1,Middle,Low
5316,60,Male,Ahmedabad,27.6,No,Sedentary,Non-Vegetarian,Never,Occasional,6,5,166,7,146,90,115.5,High,High
5317,37,Male,Delhi,30,Yes,Sedentary,Non-Vegetarian,Never,,8.4,4,212,8.7,136,90,124,High,High
5318,44,Male,Bengaluru,29.5,Yes,Active,Vegetarian,Never,Never,7,6,196,7.8,147,95,117.8,Middle,Moderate
5319,60,Female,Ahmedabad,30,Yes,Sedentary,Vegetarian,Never,,7.2,7,305,9.9,160,101,110.2,Middle,High
5322,33,Female,Delhi,23.6,Yes,Active,Non-Vegetarian,Current,,8,8,159,6.4,140,80,93,Middle,Low
5324,44,Female,Ahmedabad,22.2,No,Moderate,Non-Vegetarian,,Occasional,6,5,120,6.4,140,90,99.5,Middle,Low
5325,49,Male,Delhi,28.2,No,Sedentary,Vegetarian,Never,Occasional,6,4,184,6.9,172,80,121.5,Middle,Moderate
5326,51,Female,Chennai,25.9,No,Moderate,Non-Vegetarian,Never,,5,6,289,9.8,140,100,103.5,Middle,High
5327,48,Male,Delhi,16.9,Yes,Active,Non-Vegetarian,Current,Never,7,7,217,8.3,148,90,87.3,Low,High
5328,60,Female,Bengaluru,29.6,No,Sedentary,Non-Vegetarian,Never,Never,8,8,284,9.8,170,110,110.7,High,High
5331,56,Male,Ahmedabad,22.9,No,Moderate,Non-Vegetarian,Never,Never,9.5,4,177,6.8,146,100,104.3,Middle,Moderate
5332,60,Female,Delhi,21.6,No,Sedentary,Vegetarian,Never,,8,7,215,7.4,160,100,96.1,Middle,Moderate
5333,46,Male,Bengaluru,20.2,No,Active,Non-Vegetarian,Never,Occasional,7.3,4,100,5.3,146,75,91.7,Middle,Low
5335,41,Female,Bengaluru,18.3,Yes,Active,Non-Vegetarian,Current,,8.8,5,145,6.2,130,80,83.9,Low,Low
5337,48,Male,Ahmedabad,15,No,Active,Vegetarian,Never,Occasional,8,6,160,6.6,150,88,85,Middle,Low
5339,38,Female,Bhopal,21.5,Yes,Sedentary,Vegetarian,Never,Occasional,8,7,274,8.9,140,80,91.6,High,High
5346,35,Female,Hyderabad,19.2,No,Active,Non-Vegetarian,Current,,6.3,10,149,6,150,80,88.3,High,Low
5349,30,Male,Hyderabad,23.1,No,Sedentary,Vegetarian,Current,,7,6,158,6.6,120,70,103.8,High,Low
5350,62,Male,Ahmedabad,32.6,No,Sedentary,Non-Vegetarian,,,9,1,186,7,146,84,125.2,Middle,Moderate
5351,42,Female,Ahmedabad,20.5,No,Moderate,Non-Vegetarian,,Never,11,3,150,6.5,140,78,88.9,Low,Low
5352,53,Male,Bengaluru,28,No,Sedentary,Non-Vegetarian,Never,Occasional,7.7,5,164,6.8,150,80,113.6,Middle,Moderate
5354,50,Male,Delhi,19.6,Yes,Moderate,Vegetarian,Never,Never,8,3,163,7.2,144,92,95.8,Middle,Moderate
5356,31,Female,Chennai,21.9,No,Active,Vegetarian,Never,Never,6,6,189,7.4,144,88,96,High,Low
5359,26,Female,Bengaluru,21.3,Yes,Active,Non-Vegetarian,Never,,7,10,167,7,130,98,95,High,Low
5360,57,Female,Delhi,21.2,No,Moderate,Vegetarian,Never,,7,8,212,7.4,130,90,96.1,High,Moderate
5361,62,Female,Chennai,26.9,No,Moderate,Non-Vegetarian,Current,,7,6,189,7.4,150,92,110,Low,High
5362,47,Female,Bhopal,27.3,No,Sedentary,Vegetarian,Former,,8,8,169,7.2,152,90,103.3,Middle,Moderate
5366,36,Female,Chennai,22.4,No,Active,Vegetarian,Never,,5,9,160,6.9,130,100,98.3,Low,Low
5367,35,Male,Delhi,20.9,No,Sedentary,Non-Vegetarian,Never,Never,6,7,116,6.2,138,80,95.3,High,Low
5368,40,Male,Bengaluru,19,No,Moderate,Vegan,Never,Occasional,9,3,135,6.6,114,70,93.4,Middle,Low
5369,55,Female,Chennai,27.2,No,Active,Non-Vegetarian,Never,,6,9,280,9.2,162,100,104.3,High,High
5370,42,Male,Bengaluru,19.3,No,Active,Vegetarian,Never,Regular,7.4,7,117,5.6,150,90,91.7,Low,Low
5372,32,Male,Hyderabad,25.8,No,Moderate,Vegetarian,Current,Occasional,8,7,182,7.2,139,88,105.3,Middle,Moderate
5376,46,Male,Delhi,22.5,No,Active,Non-Vegetarian,Never,Occasional,7,8,187,7.3,152,94,98.4,Middle,Low
5378,36,Male,Hyderabad,21.6,No,Sedentary,Non-Vegetarian,Never,Never,8,5,114,5.9,120,68,100,Middle,Low
5381,55,Male,Delhi,28.6,No,Sedentary,Vegetarian,Never,Occasional,7,9,197,8.1,147,100,117.5,High,High
5384,38,Male,Delhi,21.3,Yes,Moderate,Vegetarian,Never,Never,5.9,9,157,6.7,148,90,100.1,High,Moderate
5389,33,Male,Delhi,21.3,Yes,Moderate,Non-Vegetarian,,Never,7,10,143,6.2,150,80,103,High,Low
5390,25,Female,Delhi,28.4,No,Sedentary,Vegetarian,Never,Never,8.5,4,99,5.1,156,80,111.5,Middle,Low
5391,46,Female,Chennai,22.9,No,Active,Non-Vegetarian,Never,Never,7,7,150,6.7,140,90,95.8,,Low
5393,48,Male,Bhopal,21.6,No,Sedentary,Vegetarian,Former,,9,6,188,7.7,132,92,99.4,Low,High
5394,57,Male,Ahmedabad,24.3,No,Sedentary,Vegetarian,Never,Never,6.5,3,148,5.6,142,94,107.1,High,Low
5395,41,Female,Bengaluru,24.4,No,Active,Non-Vegetarian,Current,,7,8,114,6,136,80,101.7,Low,Low
5396,52,Female,Delhi,25.3,No,Active,Vegetarian,Never,Regular,6.9,9,160,6.7,140,92,109.3,Middle,Low
5399,20,Male,Chennai,15,No,Active,Non-Vegetarian,Current,Never,9,5,103,5.3,124,70,78.4,High,Low
5400,56,Female,Delhi,32.3,No,Moderate,Vegetarian,Current,Occasional,8,7,151,6.8,160,100,131.5,Middle,Moderate
5404,50,Female,Hyderabad,17.1,No,Moderate,Non-Vegetarian,Current,,10,1,146,6.5,121,80,84.4,Middle,Moderate
5406,47,Female,Chennai,35,Yes,Sedentary,Non-Vegetarian,Never,,7,8,204,7.5,160,100,131.6,Middle,Moderate
5411,41,Female,Delhi,22.6,No,Moderate,Vegetarian,Never,Never,8.5,7,210,7.1,140,90,96.3,High,Moderate
5416,49,Male,Ahmedabad,31.9,No,Sedentary,Vegetarian,Never,Occasional,9,3,171,7.5,160,100,123.4,High,High
5421,48,Female,Delhi,28.2,No,Sedentary,Non-Vegetarian,Never,,6.5,7,152,6.4,130,96,108.6,High,Low
5431,51,Male,Bengaluru,25.7,No,Active,Non-Vegetarian,Never,Never,6.5,5,177,7.6,160,88,111.2,Middle,Moderate
5433,46,Female,Delhi,25.3,No,Sedentary,Vegetarian,Never,Never,9,6,149,6.3,154,89,108.9,Middle,Low
5435,47,Female,Delhi,28.6,No,Sedentary,Vegetarian,Current,,8,8,145,6.6,160,90,106.2,Middle,Low
5436,47,Male,Hyderabad,25.3,No,Moderate,Non-Vegetarian,Never,Occasional,6.2,10,171,8,150,100,108.8,High,Moderate
5439,52,Male,Bengaluru,26.8,Yes,Moderate,Vegetarian,Never,Never,5,9,160,7,148,100,111.9,High,Moderate
5440,61,Female,Ahmedabad,34.5,No,Sedentary,Non-Vegetarian,Never,,8,7,206,7,165,100,124.9,High,Moderate
5443,39,Male,Hyderabad,21.9,Yes,Active,Vegetarian,Never,,5.5,9,195,7.4,140,100,98.2,High,High
5444,57,Female,Bengaluru,21.7,No,Moderate,Vegetarian,Never,,7,9,200,8.3,152,90,91.1,,Moderate
5446,51,Female,Bengaluru,25.1,No,Sedentary,Non-Vegetarian,Never,,9,1,142,6.6,150,88,101.8,Middle,Moderate
5447,46,Female,Bhopal,22.7,No,Active,Non-Vegetarian,Never,Occasional,6,10,191,7.3,140,80,103.2,Middle,Moderate
5448,18,Female,Bengaluru,18,No,Active,Non-Vegetarian,Never,Never,9,6,116,6,120,80,88,High,Low
5450,34,Male,Bengaluru,28.7,No,Sedentary,Non-Vegetarian,Never,Never,8,1,153,6.3,116,82,118,Middle,Low
5452,55,Male,Bengaluru,24.4,No,Active,Vegetarian,Never,Occasional,7,7,216,9,138,81,104.9,Middle,High
5453,32,Male,Ahmedabad,15,No,Active,Vegetarian,Former,,5,8,130,6.4,120,80,85.5,Middle,Low
5454,45,Male,Bengaluru,17.6,No,Moderate,Non-Vegetarian,Never,Occasional,7,6,113,5.5,140,80,87.3,Middle,Low
5456,46,Male,Bhopal,26.7,No,Sedentary,Non-Vegetarian,Current,Occasional,9,6,225,7,158,90,112.2,Middle,High
5462,32,Male,Ahmedabad,18.9,No,Moderate,Non-Vegetarian,Never,Occasional,8,6,182,7.5,120,92,95.6,Middle,Low
5466,61,Female,Ahmedabad,24.8,No,Moderate,Non-Vegetarian,Former,,8,6,192,6.6,143,100,105.8,Middle,Moderate
5468,51,Male,Delhi,22.4,No,Sedentary,Non-Vegetarian,Never,Never,7,8,117,5.5,140,88,102.9,Middle,Low
5469,47,Female,Chennai,18.3,No,Moderate,Vegetarian,Never,Never,7.5,7,219,7.3,150,90,86.4,Low,High
5470,52,Male,Delhi,24.6,Yes,Sedentary,Non-Vegetarian,Never,Occasional,5.1,9,178,7.2,180,100,111.1,Middle,Moderate
5471,43,Male,Delhi,32,Yes,Sedentary,Non-Vegetarian,Current,Occasional,8.1,6,198,7.7,150,90,126.7,High,Moderate
5473,57,Female,Bengaluru,24.4,No,Sedentary,Non-Vegetarian,Never,,9,4,191,7.5,152,90,100.9,Middle,High
5475,48,Female,Delhi,26.7,Yes,Sedentary,Non-Vegetarian,Current,Never,8,3,179,7.3,124,92,112.2,Low,High
5476,33,Female,Bengaluru,20.6,No,Active,Non-Vegetarian,Never,Occasional,8,3,115,5.8,130,84,91.4,Low,Low
5478,51,Female,Ahmedabad,24.8,No,Moderate,Non-Vegetarian,Never,,6.5,9,189,7.2,140,100,106.1,Low,Low
5479,62,Male,Hyderabad,25.6,No,Sedentary,Non-Vegetarian,Never,,7,6,207,7.9,150,100,106.1,Middle,High
5481,22,Female,Ahmedabad,24.3,No,Active,Non-Vegetarian,Never,Never,7,8,144,6.3,100,81,100.3,Middle,Low
5484,61,Male,Ahmedabad,23.6,Yes,Moderate,Non-Vegetarian,Never,,8,5,191,7.7,160,90,105.7,Low,Moderate
5488,45,Male,Bengaluru,26.7,Yes,Active,Non-Vegetarian,Never,Occasional,8.7,5,178,7.8,149,88,116.5,Middle,Moderate
5492,47,Male,Ahmedabad,20.8,Yes,Active,Vegetarian,,Never,6.5,1,112,5.4,160,70,100,Middle,Low
5493,65,Female,Ahmedabad,21.4,No,Moderate,Vegetarian,Never,Never,8.5,7,213,8.2,170,90,94.6,Low,High
5495,59,Female,Delhi,23.6,No,Moderate,Non-Vegetarian,Never,,6,8,148,6.5,140,103,103.5,Middle,Moderate
5496,41,Male,Delhi,26.7,No,Moderate,Vegetarian,Current,Never,7,7,174,7.1,132,80,113.7,High,Low
5497,46,Female,Bengaluru,27.2,Yes,Moderate,Non-Vegetarian,Current,,8,8,161,6.4,152,90,113.7,Middle,Low
5500,26,Male,Bengaluru,17.8,Yes,Active,Non-Vegetarian,Never,Never,5,10,182,7,120,88,90,High,Moderate
5502,53,Male,Hyderabad,21.6,No,Sedentary,Non-Vegetarian,Former,,6.5,7,123,5.9,150,96,95.8,Low,Low
5503,59,Male,Chennai,27.1,No,Active,Vegetarian,Never,Never,7.5,3,164,6.5,130,80,112.6,Middle,Moderate
5505,57,Other,Delhi,28.6,No,Moderate,Vegetarian,Current,Occasional,6,6,150,6.4,170,80,112.6,Low,Low
5511,59,Male,Hyderabad,22.7,Yes,Active,Vegetarian,Never,Occasional,6,9,171,7.1,148,80,102.8,High,Low
5513,53,Male,Delhi,19,Yes,Sedentary,Non-Vegetarian,Never,Never,6,9,201,7.6,140,80,93.9,High,Moderate
5515,33,Male,Chennai,21.3,No,Sedentary,Vegetarian,Never,Occasional,6,8,138,6.3,140,84,96.6,High,Low
5517,57,Male,Chennai,18.5,No,Moderate,Vegetarian,Never,Never,6.9,7,150,6.5,152,76,94.5,Middle,Low
5519,45,Female,Delhi,21,Yes,Moderate,Vegetarian,Never,Never,9,6,195,6.7,132,100,92.2,Middle,Moderate
5527,56,Male,Delhi,21.4,No,Active,Vegetarian,Current,Occasional,7,5,151,6.2,148,100,99.3,High,Moderate
5529,52,Female,Delhi,22.7,No,Active,Vegetarian,Never,Never,8,5,199,7,139,70,96.8,Middle,Low
5531,37,Male,Hyderabad,19.7,No,Moderate,Non-Vegetarian,Never,Never,9,4,179,6.7,106,70,96.7,High,Low
5534,54,Female,Ahmedabad,26.5,No,Active,Non-Vegetarian,Never,Occasional,7,6,150,6.3,170,80,108.2,High,Moderate
5539,25,Male,Hyderabad,21.7,No,Active,Vegetarian,Never,Never,6,9,144,6.4,130,80,104.3,Middle,Low
5540,39,Female,Bengaluru,19.2,Yes,Sedentary,Non-Vegetarian,Never,,7,8,187,7.2,124,94,85.8,Middle,Low
5543,41,Male,Chennai,20.4,Yes,Moderate,Vegetarian,Never,Never,6.5,6,169,7.2,140,88,98.9,,Low
5544,49,Male,Delhi,22.8,No,Active,Vegetarian,Never,,9.6,6,156,5.9,150,90,100,Middle,Low
5545,44,Male,Bengaluru,21.1,Yes,Moderate,Vegan,Current,Regular,7,6,228,8.4,120,79,103.3,Middle,High
5546,31,Female,Hyderabad,18.1,No,Active,Non-Vegetarian,Never,Occasional,7.3,5,146,6.5,112,88,84.5,Middle,Low
5549,49,Female,Ahmedabad,22.1,No,Sedentary,Vegetarian,Current,Occasional,6.5,4,220,8.3,130,77,94,Middle,High
5551,42,Female,Delhi,21.8,No,Moderate,Vegetarian,Former,,8,7,218,8,140,98,99.4,Middle,High
5552,51,Male,Chennai,21.4,No,Active,Vegetarian,Never,Regular,9,3,133,5.9,130,80,99.7,Middle,Low
5554,48,Male,Delhi,18.5,No,Active,Vegetarian,Current,Occasional,7,6,158,6.5,140,86,91.7,Low,Moderate
5555,56,Male,Bengaluru,20.9,No,Sedentary,Vegetarian,Never,Occasional,8,10,186,7.6,144,90,103.1,High,High
5556,36,Female,Hyderabad,26.5,No,Sedentary,Non-Vegetarian,Never,,5,10,229,8.1,140,88,102.3,High,Moderate
5557,50,Male,Hyderabad,28.7,No,Moderate,Vegetarian,Current,Occasional,7,5,189,7.8,144,79,114.4,High,Moderate
5559,56,Female,Hyderabad,25.3,Yes,Sedentary,Non-Vegetarian,Former,,7,8,177,7.6,156,90,99.3,High,High
5561,34,Female,Ahmedabad,21,Yes,Sedentary,Vegetarian,Never,,7,3,159,6.4,130,68,92.7,Middle,Low
5562,59,Female,Delhi,26,No,Active,Non-Vegetarian,Former,,9,6,166,6.9,160,100,101.9,Middle,Moderate
5563,43,Female,Bhopal,22.1,No,Moderate,Vegetarian,Never,Occasional,8,6,134,6.2,150,100,94.4,Middle,Low
5564,45,Male,Delhi,21.6,No,Moderate,Vegetarian,Never,Never,7,7,120,5.8,140,90,94.9,Low,Low
5565,68,Male,Chennai,26.9,No,Moderate,Vegetarian,Never,Never,9,6,159,7.1,150,100,112.7,Middle,Low
5569,42,Female,Bengaluru,22,No,Active,Vegetarian,Never,Occasional,9.5,6,119,5.7,135,78,98.5,Low,Low
5572,51,Male,Delhi,20.9,Yes,Active,Vegetarian,Current,Occasional,6,10,174,7.6,152,100,99,Middle,Moderate
5577,36,Male,Delhi,19.2,No,Moderate,Vegetarian,Never,Never,7,7,111,6,134,80,93.4,High,Low
5579,27,Male,Delhi,19,No,Moderate,Non-Vegetarian,Never,Never,7,9,157,6.4,130,80,90.5,High,Low
5580,51,Male,Delhi,19.1,Yes,Active,Non-Vegetarian,Former,Occasional,6,7,136,5.9,126,86,92.6,Middle,Low
5582,34,Male,Chennai,15.9,Yes,Moderate,Non-Vegetarian,Never,Regular,7,8,127,5.8,130,86,84.1,Low,Low
5586,36,Male,Delhi,24.9,No,Moderate,Vegetarian,Never,Occasional,5,6,193,7.1,130,89,107.9,High,Moderate
5589,47,Male,Delhi,32.6,No,Sedentary,Vegetarian,Never,Occasional,6.5,7,211,7.9,140,92,125.7,Middle,Moderate
5593,49,Female,Bengaluru,20.4,No,Sedentary,Vegetarian,Never,Regular,8,7,117,5.7,148,91,89.5,High,Low
5596,39,Male,Bengaluru,25.3,No,Moderate,Vegetarian,Former,Occasional,7.8,5,169,6.9,132,88,108.6,Middle,Low
5597,57,Male,Delhi,20.4,No,Moderate,Vegetarian,Never,Occasional,7,6,142,6,150,82,96.5,Middle,Low
5598,40,Female,Delhi,27.1,No,Moderate,Vegetarian,Never,Occasional,6,9,154,6,140,96,108.1,High,Low
5599,52,Male,Hyderabad,16.4,No,Active,Non-Vegetarian,Never,Regular,6,8,118,5.4,148,88,88.3,Low,Low
5601,63,Female,Ahmedabad,27.1,No,Sedentary,Non-Vegetarian,Never,Occasional,8,6,145,6.2,150,100,108.3,Low,Moderate
5603,49,Male,Chennai,28.3,Yes,Sedentary,Non-Vegetarian,Never,Occasional,5.8,6,229,7.9,144,89,121.3,Middle,High
5605,46,Female,Ahmedabad,16.1,No,Moderate,Vegetarian,Never,,7,5,115,6.3,139,70,79.6,Low,Low
5607,41,Male,Ahmedabad,21.6,No,Active,Vegetarian,,Never,6,7,150,6.8,140,72,93.5,Middle,Low
5610,41,Male,Delhi,21.8,Yes,Sedentary,Vegetarian,Never,,6.7,7,211,7.3,140,78,94.4,Middle,Moderate
5612,34,Male,Bengaluru,21.3,No,Moderate,Non-Vegetarian,Current,Never,7,5,136,6.2,124,90,105,Middle,Low
5614,51,Male,Hyderabad,21,No,Moderate,Non-Vegetarian,Current,Occasional,5,8,180,6.6,156,86,100.6,Low,Moderate
5616,24,Male,Chennai,25.4,No,Moderate,Vegetarian,Never,Occasional,8,6,262,9.2,130,96,105.4,High,High
5618,50,Female,Hyderabad,17.8,No,Moderate,Non-Vegetarian,Never,,5,7,130,5.9,140,90,84.3,High,Low
5619,36,Female,Bengaluru,24.2,Yes,Sedentary,Pescatarian,Current,Occasional,7,5,181,7.2,136,80,99.6,Middle,Moderate
5623,50,Female,Hyderabad,16.1,Yes,Moderate,Non-Vegetarian,Current,,6.1,6,184,7,138,76,82.8,Middle,High
5627,38,Male,Bengaluru,21,No,Sedentary,Non-Vegetarian,Never,Occasional,8,7,115,6,130,88,100.7,Middle,Low
5629,40,Female,Chennai,24.3,Yes,Moderate,Non-Vegetarian,Never,,8.3,5,196,7.6,110,90,103.5,Middle,Moderate
5630,44,Female,Hyderabad,20.3,Yes,Moderate,Vegetarian,Never,Occasional,6,10,194,7.5,140,96,94.8,Low,Moderate
5632,40,Male,Ahmedabad,21.6,No,Moderate,Vegetarian,Never,Occasional,6.3,5,112,6.2,124,90,101.5,Middle,Low
5635,34,Male,Chennai,20.9,Yes,Moderate,Non-Vegetarian,Never,Never,6.4,7,156,7,136,110,100.1,Middle,Low
5637,35,Male,Hyderabad,20.8,Yes,Active,Vegetarian,Former,,8,7,198,8.5,128,74,100.6,High,High
5640,58,Female,Bhopal,15.3,No,Active,Vegetarian,Never,,7.3,6,106,5.7,140,86,77.1,High,Low
5641,34,Male,Hyderabad,26,No,Moderate,Non-Vegetarian,Current,Never,7.8,4,199,7.3,132,70,105.5,Middle,Low
5642,45,Male,Ahmedabad,18.3,No,Active,Non-Vegetarian,Former,Occasional,7,5,175,6.8,150,68,93.5,Middle,Moderate
5643,18,Male,Hyderabad,19.2,Yes,Moderate,Non-Vegetarian,Never,Occasional,9,3,147,6.1,140,80,93.1,Middle,Low
5650,42,Male,Hyderabad,18.7,No,Active,Non-Vegetarian,Former,Never,5.5,6,166,6.3,144,87,88.1,Middle,Low
5655,43,Female,Bhopal,23.4,No,Sedentary,Non-Vegetarian,Current,,6,8,170,6,138,94,103.7,Low,Low
5658,44,Male,Chennai,20.1,Yes,Active,Non-Vegetarian,Current,Occasional,10,7,159,7.1,115,80,89.8,Low,Moderate
5659,31,Male,Bhopal,21,No,Active,Non-Vegetarian,Never,,10,3,102,5.6,133,74,101.7,Middle,Low
5663,59,Male,Delhi,30.2,Yes,Sedentary,Non-Vegetarian,Never,,8.5,6,199,7.5,160,100,123,Middle,High
5664,41,Male,Hyderabad,24.2,No,Sedentary,Vegetarian,Current,Regular,9,5,118,6.1,150,72,106.4,Middle,Low
5667,42,Male,Bhopal,17.5,No,Active,Non-Vegetarian,Never,Never,8,5,79,5.2,121,70,91.5,Low,Low
5669,41,Other,Hyderabad,24.2,No,Moderate,Vegetarian,Never,Never,6,10,120,5.9,150,90,103.9,Middle,Low
5670,29,Female,Bengaluru,18.7,No,Moderate,Vegetarian,Never,Occasional,5.9,7,115,5.6,130,80,88.8,High,Low
5673,50,Male,Hyderabad,25,No,Moderate,Vegetarian,Never,Never,8.2,4,147,6,152,90,107.2,Middle,Low
5675,29,Male,Chennai,21.8,No,Moderate,Non-Vegetarian,Never,Never,8,9,118,5.8,120,80,98.7,Low,Low
5676,61,Female,Ahmedabad,16.9,Yes,Moderate,Non-Vegetarian,Current,,6,8,173,7,160,97,78.4,Low,Low
5677,49,Female,Bengaluru,21.6,No,Sedentary,Non-Vegetarian,Never,Never,7.2,8,159,6.5,140,90,95.6,Middle,Low
5678,35,Female,Delhi,24,No,Sedentary,Non-Vegetarian,Never,Never,7.4,6,158,6.3,140,90,99.5,Low,Low
5681,46,Male,Bengaluru,27.2,No,Sedentary,Vegetarian,Never,Occasional,7.5,2,195,7,150,80,114.8,Middle,Moderate
5683,40,Female,Chennai,21.8,No,Sedentary,Vegetarian,Never,Never,8,6,154,7,133,80,91.6,Middle,Low
5684,63,Female,Bengaluru,22.1,No,Active,Vegetarian,Never,,6,6,139,6.3,156,80,94.1,Middle,Low
5687,37,Female,Bengaluru,19.1,No,Active,Non-Vegetarian,,,5,9,194,7.6,140,96,89.9,High,Moderate
5689,34,Male,Delhi,17.2,Yes,Moderate,Non-Vegetarian,Never,Never,6,5,190,7.3,140,77,90.9,Middle,Moderate
5690,47,Male,Ahmedabad,29.2,No,Sedentary,Non-Vegetarian,Current,Never,8,1,202,7.5,130,90,116.6,Middle,Low
5693,51,Female,Hyderabad,29.4,Yes,Sedentary,Vegetarian,,,7,7,192,7,148,90,113.7,Middle,High
5695,28,Male,Chennai,18.7,No,Moderate,Vegetarian,Never,Never,8,7,113,5.9,140,76,96.7,Middle,Low
5696,40,Female,Bhopal,19.8,Yes,Active,Non-Vegetarian,Never,Never,8,7,167,6.4,130,90,89.3,High,Moderate
5699,50,Male,Bengaluru,23.7,No,Moderate,Vegetarian,Never,Occasional,6,3,118,5.5,140,90,106.7,Middle,Low
5702,61,Female,Hyderabad,24,Yes,Sedentary,Non-Vegetarian,Never,,5,9,210,7.5,160,109,102.3,High,Moderate
5703,43,Female,Delhi,15.5,No,Active,Non-Vegetarian,Never,Never,7.8,7,152,6.6,120,88,76.8,,Low
5704,44,Female,Ahmedabad,16.6,No,Moderate,Vegetarian,Never,Never,6.6,10,168,6.8,150,78,80.9,High,Moderate
5705,48,Male,Hyderabad,24.2,Yes,Moderate,Non-Vegetarian,Never,,6,8,185,7.2,140,84,104.4,Middle,Moderate
5706,39,Female,Ahmedabad,17.8,Yes,Active,Vegetarian,Never,,5,7,162,6.9,142,89,81.9,Low,Moderate
5708,48,Male,Bengaluru,15.7,No,Active,Vegetarian,Current,,8,6,177,7,116,83,86.6,Low,Low
5710,27,Female,Hyderabad,18.8,Yes,Active,Non-Vegetarian,Current,,6,10,212,7.2,142,90,90,High,Moderate
5713,39,Male,Bengaluru,17.9,No,Moderate,Non-Vegetarian,Never,Occasional,9,5,159,6.9,124,87,90.5,Middle,Low
5714,53,Male,Delhi,27.7,Yes,Sedentary,Non-Vegetarian,Never,Occasional,7,6,186,6.9,138,80,114.8,High,High
5716,45,Female,Bengaluru,26.9,No,Active,Vegetarian,Current,Occasional,8,4,182,7.7,146,88,107.8,Low,High
5720,32,Male,Delhi,21.2,Yes,Moderate,Non-Vegetarian,Never,Never,9,7,150,6.9,130,100,98.8,Low,Low
5723,40,Female,Delhi,24.2,No,Moderate,Non-Vegetarian,Never,Occasional,5.5,10,116,6,140,91,103.7,Middle,Low
5726,32,Female,Chennai,22.7,No,Moderate,Vegetarian,Current,Never,6,8,179,6.9,135,80,96,High,Low
5728,45,Male,Chennai,25.7,No,Sedentary,Non-Vegetarian,Never,Never,6.1,9,177,6.8,150,94,114.5,High,Low
5729,67,Male,Chennai,30.6,No,Sedentary,Vegetarian,Never,Regular,9,8,201,7.9,150,100,126.1,High,High
5732,55,Male,Chennai,19.2,Yes,Moderate,Vegetarian,Never,,7.5,5,213,7.1,150,70,94.7,Middle,High
5734,39,Male,Chennai,16.8,No,Active,Vegetarian,Never,Occasional,8,6,150,6.1,128,76,90.1,Low,Low
5736,52,Female,Chennai,30.9,No,Sedentary,Vegetarian,Never,Occasional,8,5,171,6.8,143,110,114.8,Middle,Low
5738,28,Female,Bhopal,20.5,Yes,Moderate,Vegetarian,Former,Occasional,7,5,154,6.6,132,82,94.8,Middle,Low
5742,36,Female,Delhi,22.7,Yes,Active,Non-Vegetarian,Never,Occasional,8.1,4,153,6.3,140,74,94.3,Middle,Low
5744,32,Female,Delhi,20.2,Yes,Sedentary,Vegetarian,Never,Occasional,5.7,8,166,6.8,150,84,84.3,Middle,Low
5747,58,Male,Delhi,22,No,Active,Vegetarian,Never,Never,7,8,189,7.3,140,94,98.4,Middle,Moderate
5751,47,Female,Delhi,26.8,No,Moderate,Non-Vegetarian,Current,,8,7,118,6,140,90,105.9,High,Low
5756,37,Female,Delhi,19.4,Yes,Active,Non-Vegetarian,Current,,7,6,172,7,124,90,86.8,High,Low
5757,46,Female,Hyderabad,21.7,No,Sedentary,Non-Vegetarian,Never,Never,6,7,170,7.3,137,90,97.1,Middle,Moderate
5760,44,Male,Bengaluru,21.2,No,Moderate,Non-Vegetarian,Never,Occasional,5.4,8,120,6.1,141,80,98.3,High,Low
5761,52,Male,Bengaluru,20.6,No,Active,Vegetarian,Former,Occasional,8.7,7,272,8.7,149,100,100,Middle,High
5762,52,Male,Bengaluru,38.1,Yes,Sedentary,Non-Vegetarian,Current,,6.3,5,180,7,150,91,147.4,Middle,High
5766,52,Male,Bengaluru,21.6,No,Moderate,Non-Vegetarian,Never,Never,8,6,117,6,160,90,97.8,High,Low
5767,46,Male,Hyderabad,25.4,Yes,Sedentary,Non-Vegetarian,Never,Occasional,8,7,181,7.6,148,92,108.8,High,Moderate
5769,47,Male,Bhopal,32,Yes,Sedentary,Vegetarian,Never,Never,9,5,348,10.8,148,96,120.8,Middle,High
5772,39,Male,Delhi,24.9,Yes,Active,Non-Vegetarian,,Regular,9,8,172,6.9,148,92,108.1,High,Low
5773,56,Female,Hyderabad,21.6,No,Moderate,Non-Vegetarian,Never,Never,8,5,117,5.9,144,100,91.4,Low,Low
5774,53,Female,Bhopal,32.1,Yes,Sedentary,Non-Vegetarian,Former,,7,6,166,6.8,150,100,118.7,Middle,Low
5777,50,Female,Delhi,24.6,No,Sedentary,Vegetarian,Never,,5,9,172,7.1,170,73,100.3,Middle,Low
5778,69,Female,Ahmedabad,17,No,Active,Vegetarian,Current,,9,4,127,6.1,140,80,83.8,Low,Low
5783,46,Male,Bengaluru,24.3,No,Moderate,Vegetarian,Never,Never,9,7,165,6.5,132,90,106.6,High,Low
5784,31,Female,Bengaluru,24.5,No,Active,Vegetarian,Never,,6,8,186,8.3,130,80,104.7,Low,High
5787,55,Male,Ahmedabad,24.8,Yes,Sedentary,Non-Vegetarian,Never,Never,10,6,178,7.3,157,79,110,Middle,Moderate
5795,47,Female,Bengaluru,22.5,Yes,Active,Non-Vegetarian,Never,,9,7,159,6.6,150,88,93.5,Middle,Moderate
5796,59,Male,Ahmedabad,25.4,No,Sedentary,Vegetarian,Never,Never,6,4,240,8,140,88,106.6,Middle,High
5799,44,Female,Bengaluru,17.8,No,Active,Non-Vegetarian,Never,,6,3,105,5.6,146,83,85.6,High,Low
5800,52,Male,Bengaluru,26.7,No,Sedentary,Non-Vegetarian,Never,Never,8,9,217,8.6,140,100,110.7,Middle,High
5803,39,Male,Ahmedabad,22.2,No,Moderate,Non-Vegetarian,Never,Occasional,8.4,7,152,6.3,125,80,102.6,Middle,Low
5804,27,Male,Hyderabad,21.6,No,Active,Non-Vegetarian,Never,,6.2,10,159,6.3,140,80,97.7,High,Low
5808,64,Other,Chennai,21.6,No,Moderate,Non-Vegetarian,Current,Never,6.5,7,210,8.5,150,83,94.5,Low,High
5809,23,Female,Delhi,19.6,No,Active,Non-Vegetarian,Current,Never,7,4,113,5.6,127,80,92.8,Low,Low
5815,18,Female,Delhi,25,Yes,Moderate,Vegetarian,Never,,7,8,180,7.8,120,94,99.4,High,Low
5816,47,Male,Delhi,21.6,Yes,Moderate,Non-Vegetarian,Never,Never,7.7,4,204,7,130,78,100.4,Middle,Moderate
5818,58,Female,Chennai,32.9,Yes,Sedentary,Non-Vegetarian,Never,Regular,6.1,9,193,7.9,154,100,110.9,High,High
5819,27,Male,Delhi,22.5,Yes,Active,Non-Vegetarian,Never,Never,7,9,176,7,124,82,100.6,Middle,Moderate
5823,46,Female,Chennai,28.6,Yes,Sedentary,Non-Vegetarian,Never,Occasional,5,10,168,7,141,90,112.7,High,Moderate
5826,33,Male,Delhi,22,No,Moderate,Vegetarian,Never,Never,7,7,160,6.9,140,80,97.4,High,Low
5827,45,Female,Ahmedabad,28.5,Yes,Sedentary,Non-Vegetarian,Never,,7.5,5,208,8.1,150,80,112.8,High,High
5828,52,Male,Ahmedabad,34.8,Yes,Moderate,Non-Vegetarian,Never,Never,7.5,3,224,7.3,140,102,132.9,Middle,High
5831,47,Male,Ahmedabad,19.7,No,Moderate,Vegetarian,Current,Never,9,6,114,5.8,130,90,92.8,Middle,Low
5833,42,Female,Bhopal,24.7,Yes,Active,Non-Vegetarian,Never,Never,8,6,145,5.4,132,80,102.1,Middle,Low
5835,54,Female,Chennai,27.1,Yes,Moderate,Non-Vegetarian,Current,Regular,8,8,226,7.5,150,90,108,Low,High
5843,34,Male,Bengaluru,25.8,Yes,Sedentary,Non-Vegetarian,Never,Never,5.9,10,140,6.6,150,100,109.9,High,Low
5844,18,Male,Hyderabad,28.5,Yes,Sedentary,Non-Vegetarian,Never,Never,7,10,195,7.3,120,84,120.4,High,Moderate
5846,42,Male,Bengaluru,21.7,No,Moderate,Vegetarian,,,7.5,9,121,5.9,143,90,98.9,Middle,Low
5847,24,Male,Bengaluru,22.4,Yes,Active,Non-Vegetarian,Never,Occasional,7,6,220,7.8,120,70,101.4,,High
5848,48,Female,Hyderabad,22.7,Yes,Moderate,Non-Vegetarian,Never,,6,10,226,8,151,80,92,Middle,High
5849,50,Male,Bhopal,24.3,No,Moderate,Non-Vegetarian,Former,Occasional,7,7,203,7.4,140,90,107.3,Middle,Moderate
5850,44,Male,Hyderabad,28,No,Sedentary,Non-Vegetarian,,Occasional,7,7,125,6.3,150,96,117.2,Middle,Low
5853,52,Male,Delhi,18.9,No,Moderate,Non-Vegetarian,Never,Never,8,6,133,5.8,136,80,93,Middle,Low
5854,32,Male,Bhopal,24.1,Yes,Moderate,Vegan,Former,Regular,7,4,183,7.5,150,68,105.9,Middle,Moderate
5855,38,Male,Bhopal,28.1,Yes,Active,Vegetarian,Never,Never,7,6,152,6.8,140,88,112.3,Low,Low
5856,35,Female,Chennai,20.4,No,Active,Vegetarian,Current,Occasional,9,6,181,6.6,120,80,91.7,Low,Low
5860,47,Male,Hyderabad,15.4,No,Active,Vegetarian,Never,Occasional,6,8,174,7.1,140,68,86.6,Middle,Low
5864,36,Male,Bengaluru,31.1,No,Moderate,Vegetarian,,Never,7.2,3,139,6.1,140,80,126.5,High,Low
5868,40,Male,Hyderabad,23.5,No,Sedentary,Vegetarian,Never,Occasional,6,7,168,6.7,144,80,106.4,Low,Low
5870,52,Male,Delhi,28.4,No,Sedentary,Non-Vegetarian,Never,Occasional,7,3,154,6.4,145,80,112.6,High,Low
5874,41,Male,Hyderabad,18.4,No,Active,Non-Vegetarian,Current,Occasional,9,5,91,5.4,140,80,95.6,Low,Low
5875,50,Male,Hyderabad,18.4,No,Active,Non-Vegetarian,Never,Regular,7,7,184,7,150,90,89.6,Middle,Low
5876,42,Female,Hyderabad,19.4,No,Active,Non-Vegetarian,Former,Occasional,7,8,197,7.7,120,80,92.7,Middle,Moderate
5884,37,Female,Delhi,18.6,No,Moderate,Non-Vegetarian,Never,,6,6,128,5.8,140,80,85.7,High,Low
5888,49,Male,Ahmedabad,25.3,Yes,Active,Non-Vegetarian,Never,Occasional,8,2,150,6.4,122,80,108.5,Low,Low
5890,45,Male,Delhi,24.5,No,Sedentary,Vegetarian,Never,Never,7,8,221,7.3,152,90,102.3,High,Moderate
5893,26,Male,Bengaluru,21.2,Yes,Sedentary,Non-Vegetarian,Current,Occasional,8,6,149,6.7,138,70,97.1,Middle,Low
5894,39,Male,Chennai,20.4,Yes,Active,Non-Vegetarian,Never,Never,8,6,167,7.1,123,90,98.7,Middle,Low
5895,49,Male,Ahmedabad,23.4,No,Sedentary,Non-Vegetarian,Never,Occasional,7,8,158,6.5,124,90,100.4,Low,Moderate
5896,24,Male,Ahmedabad,23.8,No,Sedentary,Vegetarian,Never,Never,7,5,178,6.3,108,80,105,Middle,Low
5898,42,Female,Delhi,21.6,No,Sedentary,Pescatarian,Current,Never,6.9,6,179,6.7,130,88,97,Middle,Low
5899,63,Female,Ahmedabad,20.9,No,Active,Non-Vegetarian,Never,,7,7,172,6.7,140,90,94.4,Low,Low
5900,31,Male,Hyderabad,17.6,No,Active,Non-Vegetarian,Never,Occasional,7,7,181,7.6,145,86,91.5,High,Low
5903,47,Male,Chennai,22.8,No,Moderate,Vegetarian,Never,Regular,4,8,244,8.2,130,90,101.8,Middle,Moderate
5904,33,Female,Ahmedabad,21.4,Yes,Moderate,Non-Vegetarian,Never,Occasional,10,2,153,6.2,124,80,94.1,Low,Low
5907,51,Male,Delhi,18.7,Yes,Active,Non-Vegetarian,Never,Occasional,7,6,169,6.8,160,80,89.2,Middle,Low
5908,18,Female,Ahmedabad,25.9,Yes,Moderate,Vegetarian,Current,,6.9,3,167,7,120,78,106.9,Middle,Low
5910,40,Male,Chennai,17.8,Yes,Moderate,Vegetarian,Never,Regular,7.3,9,228,7.9,144,100,90.8,High,High
5911,49,Male,Bengaluru,22.1,Yes,Moderate,Non-Vegetarian,Never,Occasional,7.5,9,173,6.5,150,99,100.8,Middle,Low
5912,55,Female,Hyderabad,30,Yes,Moderate,Non-Vegetarian,Never,Regular,7,4,240,7.4,130,96,117.4,Middle,High
5913,36,Male,Bengaluru,24.8,Yes,Sedentary,Non-Vegetarian,Never,Never,7,10,130,6.1,140,90,108.2,High,Low
5917,42,Female,Delhi,25.6,Yes,Sedentary,Non-Vegetarian,Current,Regular,6,7,182,7.1,148,90,110.1,Middle,Moderate
5919,46,Female,Bengaluru,23,No,Sedentary,Vegetarian,Never,Occasional,7,5,160,6.4,135,91,98.6,Middle,Moderate
5920,44,Female,Delhi,26.8,No,Sedentary,Non-Vegetarian,Current,Occasional,8,7,137,6.5,146,76,107.7,Middle,Low
5925,27,Male,Bengaluru,20.1,Yes,Moderate,Non-Vegetarian,Never,Occasional,9,4,179,7,130,89,90.7,Middle,Moderate
5928,45,Male,Delhi,29.2,No,Sedentary,Vegetarian,Never,Occasional,8,9,168,6.7,144,94,120.5,High,Low
5930,56,Male,Bengaluru,24.3,No,Moderate,Non-Vegetarian,Never,Never,6,5,158,6.7,152,85,107.8,Middle,Low
5932,39,Male,Chennai,20.2,No,Active,Vegetarian,Current,Occasional,6,10,153,6.2,121,100,96.4,Low,Low
5936,50,Female,Bengaluru,22.9,No,Active,Non-Vegetarian,,,7,5,116,5.7,130,100,97.1,High,Low
5938,24,Female,Hyderabad,19.8,No,Active,Vegetarian,Never,,7,6,112,6,136,88,90.2,Middle,Low
5939,31,Female,Ahmedabad,19.9,No,Active,Vegetarian,Never,Never,10,4,112,5.8,120,88,90.1,Low,Low
5940,35,Male,Delhi,24.8,Yes,Moderate,Non-Vegetarian,Never,Occasional,6,8,188,7.6,120,92,108.2,,Moderate
5941,35,Female,Chennai,23.8,Yes,Moderate,Non-Vegetarian,,Never,7.4,8,166,6.8,156,70,96,High,Low
5942,49,Female,Delhi,26.3,Yes,Sedentary,Vegetarian,Never,,8,6,176,6.9,140,88,108.6,Middle,Low
5944,43,Male,Delhi,26.3,No,Moderate,Vegetarian,Never,Never,8,4,179,7.2,156,76,116.1,High,Moderate
5945,55,Male,Bengaluru,22.7,Yes,Moderate,Vegetarian,Former,Never,8,4,204,7.8,140,90,100.6,Middle,Moderate
5948,38,Female,Bhopal,22.8,Yes,Moderate,Vegetarian,Never,Occasional,8.4,6,169,7.3,143,85,98.5,Middle,Moderate
5949,35,Female,Delhi,21.1,Yes,Active,Vegetarian,Never,Never,8,7,145,6.6,140,80,93,High,Low
5951,66,Female,Hyderabad,27.5,No,Moderate,Non-Vegetarian,Current,,7.4,7,168,6.7,156,84,109.1,Middle,Moderate
5956,48,Male,Bengaluru,33.5,Yes,Sedentary,Non-Vegetarian,Never,Never,8,9,218,7.7,152,104,130.1,Middle,High
5957,55,Female,Delhi,25.7,Yes,Moderate,Vegetarian,Never,Never,6,7,170,6.5,154,90,106,Middle,Moderate
5958,57,Female,Delhi,24.6,No,Sedentary,Non-Vegetarian,Current,,7,6,226,8.3,135,92,104.6,Middle,High
5961,47,Female,Bengaluru,27,Yes,Sedentary,Vegetarian,,Occasional,7,8,168,7,160,92,114.9,Middle,Low
5962,25,Female,Bhopal,19,Yes,Moderate,Non-Vegetarian,Former,Occasional,8,3,169,7.1,128,80,87.4,Middle,Low
5964,32,Male,Bengaluru,23.4,No,Moderate,Pescatarian,Never,Occasional,7,6,102,5.4,120,80,99.5,Middle,Low
5967,43,Female,Ahmedabad,29,No,Moderate,Non-Vegetarian,Current,Never,9,2,169,6.7,130,90,106.1,Low,Moderate
5971,24,Female,Bengaluru,17.2,No,Sedentary,Non-Vegetarian,Never,Occasional,8,8,134,6.7,116,76,82.3,High,Low
5974,22,Female,Chennai,17.8,No,Active,Non-Vegetarian,Current,Occasional,5,7,115,5.9,130,80,86.5,Middle,Low
5976,42,Male,Hyderabad,23.6,No,Sedentary,Vegan,Never,Never,9.6,6,154,6.4,140,82,101.8,Low,Low
5977,26,Female,Ahmedabad,19.5,No,Active,Vegetarian,Never,Occasional,7,7,143,6.1,120,68,87.6,Middle,Low
5981,25,Male,Ahmedabad,27.3,Yes,Sedentary,Non-Vegetarian,Current,Occasional,7.5,5,158,6.4,130,87,114.4,Low,Low
5982,41,Male,Delhi,24.8,Yes,Moderate,Pescatarian,Never,Occasional,8,6,165,6.7,120,89,110.8,Middle,Low
5987,41,Female,Ahmedabad,23.1,No,Sedentary,Vegetarian,Current,Never,5,6,180,6.9,140,80,95.8,Middle,Low
5991,39,Female,Delhi,21.2,No,Active,Non-Vegetarian,Never,Occasional,10,9,151,5.9,150,76,93.1,High,Low
5992,48,Female,Bengaluru,20.3,No,Active,Vegetarian,,,6,9,175,6.6,140,86,90.8,Middle,Moderate
5993,39,Female,Hyderabad,27.4,No,Sedentary,Vegetarian,Never,Never,7.7,7,327,10.2,150,82,111.3,High,High
5994,53,Female,Chennai,31.4,No,Sedentary,Vegetarian,Former,,6,10,188,6.7,172,100,116.6,High,Low
5995,38,Female,Delhi,28.3,No,Sedentary,Non-Vegetarian,Current,Never,5.5,7,173,6.7,142,90,109.8,Middle,Moderate
5996,50,Female,Hyderabad,19,Yes,Active,Non-Vegetarian,Never,,7,9,201,7.9,156,110,87.1,High,High
6001,23,Male,Chennai,23.3,No,Moderate,Vegetarian,Current,Occasional,6,9,108,5.7,128,90,107.4,Middle,Low
6002,47,Female,Ahmedabad,22.7,No,Sedentary,Non-Vegetarian,Never,,6.8,6,191,6.9,138,90,94.1,High,Moderate
6005,50,Male,Chennai,26.1,No,Sedentary,Pescatarian,Former,,8,5,297,9.1,140,70,109.2,Middle,High
6007,44,Male,Hyderabad,29.2,No,Sedentary,Non-Vegetarian,,Occasional,5,9,210,7.4,140,100,115.2,Middle,Moderate
6010,30,Female,Delhi,19.7,No,Active,Non-Vegetarian,Never,,8.7,4,145,6.5,124,92,90.4,Middle,Low
6011,53,Male,Delhi,32.4,No,Sedentary,Non-Vegetarian,Former,Never,5,7,187,7,150,84,127.4,Low,Low
6012,48,Male,Bengaluru,29.2,No,Moderate,Vegetarian,Never,Never,5,9,250,8.5,160,80,107.5,High,High
6013,46,Male,Hyderabad,27.3,Yes,Moderate,Vegetarian,Never,Never,6,10,169,6.5,162,90,111.6,High,Low
6015,55,Female,Delhi,27.7,Yes,Sedentary,Non-Vegetarian,Former,Occasional,7,7,160,6.7,130,103,110.7,Middle,Moderate
6017,24,Female,Chennai,16.6,Yes,Active,Vegetarian,Never,Never,7,6,171,6.9,116,76,80.3,Low,Low
6018,55,Female,Delhi,24.9,Yes,Sedentary,Vegetarian,Never,Occasional,8,5,189,6.4,144,77,104.3,High,Low
6019,42,Male,Bhopal,28.3,Yes,Sedentary,Vegetarian,Never,Never,9,5,150,6.3,140,100,113.7,High,Low
6021,46,Female,Bengaluru,26.8,Yes,Sedentary,Vegetarian,Never,Occasional,8,6,137,6.1,133,90,104.8,High,Low
6025,58,Male,Bengaluru,31.2,No,Sedentary,Non-Vegetarian,Current,Occasional,8,5,161,6.9,150,86,126.9,Low,Low
6026,53,Male,Delhi,29,Yes,Sedentary,Non-Vegetarian,Current,Occasional,8,8,147,6.8,150,100,118.5,High,Low
6027,39,Male,Delhi,16.1,No,Active,Non-Vegetarian,Never,Occasional,8,7,116,5.4,129,74,84.7,Middle,Low
6029,32,Male,Ahmedabad,25,No,Sedentary,Non-Vegetarian,Never,Occasional,9.5,3,116,6.2,136,86,112.7,Low,Low
6030,38,Male,Hyderabad,20.8,No,Active,Non-Vegetarian,Never,Regular,10,4,149,6.8,124,90,96.7,Middle,Low
6034,52,Male,Hyderabad,24.8,No,Moderate,Non-Vegetarian,Never,Regular,8,8,157,7.3,120,80,103.7,High,Low
6036,61,Male,Bhopal,20.7,No,Active,Non-Vegetarian,Never,Regular,6.5,6,192,7.1,150,90,97.5,Low,High
6040,45,Male,Delhi,19.4,No,Active,Vegetarian,Current,Never,7,9,194,7,132,90,95.7,Low,Low
6042,34,Male,Delhi,19.7,No,Active,Non-Vegetarian,Never,Never,7,5,137,6.1,120,80,91.9,High,Low
6043,22,Male,Bengaluru,15,No,Active,Non-Vegetarian,Never,Occasional,8,7,146,6.5,110,80,85.4,High,Low
6048,32,Male,Delhi,28.8,No,Sedentary,Vegetarian,Never,Never,7,7,148,6.6,144,90,114.2,High,Low
6049,44,Female,Bengaluru,25.1,No,Sedentary,Non-Vegetarian,,Never,7,6,168,6.8,150,80,100.4,Middle,Low
6050,51,Male,Bengaluru,23.2,Yes,Moderate,Vegetarian,Former,Never,8,8,159,6.3,140,96,100.3,,Low
6051,50,Male,Bengaluru,20.6,Yes,Active,Vegetarian,Never,Never,9.1,2,174,7.1,120,80,101.3,Middle,High
6052,37,Male,Bengaluru,18.7,No,Moderate,Non-Vegetarian,Never,Never,7.5,4,175,6.9,140,80,91.5,High,Moderate
6054,45,Male,Delhi,27,No,Moderate,Vegetarian,Current,Never,8,4,155,6.5,142,72,107.6,Middle,Low
6061,67,Female,Ahmedabad,26.3,No,Moderate,Pescatarian,Never,,8,5,197,7.5,140,88,107.9,High,Moderate
6062,39,Female,Bengaluru,24.4,No,Moderate,Vegetarian,Never,Occasional,5.8,7,117,5.8,144,90,101.8,Middle,Low
6065,53,Female,Bengaluru,24.2,Yes,Moderate,Vegetarian,Current,Never,6,6,309,9.9,140,70,98.7,Low,High
6066,42,Male,Bengaluru,29.4,Yes,Sedentary,Non-Vegetarian,Former,Occasional,9.2,6,155,6.6,140,91,118,Middle,Low
6068,38,Female,Bhopal,19.4,No,Active,Vegetarian,Never,,8,6,137,6.3,120,80,91,High,Low
6069,46,Male,Bengaluru,21.2,No,Active,Vegetarian,Never,Occasional,5,7,179,7.3,148,83,100.8,Middle,Low
6071,41,Female,Bhopal,25,Yes,Moderate,Non-Vegetarian,,Occasional,8,3,162,7,140,80,99.4,Middle,Moderate
6073,62,Female,Chennai,18.3,No,Moderate,Vegetarian,,,7,9,187,7,140,100,80.1,High,Moderate
6076,37,Female,Bengaluru,20.3,No,Active,Vegetarian,Never,,7,7,135,6,137,80,86.8,Middle,Low
6077,37,Female,Bengaluru,22.6,No,Active,Vegetarian,Never,Occasional,7.4,8,171,7.3,130,88,98.1,Middle,Moderate
6080,31,Female,Hyderabad,23.9,No,Moderate,Vegetarian,Never,Never,7,8,154,7.1,128,90,99.8,Middle,Moderate
6082,49,Female,Bhopal,21.2,No,Sedentary,Non-Vegetarian,Never,Never,6,5,171,6.7,145,88,92,Low,Low
6085,51,Female,Bhopal,19.4,No,Moderate,Vegetarian,,Never,7.5,6,119,6,158,90,88.2,Low,Low
6090,70,Female,Ahmedabad,26.7,Yes,Active,Pescatarian,Never,Never,6,4,232,8.5,140,92,105.3,Middle,High
6091,37,Male,Ahmedabad,21.8,Yes,Active,Non-Vegetarian,Never,Regular,8.2,2,161,7,120,80,101.5,Middle,Moderate
6095,62,Female,Chennai,25.9,No,Moderate,Non-Vegetarian,Current,,4,8,178,7.2,161,90,104.6,Middle,Moderate
6097,44,Male,Bhopal,26.5,No,Sedentary,Non-Vegetarian,Current,Never,8,7,164,6.9,140,92,111.7,Middle,Low
6098,63,Female,Ahmedabad,28.2,Yes,Sedentary,Vegetarian,Current,Occasional,6.5,5,213,7.5,156,90,112.2,High,High
6103,43,Female,Chennai,28.1,No,Active,Non-Vegetarian,Never,,8,6,191,7,140,97,109.7,Middle,Low
6105,30,Female,Bengaluru,24.5,No,Active,Vegetarian,,Occasional,7,7,179,7.1,140,70,100.7,High,Low
6107,32,Male,Delhi,17.3,Yes,Active,Vegetarian,Never,Never,9,5,218,8.2,110,80,86,High,High
6109,49,Male,Ahmedabad,18.6,Yes,Moderate,Vegetarian,Never,Never,8,4,176,6.8,126,80,92.2,Low,Low
6110,42,Male,Chennai,28.5,No,Sedentary,Non-Vegetarian,Current,Regular,7,4,184,6.6,144,77,113,Middle,Low
6111,43,Female,Bengaluru,30.2,No,Sedentary,Vegetarian,Current,Never,8.5,8,180,7.3,157,90,122.3,High,Moderate
6114,42,Female,Bengaluru,33.3,Yes,Moderate,Non-Vegetarian,Current,Occasional,6,9,344,11,150,100,124.2,Middle,High
6116,54,Male,Delhi,19.5,No,Active,Vegetarian,Never,Occasional,8,5,223,8.1,132,90,94.4,Low,High
6118,27,Female,Hyderabad,20.3,Yes,Active,Non-Vegetarian,Never,,6,10,146,6.4,140,84,88.3,Middle,Low
6120,49,Female,Delhi,22,No,Moderate,Non-Vegetarian,Never,Occasional,8,8,146,6.5,144,80,91.7,High,Low
6122,45,Male,Delhi,25,No,Sedentary,Vegetarian,Current,Occasional,7,8,208,8,150,92,109.2,Middle,High
6125,41,Male,Bengaluru,18.8,No,Sedentary,Pescatarian,Current,Occasional,8,7,151,6.7,120,90,94.8,Low,Low
6126,36,Male,Chennai,24.6,No,Moderate,Vegetarian,Former,Never,7,7,112,5.9,120,90,109.8,High,Low
6128,29,Female,Chennai,18.1,No,Active,Vegetarian,Never,Regular,5,9,143,6,140,90,83,Middle,Low
6129,47,Male,Delhi,21,No,Active,Vegetarian,Never,Never,8,5,165,7.1,140,80,96.7,High,Low
6132,48,Male,Delhi,25.5,No,Sedentary,Pescatarian,Never,Never,7,9,159,6.6,139,99,110,High,Low
6133,34,Female,Chennai,22,No,Active,Vegetarian,Never,Never,7,9,178,7.4,128,82,89.9,Middle,Moderate
6143,59,Male,Bengaluru,30.9,No,Sedentary,Non-Vegetarian,Never,Occasional,8.3,6,195,7.1,148,90,119.4,Middle,Low
6148,62,Female,Ahmedabad,29.5,Yes,Active,Non-Vegetarian,Never,Occasional,7,5,203,6.7,160,90,109.3,Middle,Moderate
6149,25,Female,Chennai,19.3,No,Active,Vegetarian,Current,,7,8,196,7.5,128,68,84.9,Middle,Moderate
6152,34,Male,Delhi,18.7,Yes,Active,Vegetarian,Never,Occasional,8,7,155,6.2,129,70,90.3,High,Low
6154,51,Male,Delhi,26.5,No,Moderate,Vegetarian,Never,Occasional,7,8,152,7.2,152,90,106.4,Low,Low
6155,50,Female,Delhi,26.2,Yes,Sedentary,Vegetarian,Never,Occasional,6,10,162,7.2,150,78,106.5,High,Low
6156,54,Male,Ahmedabad,26.9,No,Moderate,Non-Vegetarian,Current,Occasional,7.9,6,183,6.6,158,88,115.6,Low,Low
6158,46,Male,Hyderabad,22.5,Yes,Moderate,Non-Vegetarian,Never,,8.5,4,188,7.9,134,84,102.6,Middle,Moderate
6159,51,Male,Bengaluru,24,No,Sedentary,Non-Vegetarian,Never,Never,7.1,8,199,7.3,140,108,103.7,High,Moderate
6160,35,Male,Chennai,15.5,No,Moderate,Non-Vegetarian,Never,Never,7,5,115,5.7,138,79,85.3,Low,Low
6161,40,Female,Bhopal,25.8,No,Active,Non-Vegetarian,Never,Never,8.6,6,152,6.8,142,84,100.8,High,Low
6163,26,Male,Bengaluru,21.6,No,Active,Non-Vegetarian,Never,Regular,7,10,159,6.8,132,93,95.2,High,Low
6168,45,Male,Chennai,24.9,No,Moderate,Vegetarian,Never,Never,5,9,164,6.5,160,88,105.9,Middle,Low
6170,41,Female,Delhi,21.6,No,Sedentary,Non-Vegetarian,Never,,7,9,180,7.2,132,96,93.6,High,Moderate
6171,40,Male,Bengaluru,28.7,Yes,Sedentary,Non-Vegetarian,Never,Never,7.2,4,134,6.1,146,102,112.6,Middle,Low
6172,63,Male,Delhi,22.4,No,Sedentary,Non-Vegetarian,Current,Occasional,9,3,168,7.2,148,90,100.1,Middle,Moderate
6175,47,Female,Delhi,19.3,Yes,Active,Non-Vegetarian,Current,Never,8,3,143,6.9,130,87,92.4,Middle,Low
6177,45,Male,Bengaluru,16.6,No,Active,Vegetarian,Never,Occasional,7,8,117,5.5,136,80,90.3,High,Low
6179,25,Female,Ahmedabad,15.2,No,Active,Non-Vegetarian,Never,Never,9,3,115,5.9,120,78,76,Middle,Low
6180,40,Male,Ahmedabad,18.2,No,Moderate,Non-Vegetarian,Never,Never,8,8,156,6.4,140,80,91.3,Low,Low
6183,31,Male,Delhi,28.8,No,Sedentary,Vegetarian,Never,Never,6,7,216,7.9,133,90,123.5,Middle,High
6185,46,Male,Bhopal,28.3,No,Sedentary,Vegetarian,Current,Regular,10.3,4,190,7.5,156,84,117.6,Low,Moderate
6186,34,Female,Delhi,23.9,No,Sedentary,Non-Vegetarian,Never,Never,8.5,8,174,6.9,124,80,100.8,High,Low
6188,49,Female,Ahmedabad,23.5,Yes,Sedentary,Non-Vegetarian,Current,,7,9,180,7.5,132,92,99.2,High,Moderate
6195,18,Male,Ahmedabad,17.7,Yes,Moderate,Vegetarian,Current,Never,8,3,168,6.8,116,70,89.2,Low,Low
6197,47,Male,Hyderabad,23.6,Yes,Sedentary,Non-Vegetarian,Never,Never,7,9,161,6.9,150,90,98.6,High,Low
6198,47,Female,Hyderabad,23.4,No,Moderate,Vegetarian,Current,,7,6,181,6.8,140,100,95.7,Middle,Low
6199,45,Male,Bengaluru,18.4,No,Moderate,Non-Vegetarian,Former,Occasional,6,8,167,7.3,157,80,92.3,High,Moderate
6200,51,Male,Chennai,20.7,Yes,Active,Vegetarian,Never,Never,7,8,167,6.6,150,90,100.1,High,Low
6201,35,Female,Delhi,28.5,No,Sedentary,Vegetarian,Current,Never,8.5,6,127,6.2,132,80,110.3,Low,Low
6203,18,Female,Chennai,16.9,Yes,Active,Non-Vegetarian,Current,Never,8,10,146,6.2,122,80,81.7,High,Low
6208,43,Female,Bengaluru,27,No,Sedentary,Vegetarian,Never,Never,6,10,145,6.5,145,100,108.6,High,Low
6209,48,Female,Bengaluru,19,No,Sedentary,Non-Vegetarian,Never,Never,6.7,7,152,6.5,150,84,86.8,Middle,Low
6212,42,Male,Delhi,24.5,No,Moderate,Non-Vegetarian,Never,Never,7,2,133,6.1,133,80,110.8,Middle,Low
6216,27,Male,Chennai,23.9,No,Sedentary,Vegetarian,Never,Occasional,7,8,137,6,146,90,101,Middle,Low
6218,37,Female,Chennai,19.3,No,Active,Non-Vegetarian,Never,Never,6,6,153,6.4,140,68,86,Middle,Low
6222,50,Female,Chennai,18.3,No,Active,Vegetarian,Never,,6,3,147,6.5,130,80,80.7,Middle,Low
6223,57,Male,Delhi,26.6,No,Moderate,Non-Vegetarian,Never,Never,5.5,4,161,6.7,148,100,117.2,High,Low
6224,33,Male,Delhi,24.7,No,Sedentary,Vegan,Never,,8,9,191,7.4,140,80,107.9,Low,Moderate
6227,43,Female,Ahmedabad,20.8,No,Active,Non-Vegetarian,Never,Never,7.5,4,135,6.6,140,80,94.1,Middle,Low
6228,50,Female,Hyderabad,21.3,Yes,Moderate,Non-Vegetarian,Never,,8,6,205,7.6,150,80,92.8,High,Moderate
6229,36,Female,Chennai,25.4,No,Active,Vegetarian,Former,,7,8,188,8.1,150,90,108.6,High,Moderate
6232,57,Male,Chennai,24.8,No,Sedentary,Vegetarian,Former,Occasional,8,5,257,8.6,146,88,103.4,High,High
6236,39,Female,Chennai,26.8,No,Sedentary,Non-Vegetarian,Never,Never,7.9,10,174,7,148,88,103.6,Middle,Low
6241,56,Male,Chennai,34.4,Yes,Sedentary,Vegetarian,Never,Never,6,10,206,8,161,100,133.1,High,High
6244,40,Male,Hyderabad,15,Yes,Active,Pescatarian,Never,,6,4,136,6.1,130,86,79.7,Middle,Low
6245,51,Male,Bengaluru,19.5,Yes,Active,Non-Vegetarian,,Never,8.5,5,161,6.8,150,94,93.5,Middle,Low
6247,43,Female,Hyderabad,20.8,Yes,Moderate,Non-Vegetarian,Never,Never,7,6,140,6.3,144,92,95.2,Low,Low
6248,48,Female,Hyderabad,21.6,No,Sedentary,Non-Vegetarian,Never,,6,10,158,7.1,164,96,93.2,High,Low
6250,44,Female,Bengaluru,23.6,No,Sedentary,Non-Vegetarian,Never,,7,8,237,8.5,148,100,102.7,Middle,High
6254,51,Male,Ahmedabad,20.1,No,Moderate,Non-Vegetarian,Former,,7.5,3,108,5.6,130,80,95.6,Low,Low
6260,57,Female,Ahmedabad,20.5,Yes,Moderate,Vegetarian,Never,,8,3,172,6.9,130,80,89.6,Middle,Moderate
6261,29,Male,Delhi,18.7,No,Active,Non-Vegetarian,Never,Occasional,8,5,108,5.4,120,88,96.7,Low,Low
6263,57,Male,Delhi,23.6,No,Sedentary,Non-Vegetarian,,Never,7,8,160,7.2,144,87,106.6,Low,Moderate
6265,52,Female,Bengaluru,29.9,No,Sedentary,Non-Vegetarian,Never,Regular,7,7,170,6.4,150,90,119.1,High,Moderate
6266,58,Female,Hyderabad,24.6,No,Active,Vegetarian,Never,,8,8,183,7.1,140,92,103.6,Low,Moderate
6267,65,Male,Delhi,29.4,No,Sedentary,Vegetarian,Never,,7,7,232,8.2,164,90,120.2,Middle,High
6268,47,Male,Ahmedabad,17.1,Yes,Active,Non-Vegetarian,Never,,8,2,144,6.5,130,80,81.6,Middle,Moderate
6270,55,Male,Bengaluru,24.2,No,Sedentary,Non-Vegetarian,Never,Occasional,6,7,200,6.8,150,90,105.3,Middle,Low
6273,53,Male,Hyderabad,27.5,No,Active,Vegetarian,Never,Never,6,4,117,5.9,140,82,116.4,High,Low
6274,43,Female,Bengaluru,22.5,Yes,Moderate,Non-Vegetarian,Never,Never,7,4,153,6.4,156,84,95.2,Middle,Low
6278,50,Male,Hyderabad,31.7,No,Sedentary,Vegetarian,Current,Occasional,6.7,7,272,9.4,170,104,128.1,High,High
6280,55,Female,Ahmedabad,30.6,No,Sedentary,Non-Vegetarian,Never,Never,8,4,160,6.7,160,90,121.9,Middle,Moderate
6284,34,Female,Delhi,25.2,No,Sedentary,Vegetarian,Former,Occasional,6.6,9,165,6.6,141,90,102.3,High,Low
6285,40,Female,Hyderabad,16.3,Yes,Moderate,Non-Vegetarian,Never,,6.5,6,159,6.3,144,80,79.7,Middle,Low
6286,47,Female,Bhopal,27.4,No,Active,Vegetarian,Never,Occasional,7,1,188,7.3,130,80,110.2,Middle,Moderate
6287,44,Male,Bengaluru,19.9,No,Moderate,Non-Vegetarian,Never,Never,7,9,162,6.7,140,96,95.6,High,Low
6288,44,Male,Chennai,17.5,Yes,Active,Vegetarian,Never,Occasional,8,8,200,7.1,150,90,85.2,High,Moderate
6289,34,Male,Chennai,24.1,No,Active,Non-Vegetarian,Never,Occasional,9,3,158,7.1,132,70,106.8,Low,Moderate
6290,47,Male,Bengaluru,23.9,No,Active,Non-Vegetarian,Never,Regular,7.5,6,171,6.3,144,84,103.9,Middle,Low
6292,35,Male,Ahmedabad,21,No,Sedentary,Vegetarian,Never,Occasional,6.8,7,195,7.1,140,80,96.1,Middle,Low
6293,50,Male,Chennai,25.5,No,Sedentary,Non-Vegetarian,Never,Occasional,5.1,8,196,7.6,140,90,104.5,Middle,Moderate
6294,52,Male,Delhi,28.6,No,Moderate,Non-Vegetarian,Never,Never,7,4,169,7.1,164,106,117.4,Low,Moderate
6301,53,Male,Bengaluru,18.3,No,Active,Non-Vegetarian,Never,Never,10,2,112,5.6,140,90,91,,Low
6305,36,Male,Hyderabad,21.8,No,Sedentary,Vegetarian,,Never,9,6,120,6,160,70,100.5,Middle,Low
6307,33,Male,Bengaluru,19.1,Yes,Active,Non-Vegetarian,Never,Never,8,10,144,6.1,150,90,92.4,Middle,Low
6309,54,Male,Bengaluru,20.9,Yes,Active,Vegetarian,Former,,6.9,6,141,6.5,130,93,93.6,Middle,Low
6310,48,Female,Delhi,23.8,No,Sedentary,Non-Vegetarian,Never,Never,7,10,180,7.4,149,87,98.8,High,Moderate
6311,62,Male,Bengaluru,31.2,Yes,Sedentary,Vegetarian,Never,Occasional,5.5,10,181,6,152,90,124,Low,Moderate
6312,37,Female,Delhi,20.5,No,Moderate,Non-Vegetarian,Never,Never,6,4,153,6.6,140,80,93,Middle,Moderate
6314,42,Female,Bengaluru,29.5,No,Sedentary,Non-Vegetarian,Never,Never,7,6,147,6.2,146,88,120.2,Middle,Low
6316,48,Male,Ahmedabad,20.3,Yes,Moderate,Vegetarian,Current,Never,8,5,143,6.7,148,80,95.5,Low,Low
6318,42,Female,Hyderabad,20.9,No,Active,Non-Vegetarian,Never,,6.4,8,114,5.7,144,90,91.7,Low,Low
6319,41,Male,Bhopal,28,No,Sedentary,Non-Vegetarian,Current,Never,7,5,127,6.1,150,90,115,Middle,Low
6320,57,Male,Bengaluru,25.7,No,Sedentary,Vegetarian,Never,Occasional,5,8,182,7.2,150,104,110.3,High,Low
6322,54,Female,Bengaluru,25.1,No,Sedentary,Vegetarian,Never,,7,9,177,7.3,156,96,102.7,High,Moderate
6324,38,Male,Bengaluru,21.7,No,Active,Vegetarian,Never,Never,7,5,139,6.8,140,78,100,Low,Low
6325,53,Female,Hyderabad,18.8,No,Active,Non-Vegetarian,Never,,7,5,166,7,151,84,85.9,Low,Moderate
6327,50,Female,Delhi,26.1,Yes,Sedentary,Vegetarian,Never,Never,8,7,194,7.8,156,80,104.7,High,High
6328,38,Male,Ahmedabad,21.2,Yes,Moderate,Non-Vegetarian,Never,Occasional,7,6,160,6.4,150,90,96.1,Middle,Low
6330,47,Male,Delhi,35.6,No,Moderate,Non-Vegetarian,Never,Never,5.5,8,202,7,152,90,132,High,Moderate
6331,49,Female,Delhi,27.9,Yes,Sedentary,Non-Vegetarian,Never,,8,9,217,7.2,152,90,111,,High
6332,39,Female,Ahmedabad,16.2,Yes,Active,Vegetarian,Never,,8,7,175,6.2,150,80,82.1,Low,Moderate
6334,65,Male,Bengaluru,24.8,No,Moderate,Non-Vegetarian,Never,Occasional,9,2,169,7.9,140,90,106.4,High,High
6335,60,Female,Hyderabad,27,No,Moderate,Non-Vegetarian,Current,Never,6,6,185,7.4,162,80,105.7,Middle,Low
6336,45,Female,Bengaluru,18.8,No,Active,Vegetarian,Never,,8,5,149,6.6,148,76,85.8,Middle,Low
6337,44,Male,Bengaluru,21.8,No,Active,Non-Vegetarian,Current,,8,4,117,6.3,130,82,107.2,Middle,Low
6338,33,Female,Hyderabad,23.9,No,Moderate,Non-Vegetarian,Former,Occasional,7,7,193,8,140,100,102.4,High,Moderate
6343,39,Female,Hyderabad,19.4,No,Active,Non-Vegetarian,Never,Never,6,2,137,6.6,130,80,90.4,Middle,Low
6346,45,Female,Bengaluru,28.7,No,Moderate,Vegetarian,Current,Regular,6,8,156,7,130,82,100.4,Middle,Low
6348,38,Male,Delhi,18.6,Yes,Active,Vegetarian,Never,Never,7,8,163,6.9,134,90,91.5,Middle,Low
6351,18,Male,Chennai,18.6,No,Active,Non-Vegetarian,Never,Occasional,9.1,4,101,5.7,116,80,94.1,Middle,Low
6353,40,Female,Bengaluru,25.3,No,Moderate,Non-Vegetarian,Former,,9,6,157,7.1,130,90,107.2,High,Moderate
6355,24,Male,Bengaluru,17.3,No,Active,Vegetarian,Never,Never,6,8,151,6.8,119,84,86.8,Middle,Low
6357,29,Female,Chennai,21.2,No,Moderate,Vegetarian,Never,Occasional,7.5,7,130,6.1,130,80,91.9,Middle,Low
6358,30,Female,Bhopal,22.7,Yes,Active,Vegetarian,Never,Occasional,8.7,3,141,6.5,116,90,94.4,Low,Low
6359,28,Male,Hyderabad,18.8,No,Active,Non-Vegetarian,Never,,7.1,8,119,5.5,128,80,89.9,High,Low
6360,42,Female,Ahmedabad,29.1,Yes,Moderate,Non-Vegetarian,Never,,7,7,128,6.2,160,90,119.8,Middle,Low
6361,31,Female,Ahmedabad,24.7,No,Sedentary,Non-Vegetarian,Never,Occasional,8.5,4,158,6.8,120,68,103.3,Low,Low
6362,36,Male,Ahmedabad,20.6,Yes,Active,Non-Vegetarian,Current,Occasional,6.9,5,138,6.1,140,87,99.7,Middle,Low
6363,49,Female,Delhi,30.5,No,Moderate,Vegetarian,Never,,9,3,137,6.5,140,88,113.1,Middle,Low
6364,54,Male,Hyderabad,27.9,Yes,Moderate,Non-Vegetarian,Never,Never,7,7,217,7.5,160,80,112.1,Middle,High
6365,36,Female,Ahmedabad,23.5,No,Active,Vegetarian,Former,Regular,9,2,265,9.4,120,80,98.7,Low,High
6368,26,Male,Chennai,18,Yes,Active,Vegetarian,Current,Never,7.4,6,225,8,130,80,91.8,Middle,High
6370,36,Male,Hyderabad,19.9,Yes,Sedentary,Non-Vegetarian,Never,Occasional,8,8,174,7.5,134,90,95.9,High,Moderate
6371,37,Female,Chennai,22.5,Yes,Moderate,Non-Vegetarian,Never,Never,6.6,7,257,8.7,134,92,96.3,Middle,High
6373,42,Female,Ahmedabad,21.6,No,Sedentary,Non-Vegetarian,Never,Never,9,1,191,7.4,150,80,93.7,Middle,High
6374,48,Male,Bengaluru,16.7,Yes,Active,Non-Vegetarian,Current,Regular,8.1,5,167,7.5,144,84,83.8,Middle,Moderate
6377,43,Male,Delhi,20.3,No,Sedentary,Vegetarian,Never,Never,8,7,174,6.6,140,80,95.9,Middle,Moderate
6379,51,Male,Chennai,29.2,No,Sedentary,Vegetarian,Never,,6,9,168,7.9,154,94,118.1,High,High
6380,49,Female,Hyderabad,20.1,Yes,Moderate,Non-Vegetarian,Never,Never,8,5,171,7.2,156,80,92.8,High,Moderate
6383,35,Female,Bengaluru,24.4,Yes,Sedentary,Vegetarian,Never,,8,5,176,7.3,136,94,101.7,High,Low
6384,45,Male,Bengaluru,18.3,No,Active,Vegetarian,Never,Never,9,7,139,6.3,140,80,86.3,Middle,Low
6386,41,Female,Ahmedabad,21.8,No,Moderate,Non-Vegetarian,,,7,5,147,6.3,150,90,92.4,Middle,Low
6387,52,Male,Bengaluru,24.5,No,Sedentary,Non-Vegetarian,Current,Occasional,8,5,147,6.3,140,100,102.9,Middle,Low
6389,40,Female,Delhi,18.3,No,Active,Non-Vegetarian,Former,Never,7,7,118,6,130,78,82.6,High,Low
6391,22,Female,Hyderabad,24.3,No,Moderate,Vegetarian,Never,Never,6.5,7,158,6.6,130,90,107.4,High,Low
6392,47,Female,Ahmedabad,19.9,Yes,Moderate,Vegetarian,Never,Never,5.5,9,163,6.4,140,100,89.9,Middle,Low
6394,50,Male,Delhi,23.7,No,Sedentary,Non-Vegetarian,Never,Never,7,5,174,6.7,130,90,105.1,High,Low
6395,50,Male,Delhi,31.3,No,Moderate,Vegetarian,Never,Occasional,7.8,3,151,6.4,144,92,126.8,Middle,Moderate
6402,42,Female,Delhi,22.1,No,Active,Non-Vegetarian,Never,Never,6.9,7,111,6.1,150,91,96.2,High,Low
6403,49,Male,Bengaluru,24.5,No,Sedentary,Vegetarian,Never,Occasional,8,7,169,6.7,142,86,106,High,Low
6406,38,Female,Delhi,19.1,No,Moderate,Non-Vegetarian,Never,,7,5,140,6.1,124,80,86.9,Middle,Low
6408,44,Male,Bengaluru,23,No,Moderate,Non-Vegetarian,Never,,6,7,107,6,143,81,101,Middle,Low
6412,53,Female,Delhi,25,No,Active,Non-Vegetarian,Never,Occasional,6,9,166,7.3,170,100,102,High,Low
6415,43,Female,Delhi,28.5,Yes,Sedentary,Vegetarian,Never,Occasional,8,5,229,8,140,90,111.9,Middle,High
6417,37,Male,Chennai,20.2,Yes,Active,Non-Vegetarian,Never,Occasional,6.9,6,127,5.9,128,84,89.9,Middle,Low
6418,46,Male,Chennai,19.3,Yes,Active,Non-Vegetarian,Current,Occasional,8,4,141,6,140,86,92.4,Middle,Low
6421,38,Male,Bengaluru,19.2,No,Active,Non-Vegetarian,Current,Never,9,5,140,6.2,130,90,91.6,Middle,Low
6422,66,Male,Chennai,17,No,Moderate,Vegetarian,Never,Regular,7,9,137,6.5,170,100,89.3,High,Low
6423,43,Male,Bengaluru,22.1,No,Active,Non-Vegetarian,Current,Never,9,1,160,6.9,124,90,99.6,Low,Low
6424,61,Male,Bengaluru,23.5,Yes,Sedentary,Vegetarian,Never,Occasional,6,7,157,6.6,146,92,101.9,High,Low
6429,40,Female,Delhi,19.2,Yes,Active,Non-Vegetarian,Current,Never,8,8,164,6.8,130,90,85,Middle,Low
6431,40,Male,Bengaluru,21.2,No,Active,Non-Vegetarian,Never,Never,8,7,115,5.8,132,80,102.5,Middle,Low
6434,47,Male,Bengaluru,22.3,No,Moderate,Non-Vegetarian,Current,Occasional,5.2,5,207,8.2,150,88,102.9,Middle,High
6436,42,Male,Bengaluru,17,Yes,Active,Non-Vegetarian,Current,Never,8,6,149,7,148,90,87.1,Middle,Low
6437,40,Male,Delhi,20,Yes,Moderate,Vegan,Never,Occasional,7,7,155,6.6,140,86,96.1,Low,Low
6439,60,Male,Bengaluru,25.7,No,Moderate,Vegetarian,Never,Never,8,6,181,7,150,88,113.3,High,Moderate
6441,34,Female,Chennai,21.2,No,Active,Non-Vegetarian,Current,,7,6,155,7.1,129,80,90.3,Middle,Low
6443,36,Male,Ahmedabad,20.3,No,Moderate,Non-Vegetarian,Current,Never,5.6,6,117,5.8,128,88,101.3,Middle,Low
6444,56,Female,Hyderabad,26.3,Yes,Sedentary,Non-Vegetarian,Never,Never,8,7,166,6.8,149,104,106.1,Low,Low
6445,55,Female,Delhi,18,Yes,Active,Non-Vegetarian,Former,Occasional,5.5,8,206,7.6,130,88,81.5,Low,Moderate
6446,39,Male,Hyderabad,22.4,No,Moderate,Vegetarian,Never,Occasional,6.9,6,182,7,150,80,102.4,Middle,Moderate
6447,35,Female,Bengaluru,22.6,No,Active,Non-Vegetarian,Never,,6,7,236,8.9,140,90,91.4,Low,High
6450,48,Male,Delhi,21.8,No,Sedentary,Non-Vegetarian,Never,Occasional,8,6,231,8,150,82,100.1,High,High
6453,37,Male,Hyderabad,23.1,No,Sedentary,Non-Vegetarian,Never,Never,6,8,172,7.1,120,96,101.5,Low,Low
6458,44,Female,Delhi,23.5,No,Sedentary,Vegan,,,6,9,182,7.1,150,90,101.7,Middle,Low
6462,43,Male,Chennai,23.5,No,Moderate,Vegetarian,,,9,9,164,6.5,160,90,104.4,Middle,Moderate
6464,36,Female,Bhopal,23.8,No,Sedentary,Non-Vegetarian,Never,Occasional,7,8,164,7.2,133,100,97.3,Middle,Low
6467,55,Female,Hyderabad,24.6,No,Sedentary,Vegetarian,Never,,6,10,152,6,155,88,104.2,High,Low
6468,49,Female,Ahmedabad,20.1,Yes,Active,Non-Vegetarian,Former,,5.6,6,154,6.4,124,81,90.9,Middle,Low
6469,50,Male,Bengaluru,19.4,No,Active,Vegetarian,Never,,4.5,10,156,6.3,140,88,95.8,Low,Low
6471,64,Male,Ahmedabad,20.8,Yes,Moderate,Non-Vegetarian,Never,Regular,9,3,180,6.8,156,94,93,Middle,Low
6475,42,Male,Delhi,26.8,Yes,Sedentary,Non-Vegetarian,Current,Never,8,6,212,8.3,150,90,108.9,High,High
6476,54,Female,Chennai,33.3,Yes,Sedentary,Vegetarian,Never,,7,7,199,7.2,150,104,125.8,High,High
6477,35,Male,Hyderabad,29.7,No,Active,Non-Vegetarian,Never,Never,7,4,142,6.6,144,90,118.4,Low,Low
6478,44,Male,Bengaluru,24.6,Yes,Active,Vegetarian,Current,Never,7,5,103,5.1,130,80,103.9,Middle,Low
6481,38,Female,Hyderabad,21.9,No,Active,Non-Vegetarian,Never,,9,6,170,6.6,140,92,94.4,Middle,Low
6483,34,Female,Chennai,19.9,No,Active,Vegetarian,Never,Never,7,6,138,6.3,136,80,87.2,Middle,Low
6487,54,Male,Hyderabad,26.7,No,Moderate,Non-Vegetarian,Current,Never,7.5,6,303,10.4,150,80,113.9,Middle,High
6488,37,Female,Bengaluru,25.7,Yes,Sedentary,Vegetarian,Never,,5.7,9,167,7,128,85,101.9,High,Moderate
6491,50,Female,Delhi,30.8,No,Sedentary,Vegetarian,Never,Never,8,8,192,7.6,140,90,113.5,High,High
6493,43,Other,Hyderabad,24.3,Yes,Sedentary,Vegetarian,Never,Regular,6,9,182,7.2,148,90,101,High,Low
6498,41,Female,Delhi,23.2,No,Active,Vegetarian,Never,Never,6,10,158,6,160,110,94.3,Middle,Low
6499,48,Male,Delhi,23.4,No,Moderate,Non-Vegetarian,Never,Occasional,8.1,6,139,6.5,146,79,103,Middle,Low
6500,57,Male,Ahmedabad,30.5,No,Moderate,Pescatarian,Never,Occasional,6,6,200,7.6,154,92,113.2,Low,High
6502,32,Male,Delhi,20,No,Active,Vegan,Never,Regular,8.1,5,171,7.3,122,84,93.6,High,Moderate
6504,42,Female,Hyderabad,21.2,No,Active,Vegetarian,Current,,7,2,138,6.5,140,76,92.8,High,Low
6507,40,Male,Ahmedabad,22,No,Active,Pescatarian,Current,Never,7.2,6,152,6.3,137,84,99.4,Low,Low
6512,43,Male,Ahmedabad,18.6,No,Active,Vegetarian,Never,Occasional,9,6,115,5.9,130,90,91.3,Low,Low
6517,41,Male,Bengaluru,22.4,No,Sedentary,Vegetarian,Never,Occasional,6,7,309,9.2,125,87,101.3,High,High
6518,53,Male,Bhopal,19.8,No,Active,Non-Vegetarian,Never,Occasional,7,5,170,6.5,132,70,93.8,Low,Low
6521,54,Male,Bengaluru,19.7,Yes,Moderate,Non-Vegetarian,Never,Never,9,2,148,6.3,130,90,92.6,Low,Low
6523,40,Female,Bengaluru,30.1,Yes,Sedentary,Vegetarian,Never,,8,2,318,9.4,140,80,112.7,Middle,High
6528,55,Female,Bengaluru,28.8,No,Sedentary,Non-Vegetarian,Current,Occasional,7,6,179,6.9,148,80,110.1,Middle,Moderate
6531,40,Male,Chennai,17.7,No,Active,Vegetarian,Never,,7,7,108,5.7,140,90,89.4,Low,Low
6532,45,Male,Bhopal,21.7,No,Moderate,Non-Vegetarian,Former,Never,8,4,193,8,140,80,98.4,Middle,Moderate
6533,36,Male,Bhopal,24.6,Yes,Moderate,Non-Vegetarian,Never,Never,9,4,241,8.8,136,84,105.4,Low,High
6535,44,Female,Delhi,24.2,Yes,Moderate,Vegetarian,Never,,9,5,182,6.9,140,80,101.2,Middle,Moderate
6536,32,Female,Delhi,17.4,Yes,Moderate,Non-Vegetarian,Never,Never,5.5,6,156,6.8,130,80,82.2,Middle,Low
6538,52,Female,Hyderabad,23.4,No,Sedentary,Non-Vegetarian,Never,Occasional,6.8,9,200,8.2,134,85,97,Middle,Moderate
6543,38,Male,Hyderabad,23.2,No,Moderate,Vegetarian,Never,Regular,8,9,157,6.8,148,80,98.9,Middle,Low
6545,59,Male,Ahmedabad,21.1,No,Sedentary,Vegetarian,Never,Never,10,1,169,6.5,124,90,102.4,Middle,Moderate
6549,54,Female,Delhi,30.9,Yes,Sedentary,Vegetarian,Former,Never,7,6,197,7.4,150,100,110.6,High,High
6552,32,Male,Bengaluru,29.3,No,Sedentary,Non-Vegetarian,Never,Never,6,7,138,6.5,140,94,117.8,High,Low
6554,50,Female,Chennai,23.9,No,Sedentary,Non-Vegetarian,,Never,8,7,187,7.9,160,80,98.9,Low,Moderate
6556,29,Female,Bengaluru,15,No,Active,Non-Vegetarian,Never,Never,8,5,160,6.3,115,80,79.2,Middle,Low
6558,47,Male,Bengaluru,25.4,No,Sedentary,Non-Vegetarian,Never,Never,8,10,222,7.9,140,90,109.6,High,Moderate
6561,44,Female,Delhi,25.7,No,Moderate,Vegetarian,Current,Never,7,8,209,7.3,130,90,101.7,Middle,Moderate
6562,47,Female,Delhi,33.6,No,Moderate,Non-Vegetarian,Never,Never,8.9,9,198,7.3,160,88,123.9,Middle,Moderate
6568,63,Male,Hyderabad,23.3,No,Moderate,Vegetarian,Never,Occasional,7,8,158,6.6,150,106,106.4,Middle,Low
6571,53,Female,Delhi,25.8,No,Sedentary,Non-Vegetarian,Never,,10,4,154,6.6,141,80,105,Middle,Low
6575,59,Male,Bhopal,20,Yes,Sedentary,Vegetarian,Current,,7,2,204,7.5,144,90,94.2,Middle,High
6576,39,Female,Delhi,20.8,No,Moderate,Vegetarian,Never,,8.5,6,158,6.5,140,80,93.7,Middle,Low
6579,51,Female,Ahmedabad,23.7,No,Moderate,Vegetarian,Never,,7,5,134,6.2,140,80,101,Middle,Low
6580,32,Male,Hyderabad,21.3,No,Active,Non-Vegetarian,Never,Never,6.4,5,177,7.3,130,80,102,Middle,Low
6581,55,Male,Bengaluru,21.5,No,Sedentary,Non-Vegetarian,Never,Regular,8,10,176,6.9,176,90,98.2,Low,Low
6583,48,Male,Delhi,20.6,Yes,Active,Non-Vegetarian,,Never,7,8,174,7.1,150,90,97.9,Middle,Low
6585,34,Male,Chennai,24.2,No,Moderate,Non-Vegetarian,Never,Occasional,9,4,131,6,126,80,110.6,Low,Low
6586,64,Male,Delhi,28.1,No,Sedentary,Non-Vegetarian,Never,Never,9,6,157,6.9,128,80,115,High,Moderate
6590,43,Male,Hyderabad,26.1,No,Sedentary,Vegetarian,Current,Occasional,7,6,162,6.9,170,90,111.9,High,Moderate
6591,50,Female,Bengaluru,32.5,No,Sedentary,Vegetarian,Never,Never,7,7,169,7.1,165,82,117.1,Middle,Moderate
6593,29,Female,Delhi,15.8,No,Active,Vegetarian,Never,,7,8,198,8,128,79,77.1,Middle,Moderate
6595,22,Male,Delhi,18.4,Yes,Moderate,Vegetarian,Never,Occasional,7.4,7,144,7,136,68,85.2,Middle,Low
6596,47,Male,Delhi,16.2,Yes,Moderate,Non-Vegetarian,Never,Occasional,9,5,147,6,140,80,85.8,High,Low
6598,46,Female,Delhi,29.7,No,Sedentary,Non-Vegetarian,Never,Never,9,3,175,7.5,130,88,111.9,Middle,Moderate
6604,46,Female,Hyderabad,28.8,Yes,Sedentary,Pescatarian,Never,Occasional,6,10,155,6.8,170,100,112,Middle,Low
6605,51,Male,Ahmedabad,26.6,No,Moderate,Vegetarian,Never,Occasional,9,4,180,6.9,140,80,110.4,,Low
6606,28,Male,Ahmedabad,17.9,No,Active,Vegetarian,Never,,7,3,101,5.5,120,66,87.7,Middle,Low
6609,43,Female,Hyderabad,18.3,Yes,Moderate,Non-Vegetarian,Never,Occasional,7,9,174,7.2,140,80,89.9,Middle,Moderate
6611,36,Female,Bengaluru,24,Yes,Moderate,Non-Vegetarian,Current,Occasional,7,8,114,5.6,132,90,99.3,Middle,Low
6612,53,Female,Hyderabad,21.9,No,Moderate,Non-Vegetarian,Never,Never,10,5,198,7.3,144,80,91.4,Middle,Low
6615,43,Male,Bengaluru,20.6,No,Active,Non-Vegetarian,Never,Never,7,8,133,6.4,164,80,98.6,Middle,Low
6616,60,Male,Bhopal,29.9,No,Sedentary,Vegetarian,Never,Occasional,6.5,7,194,7,160,90,121.5,Middle,Moderate
6617,44,Female,Bengaluru,21.2,No,Active,Vegetarian,Never,Occasional,7,7,157,6.9,132,90,96.4,Middle,Moderate
6619,33,Male,Bengaluru,27.7,Yes,Sedentary,Non-Vegetarian,Never,Occasional,7.6,8,158,6.7,136,92,113.1,Low,Moderate
6622,60,Male,Ahmedabad,19.5,No,Active,Vegetarian,Never,Never,6,6,150,5.9,140,100,92.4,Middle,Moderate
6623,56,Other,Hyderabad,27.2,Yes,Sedentary,Non-Vegetarian,Never,Never,7,6,172,7.6,156,90,105,Middle,Moderate
6624,57,Female,Hyderabad,21.5,No,Moderate,Non-Vegetarian,Never,,6,5,188,7.4,144,100,90.2,Middle,Low
6626,29,Male,Delhi,21.3,No,Active,Non-Vegetarian,Never,Never,8,9,115,5.6,145,84,96.1,Middle,Low
6627,57,Male,Delhi,28.5,No,Sedentary,Vegetarian,Never,Occasional,7,7,164,6.5,160,104,117.9,Middle,Moderate
6628,29,Female,Ahmedabad,22,No,Moderate,Vegan,Never,Never,6.5,5,190,7.5,161,90,94.7,High,Moderate
6633,57,Male,Ahmedabad,20.8,No,Moderate,Non-Vegetarian,Never,Occasional,8,4,163,6.6,130,92,98,Middle,Low
6634,35,Male,Chennai,22.5,Yes,Moderate,Non-Vegetarian,Never,Never,5,9,152,6.6,130,98,99.7,Middle,Low
6637,41,Male,Chennai,22,No,Moderate,Non-Vegetarian,Never,Occasional,7,3,198,6.9,133,80,100.4,Middle,Moderate
6638,40,Female,Bengaluru,24.6,No,Moderate,Vegetarian,Never,Never,7,8,145,6.2,130,96,103.2,,Low
6639,45,Female,Bengaluru,21.5,No,Sedentary,Non-Vegetarian,Never,,6,7,153,6.5,142,90,94.3,High,Low
6642,21,Male,Delhi,20.1,Yes,Moderate,Non-Vegetarian,Never,Occasional,7,7,144,6.5,132,80,101,Low,Low
6643,42,Female,Hyderabad,22.8,No,Moderate,Non-Vegetarian,Never,Never,7,10,191,7.2,163,102,92.3,High,Low
6645,33,Female,Bengaluru,28.5,No,Sedentary,Non-Vegetarian,Never,Never,5.5,7,142,6.9,142,90,111.7,High,Low
6646,33,Male,Ahmedabad,27.6,No,Active,Vegetarian,Never,Occasional,7.5,2,175,7.2,130,84,111.4,High,Moderate
6647,63,Male,Delhi,21.4,No,Moderate,Vegetarian,Former,,6,6,161,6.4,150,80,98.3,Middle,Low
6649,47,Male,Hyderabad,29.9,No,Moderate,Non-Vegetarian,Never,Occasional,7,5,152,6.6,150,88,124.9,High,Low
6651,46,Male,Delhi,23.4,No,Active,Vegetarian,Former,Never,8,5,135,6.2,136,90,105.1,High,Low
6654,49,Female,Ahmedabad,21,No,Moderate,Non-Vegetarian,Never,Never,8.6,3,139,6.5,148,86,89.3,Low,Low
6657,40,Female,Chennai,33.3,No,Sedentary,Vegetarian,Never,Occasional,6,6,185,7.7,120,86,120.1,Middle,Low
6658,39,Male,Chennai,22.6,Yes,Sedentary,Vegetarian,Never,Occasional,6,8,226,7.4,130,72,105.2,High,High
6659,54,Male,Bengaluru,19.2,Yes,Moderate,Non-Vegetarian,Never,Occasional,7,6,210,6.8,128,90,95.3,Low,High
6665,55,Male,Delhi,34.5,No,Sedentary,Vegetarian,Current,Never,6,5,215,8.2,150,94,126.7,Middle,High
6666,51,Female,Delhi,20.6,No,Active,Non-Vegetarian,Never,,8,7,116,6,147,98,93.2,High,Low
6668,54,Female,Bhopal,21.9,Yes,Sedentary,Non-Vegetarian,,,7,4,222,7.8,139,80,93.4,Low,High
6670,41,Male,Delhi,26,No,Sedentary,Vegetarian,Never,Regular,6,8,170,7.1,140,90,104.8,High,Low
6671,55,Female,Delhi,21.6,No,Sedentary,Non-Vegetarian,Current,Occasional,8,5,109,5.8,150,88,91.4,High,Low
6675,49,Female,Ahmedabad,29,No,Sedentary,Non-Vegetarian,Current,Never,9,7,175,6.5,130,101,113.7,High,Low
6676,43,Male,Chennai,19.6,No,Active,Non-Vegetarian,Current,,6,8,116,5.8,140,80,95.7,High,Low
6677,59,Male,Bengaluru,26.3,No,Sedentary,Vegetarian,Never,Occasional,7.3,6,145,6.2,160,90,115.6,,Low
6678,51,Male,Delhi,26.7,Yes,Sedentary,Non-Vegetarian,Former,Occasional,5.7,8,144,6.7,140,93,108.1,Middle,Moderate
6680,39,Male,Ahmedabad,24.1,Yes,Moderate,Vegetarian,Never,Occasional,6,4,150,6.3,150,70,106.2,High,Low
6681,64,Female,Delhi,26.7,Yes,Sedentary,Non-Vegetarian,,,8,5,174,7.2,142,100,110.4,Middle,Low
6683,49,Male,Delhi,22.9,No,Moderate,Non-Vegetarian,Never,Occasional,7,6,167,6.5,130,90,102.2,Middle,Low
6684,63,Female,Ahmedabad,21.7,Yes,Sedentary,Vegetarian,Former,Occasional,8,3,160,6.9,130,80,95.1,Low,Moderate
6685,54,Female,Delhi,19.1,No,Active,Non-Vegetarian,Never,Never,6,5,141,6.5,130,80,84.4,,Low
6687,49,Female,Bengaluru,19.5,No,Moderate,Non-Vegetarian,Never,Occasional,9,3,139,6.6,135,80,91.8,Middle,Low
6688,39,Female,Hyderabad,22.4,No,Moderate,Non-Vegetarian,Never,Never,8,10,164,6.8,130,100,94.7,Low,Low
6691,55,Female,Hyderabad,19.2,Yes,Moderate,Vegetarian,Never,Occasional,6,5,222,8.6,140,80,90.1,Low,High
6696,54,Female,Bhopal,21.4,No,Moderate,Non-Vegetarian,Never,,7,6,208,7.6,134,92,90.4,Middle,Moderate
6697,53,Male,Bengaluru,24.6,No,Sedentary,Vegetarian,Never,,11,2,119,5.7,150,80,104.8,Middle,Low
6699,46,Male,Delhi,18.7,Yes,Active,Vegetarian,Never,Occasional,7,7,182,7,140,91,86.9,Middle,Moderate
6700,39,Male,Bengaluru,28,Yes,Moderate,Non-Vegetarian,Never,Never,9,6,193,7.3,148,90,116.5,Middle,Moderate
6701,35,Female,Ahmedabad,26.6,Yes,Sedentary,Vegetarian,Never,Never,7,3,179,6.6,138,80,103.3,High,Low
6702,51,Male,Chennai,23.5,Yes,Sedentary,Non-Vegetarian,Never,Occasional,9,7,225,7.8,140,92,105.1,High,High
6705,39,Male,Ahmedabad,31,No,Moderate,Pescatarian,Never,Never,7,7,176,7.4,138,82,124.1,Middle,Moderate
6708,57,Female,Bengaluru,20.5,No,Active,Non-Vegetarian,Never,,8,8,120,6.1,128,80,89.1,High,Low
6713,42,Female,Bengaluru,26.4,Yes,Moderate,Pescatarian,Never,Regular,7,7,180,7.4,170,90,108.9,High,Low
6714,50,Male,Delhi,20.3,No,Active,Non-Vegetarian,Never,,7,8,155,6.7,140,84,93.1,,Low
6715,32,Female,Bengaluru,23.9,No,Moderate,Vegetarian,Current,,6.5,8,180,7.1,132,90,97.2,Low,Moderate
6716,49,Male,Bengaluru,24,No,Active,Non-Vegetarian,Never,Occasional,8.3,6,205,7.6,113,90,104.5,High,Moderate
6719,25,Male,Delhi,24.9,Yes,Sedentary,Non-Vegetarian,Former,Occasional,7.5,8,118,5.6,146,96,104.6,High,Low
6724,19,Male,Bhopal,21.1,No,Active,Non-Vegetarian,Never,Occasional,8,5,152,6.6,133,80,96.8,Low,Low
6725,41,Male,Hyderabad,30.5,No,Sedentary,Vegetarian,Never,Occasional,7,4,194,7,150,80,113.9,Middle,Moderate
6726,32,Female,Hyderabad,22,No,Moderate,Vegetarian,Never,,5.5,9,154,6.7,138,90,91.2,High,Moderate
6728,47,Female,Delhi,23.1,No,Moderate,Vegan,Never,Never,9,4,139,6.2,130,80,93.9,Middle,Low
6730,22,Male,Delhi,19.8,No,Active,Non-Vegetarian,Never,,7,5,89,5.2,90,100,93.9,High,Low
6736,41,Female,Chennai,21,No,Active,Non-Vegetarian,Never,,7,8,172,7.2,148,80,93.9,Middle,Low
6738,54,Female,Chennai,24.2,Yes,Moderate,Non-Vegetarian,Never,Never,7,6,119,6.2,160,88,98.8,Middle,Low
6739,19,Male,Delhi,21.7,No,Active,Vegetarian,Never,Never,7,3,135,6,132,82,99.5,High,Low
6740,52,Male,Delhi,33.1,No,Sedentary,Non-Vegetarian,Never,Regular,9,6,166,6.6,170,95,128.4,High,Low
6741,27,Male,Hyderabad,17.9,No,Active,Vegetarian,Never,,6,9,182,6.3,140,80,90.4,High,Low
6744,37,Male,Delhi,15.7,Yes,Active,Vegetarian,Never,,6,4,344,10.8,120,80,85,Middle,High
6746,47,Male,Hyderabad,24.9,Yes,Sedentary,Non-Vegetarian,Never,Occasional,8,4,185,7.4,160,80,106.1,Middle,Low
6748,41,Female,Hyderabad,21.8,Yes,Sedentary,Vegetarian,Current,Occasional,6,9,272,8.7,140,96,94.3,Low,High
6749,40,Male,Delhi,24.8,Yes,Moderate,Non-Vegetarian,Former,Never,6,8,239,9,160,90,109.7,Middle,High
6750,44,Female,Chennai,19.7,Yes,Moderate,Vegetarian,Never,,8.6,6,153,6.4,141,90,90.6,High,Low
6751,42,Male,Chennai,20.1,No,Active,Non-Vegetarian,Current,,7,6,140,5.8,140,82,94.4,Middle,Low
6758,51,Male,Delhi,24.7,Yes,Sedentary,Non-Vegetarian,Current,Never,7,9,205,8.2,161,90,108.6,Middle,High
6759,39,Male,Bengaluru,24,No,Active,Non-Vegetarian,Never,Occasional,5,8,167,7.6,140,76,105.7,Middle,Low
6762,51,Male,Ahmedabad,20.5,No,Moderate,Vegetarian,Never,,9,3,146,6.4,136,90,93.7,Middle,Low
6767,24,Female,Hyderabad,16,No,Active,Vegetarian,,Never,7.4,6,224,8,140,70,80.4,Low,Moderate
6772,54,Male,Bengaluru,29.9,Yes,Moderate,Vegetarian,Never,Never,8,8,228,8.6,150,100,121.4,Middle,High
6778,47,Female,Hyderabad,22.2,Yes,Sedentary,Non-Vegetarian,Never,,7.5,5,231,8.5,154,80,95.8,Low,High
6780,48,Male,Hyderabad,27.7,Yes,Sedentary,Non-Vegetarian,Never,Never,7,5,220,7.9,140,100,121.5,Low,High
6782,48,Male,Delhi,30.7,No,Sedentary,Vegetarian,Former,Occasional,9.6,2,172,6.5,144,80,126.2,Middle,Low
6786,58,Female,Hyderabad,22.4,No,Active,Vegetarian,Never,,8,4,140,6.9,140,90,95.4,Middle,Low
6789,34,Male,Bengaluru,22.9,No,Moderate,Non-Vegetarian,Never,Regular,8,5,217,7.5,120,90,104.4,Middle,Moderate
6791,48,Male,Bengaluru,20.2,No,Active,Non-Vegetarian,Never,,8,4,155,6.8,130,90,95.2,Middle,Moderate
6793,41,Female,Delhi,27.6,Yes,Sedentary,Non-Vegetarian,Never,,8.2,4,174,6.8,138,80,106.7,High,Low
6794,55,Female,Delhi,25.7,No,Moderate,Non-Vegetarian,Never,,7,7,185,7.8,150,90,100.2,High,Low
6795,60,Female,Hyderabad,22.1,No,Sedentary,Vegetarian,Never,Never,8.5,6,230,8.3,160,90,97.7,Middle,High
6796,24,Male,Bengaluru,24.3,No,Moderate,Non-Vegetarian,Never,Occasional,6,7,161,7.2,129,92,106.9,High,Low
6798,31,Female,Ahmedabad,22.2,Yes,Active,Pescatarian,Never,,9.6,1,146,6,116,70,93.7,Low,Low
6799,46,Female,Ahmedabad,21.3,No,Active,Pescatarian,Never,Occasional,7,6,154,6.7,128,92,92.2,Low,Low
6800,39,Male,Delhi,24.3,No,Sedentary,Vegetarian,Former,Never,6,5,211,8.2,146,82,107.7,Middle,Moderate
6801,46,Female,Delhi,20.9,No,Sedentary,Non-Vegetarian,Never,,9,7,164,6.3,130,82,92.4,Middle,Low
6804,39,Male,Bengaluru,27.2,Yes,Moderate,Non-Vegetarian,Never,Occasional,6.7,5,225,8.1,148,90,116.6,Middle,High
6807,37,Male,Delhi,23.4,No,Active,Vegetarian,Never,Never,6,6,110,5.6,130,70,105.8,Middle,Low
6809,62,Male,Hyderabad,25.3,No,Sedentary,Non-Vegetarian,Never,Occasional,6,5,208,7.6,160,90,112.3,Middle,High
6810,32,Male,Delhi,18,No,Active,Vegetarian,Never,Never,6,5,100,5.3,120,80,89.6,High,Low
6813,43,Female,Chennai,24.1,Yes,Active,Vegetarian,Never,,6,10,216,7.6,148,91,99.5,Middle,Moderate
6815,33,Female,Ahmedabad,19.8,Yes,Active,Vegetarian,Never,Occasional,8,2,236,8.9,124,80,92.2,Low,High
6817,31,Male,Bengaluru,17.8,Yes,Active,Vegetarian,Current,Never,7,6,116,5.7,120,80,88.4,Middle,Low
6818,32,Female,Bengaluru,18,No,Moderate,Non-Vegetarian,Never,,6,7,116,5.6,120,83,84.1,Middle,Low
6823,47,Male,Chennai,32.5,No,Sedentary,Non-Vegetarian,Never,Never,6,8,143,6.7,170,90,122.5,High,Low
6826,38,Male,Bengaluru,15.3,Yes,Active,Non-Vegetarian,Never,Occasional,9,4,112,5.6,116,71,84.7,Middle,Low
6828,61,Male,Bengaluru,20,No,Moderate,Non-Vegetarian,Never,Never,6.6,10,221,8.2,148,90,92.3,Middle,High
6829,60,Male,Bengaluru,23.7,No,Sedentary,Non-Vegetarian,Never,Never,7,4,179,6.8,162,90,101,,Moderate
6832,41,Female,Chennai,24.9,No,Sedentary,Non-Vegetarian,Current,,6.5,10,157,6.2,130,86,103.4,Middle,Low
6835,46,Male,Bhopal,17.4,Yes,Moderate,Vegetarian,Never,Never,8,4,132,6.4,143,77,89.4,Low,Low
6837,40,Female,Bengaluru,22.8,No,Sedentary,Vegetarian,Never,Occasional,6,10,139,6,140,100,94.7,Middle,Low
6838,29,Other,Bengaluru,25.4,Yes,Moderate,Vegetarian,Never,,7.9,7,179,7,140,76,105.2,Middle,Low
6842,61,Male,Chennai,32.9,No,Moderate,Non-Vegetarian,Never,Never,5.7,7,218,8.2,150,92,129,Low,High
6843,23,Female,Hyderabad,18.8,Yes,Active,Non-Vegetarian,Never,Regular,9,4,132,6.1,116,76,88.7,High,Low
6845,23,Female,Delhi,18.9,No,Active,Non-Vegetarian,Never,Occasional,8,9,117,5.7,120,80,84,Middle,Low
6846,55,Female,Bengaluru,21.1,No,Active,Non-Vegetarian,Never,,8,9,174,6.9,140,84,91.2,Low,Moderate
6847,54,Male,Bhopal,23.8,No,Moderate,Non-Vegetarian,Current,Never,6,6,183,7.6,160,96,100.5,Low,High
6855,54,Male,Bengaluru,25.8,No,Moderate,Non-Vegetarian,Never,Never,7.9,2,139,6.6,140,80,107.9,Low,Low
6860,39,Male,Ahmedabad,22.4,No,Moderate,Non-Vegetarian,Current,Never,7.6,4,144,6.1,150,84,101.7,Low,Low
6862,37,Male,Chennai,19.4,No,Active,Non-Vegetarian,Never,Regular,6,7,239,8.4,130,74,96.3,High,High
6863,20,Female,Bengaluru,23.1,Yes,Active,Non-Vegetarian,Never,Occasional,7,7,173,7.2,130,80,100.5,High,Low
6864,44,Male,Bengaluru,22.6,Yes,Moderate,Vegetarian,Never,Never,5,9,182,6.8,140,93,96.7,High,Moderate
6867,49,Male,Hyderabad,18.8,Yes,Moderate,Vegetarian,Former,Never,6.3,9,125,5.9,142,92,92.7,Middle,Low
6868,46,Male,Ahmedabad,24.8,No,Sedentary,Non-Vegetarian,Never,Occasional,7.5,8,151,6.7,140,80,107.3,Low,Low
6873,43,Female,Chennai,18.4,Yes,Active,Non-Vegetarian,Never,,9,6,159,7.1,134,80,83.2,High,Low
6874,48,Male,Delhi,15,No,Active,Non-Vegetarian,Never,Never,6.4,10,189,6.7,152,96,79.5,High,Moderate
6875,43,Female,Ahmedabad,21.7,No,Sedentary,Non-Vegetarian,Current,,6,5,142,6.3,138,80,91.4,Low,Low
6878,41,Female,Bengaluru,24.8,Yes,Moderate,Vegetarian,Never,,6,8,168,7.5,148,100,103.6,Middle,Low
6879,50,Male,Bengaluru,26.1,No,Sedentary,Vegetarian,Never,Occasional,8,4,232,8.7,136,70,113.1,Middle,High
6880,38,Female,Bhopal,19.8,No,Sedentary,Non-Vegetarian,Never,Never,6,3,160,6.2,120,80,87,,Low
6881,52,Male,Hyderabad,23.1,No,Moderate,Non-Vegetarian,Never,Never,6,5,134,6.2,140,86,104.8,Middle,Moderate
6884,51,Female,Bengaluru,16.5,No,Moderate,Vegetarian,Never,Never,7,8,207,7.8,136,90,82.5,High,Low
6888,37,Male,Delhi,29.6,Yes,Sedentary,Non-Vegetarian,Current,,9,4,177,7.1,127,92,121.5,Low,Moderate
6889,43,Male,Delhi,30.2,Yes,Moderate,Vegetarian,Current,Occasional,7.3,5,202,7.2,130,80,115,Middle,Moderate
6895,56,Male,Bengaluru,22.8,No,Moderate,Vegetarian,Never,Never,5,9,233,8.3,140,82,104.7,Middle,High
6897,52,Male,Bengaluru,21.4,No,Active,Vegetarian,Never,Occasional,8.2,5,146,6.4,140,80,97.3,Middle,Low
6901,44,Male,Ahmedabad,18.3,No,Active,Non-Vegetarian,Never,Occasional,8,3,128,6,130,80,94.5,High,Low
6904,53,Male,Hyderabad,21.2,No,Active,Non-Vegetarian,Never,Never,6,5,184,7.1,132,90,93.9,Middle,Low
6908,41,Male,Hyderabad,20.8,No,Active,Vegetarian,Never,Never,7,7,126,6.3,164,92,93.2,Middle,Low
6909,40,Male,Delhi,22.1,Yes,Moderate,Non-Vegetarian,Never,Never,10,7,242,8.6,140,84,98,High,High
6910,35,Female,Ahmedabad,23.5,No,Moderate,Non-Vegetarian,,,6.5,1,144,6.5,140,70,98.8,Low,Low
6911,26,Female,Ahmedabad,25.8,No,Moderate,Vegetarian,Never,Occasional,7,4,139,5.9,130,75,107.9,Low,Low
6912,36,Male,Bengaluru,21.2,Yes,Active,Non-Vegetarian,Never,Never,5,6,189,7.8,130,84,96,High,High
6925,19,Female,Hyderabad,23.5,Yes,Moderate,Non-Vegetarian,Current,Never,10,7,169,6.9,132,88,97.7,Low,Low
6926,44,Other,Chennai,26.3,No,Sedentary,Non-Vegetarian,,Never,8,9,400,12,150,92,108.2,Middle,High
6927,58,Male,Delhi,20.2,Yes,Moderate,Non-Vegetarian,Former,Never,7,7,192,7.3,169,90,94.4,Low,Moderate
6928,45,Female,Bengaluru,21.8,No,Moderate,Non-Vegetarian,Never,Occasional,5,9,161,6.9,150,80,90.7,High,Moderate
6929,47,Male,Ahmedabad,28.8,No,Active,Vegetarian,Never,Never,7,6,156,6.7,140,100,122.2,Low,Low
6930,34,Male,Delhi,17.2,No,Active,Non-Vegetarian,Current,Regular,8,1,138,6.3,142,76,88.9,Middle,Low
6931,47,Female,Hyderabad,21.2,No,Moderate,Vegetarian,Never,,7,8,158,6.5,136,96,96,High,Low
6932,58,Female,Bengaluru,19.9,No,Active,Non-Vegetarian,Current,Never,8,7,157,6.7,140,90,87,Middle,Low
6933,59,Female,Delhi,19.4,No,Active,Vegetarian,Never,Never,6,3,164,6.8,144,80,90.6,Middle,Low
6934,50,Female,Ahmedabad,23.3,No,Moderate,Non-Vegetarian,Never,,8.8,6,216,7,140,96,99.2,Low,High
6936,55,Male,Delhi,21.8,No,Active,Non-Vegetarian,,Never,6,6,143,6.2,144,90,103.6,Middle,Low
6938,48,Male,Delhi,26.7,No,Sedentary,Vegetarian,Never,Occasional,5,10,177,6.9,130,100,111.3,High,Low
6940,40,Female,Bhopal,26.5,No,Sedentary,Non-Vegetarian,Current,,6,6,198,6.9,130,90,104.6,Middle,Low
6944,42,Male,Delhi,25.4,No,Sedentary,Non-Vegetarian,Never,Never,9,4,175,6.9,160,84,107.6,Middle,Moderate
6946,28,Female,Delhi,28.9,No,Active,Non-Vegetarian,Never,Occasional,7,6,160,7.2,163,81,109.6,High,Low
6948,43,Male,Delhi,16.2,No,Active,Vegetarian,Never,Occasional,7.5,8,216,7.5,130,90,83.8,Middle,High
6949,50,Male,Chennai,20.1,Yes,Active,Vegetarian,Never,Never,7,6,164,6.8,140,84,100.1,Middle,Low
6951,38,Female,Bengaluru,27,Yes,Moderate,Vegetarian,Never,Occasional,7,8,195,6.8,150,96,111.4,High,Low
6953,35,Male,Chennai,21.6,Yes,Sedentary,Non-Vegetarian,Never,Never,5.9,10,210,8.2,140,90,95.9,Middle,Moderate
6954,46,Male,Delhi,18.3,No,Moderate,Vegetarian,Current,Occasional,7,10,118,5.9,150,92,90.6,High,Low
6957,58,Male,Bengaluru,24,No,Sedentary,Vegetarian,Former,Occasional,6,6,175,7.3,136,80,105.1,,Moderate
6959,18,Male,Delhi,21.4,No,Moderate,Vegetarian,Never,Never,5,9,140,6.5,128,74,93.2,Middle,Low
6961,39,Female,Bengaluru,19.5,No,Moderate,Non-Vegetarian,Never,Never,6,10,226,7.9,140,83,82.8,Middle,Moderate
6963,48,Female,Delhi,22.1,No,Sedentary,Non-Vegetarian,Never,Occasional,8.3,6,118,5.9,144,80,90.3,High,Low
6966,53,Male,Bengaluru,23.5,No,Sedentary,Vegetarian,Current,Occasional,8,4,166,7,164,83,98,Middle,Low
6968,57,Male,Ahmedabad,18.6,Yes,Active,Vegetarian,Never,Never,8,3,120,6,152,80,96.3,High,Low
6969,58,Male,Hyderabad,20.6,Yes,Active,Non-Vegetarian,Never,Never,8,5,170,6.7,160,98,99.1,Middle,Low
6970,42,Female,Bengaluru,21.1,No,Active,Non-Vegetarian,Never,,6,5,139,5.7,123,74,94.4,Middle,Low
6972,61,Male,Delhi,22.9,No,Moderate,Vegetarian,Current,Occasional,6.7,6,151,6.2,144,95,97,Middle,Moderate
6974,41,Male,Hyderabad,18.9,Yes,Active,Non-Vegetarian,Never,Never,7,5,143,6.4,122,70,91.4,Middle,Low
6975,48,Male,Bengaluru,28.7,No,Sedentary,Vegetarian,Current,Occasional,9,4,114,6.2,149,80,119.9,High,Low
6976,53,Female,Delhi,26.4,No,Active,Non-Vegetarian,Never,Never,7.6,6,154,6,152,104,99.6,High,Low
6978,39,Female,Bengaluru,19.1,Yes,Active,Vegetarian,Never,Occasional,8,3,118,5.7,134,69,86.5,Middle,Low
6981,36,Male,Delhi,24.5,Yes,Sedentary,Non-Vegetarian,Never,,8,7,176,6.9,144,90,104,Middle,Moderate
6983,55,Male,Bengaluru,18.2,No,Active,Vegetarian,Current,Never,6,6,145,6.5,152,89,86.9,,Low
6984,38,Other,Ahmedabad,18,No,Active,Vegetarian,Never,Occasional,6,7,179,6.8,130,88,86.2,Middle,Low
6985,25,Female,Bengaluru,21.5,No,Active,Vegetarian,Never,Never,9,7,237,8.5,140,84,92.9,High,High
6989,42,Male,Hyderabad,31.4,No,Active,Non-Vegetarian,Current,,7,7,185,6.8,140,80,124.8,Middle,Moderate
6990,49,Male,Bengaluru,21,Yes,Moderate,Non-Vegetarian,Current,Occasional,6.5,6,199,7.6,144,78,97.6,High,Moderate
6991,43,Male,Hyderabad,19.5,No,Moderate,Non-Vegetarian,Current,Never,6,9,161,6.8,140,80,96.4,High,Low
6992,45,Female,Chennai,32.4,No,Moderate,Non-Vegetarian,Never,,8,8,189,6.9,156,90,130.8,Low,Low
6995,48,Other,Ahmedabad,18,No,Sedentary,Vegetarian,Never,Occasional,7,7,143,6.5,128,80,84.2,Middle,Low
6996,44,Female,Bengaluru,16.5,No,Moderate,Non-Vegetarian,Current,Never,7,9,152,6.4,148,90,80.2,High,Low
6997,32,Male,Bengaluru,21.5,No,Moderate,Non-Vegetarian,Never,Occasional,8,7,225,8.1,140,84,100,High,Moderate
6999,56,Female,Chennai,22,No,Active,Pescatarian,Former,Never,8,3,160,7,150,100,90.2,Middle,Low
7000,52,Female,Ahmedabad,26.5,Yes,Sedentary,Vegetarian,Current,,8,5,178,7.5,150,90,106.7,Middle,Moderate
7001,35,Male,Delhi,23.4,Yes,Sedentary,Non-Vegetarian,Never,,6,6,242,8.9,160,80,107.4,High,High
7005,52,Female,Bengaluru,29.3,No,Sedentary,Vegetarian,Former,Never,9.5,6,142,7,152,92,114.3,Middle,Low
7006,41,Male,Chennai,21.3,No,Active,Non-Vegetarian,Never,,6.8,6,136,6.3,140,76,99.7,Low,Low
7007,28,Male,Ahmedabad,18.3,No,Active,Vegetarian,Never,Occasional,8.3,1,113,5.6,130,72,90.5,Middle,Low
7008,43,Male,Hyderabad,22,No,Active,Vegetarian,Never,Never,8,6,179,6.8,148,90,97,Middle,Low
7011,46,Male,Ahmedabad,18.3,No,Active,Non-Vegetarian,Never,Never,9.5,1,109,5.7,114,72,90.9,Low,Low
7012,65,Female,Delhi,26.3,No,Sedentary,Vegetarian,Former,Never,7,7,168,7,160,96,109.9,High,Low
7014,51,Male,Ahmedabad,29.3,Yes,Sedentary,Non-Vegetarian,Never,Occasional,9,2,159,6.9,128,88,122.2,Low,Moderate
7015,54,Male,Delhi,21.8,No,Active,Non-Vegetarian,Never,Occasional,7,1,188,7.8,130,76,102.9,Middle,Moderate
7016,50,Male,Delhi,37,Yes,Sedentary,Non-Vegetarian,,Regular,6,7,233,8.4,168,110,139.2,High,High
7017,53,Male,Ahmedabad,22.4,No,Active,Vegetarian,Current,Never,9,2,116,5.9,140,79,98.7,Middle,Low
7020,55,Female,Bengaluru,30.1,No,Sedentary,Vegetarian,,,5,10,166,7,140,100,118.2,High,Low
7021,23,Male,Hyderabad,23.4,No,Moderate,Vegetarian,Current,Occasional,7,5,171,6.9,140,82,99.6,Middle,Moderate
7022,27,Female,Hyderabad,20.8,Yes,Moderate,Vegan,Current,Occasional,8,4,105,6,120,80,93.3,High,Low
7023,58,Female,Delhi,23.9,No,Sedentary,Vegetarian,Never,,8,3,268,9.2,140,74,102.3,High,High
7024,58,Female,Delhi,25.1,No,Sedentary,Non-Vegetarian,Never,,7,8,190,6.8,140,94,104.2,High,Moderate
7026,47,Male,Chennai,27,No,Sedentary,Pescatarian,Current,Regular,7,6,166,7.2,146,76,116.6,Middle,Low
7032,37,Female,Ahmedabad,16.6,No,Active,Non-Vegetarian,Current,Occasional,7,4,144,6.6,130,76,82,Middle,Low
7033,51,Female,Delhi,28.6,No,Sedentary,Vegetarian,Former,Never,8,4,150,6.4,150,80,109.7,Middle,Low
7034,41,Male,Bhopal,28.4,No,Sedentary,Vegetarian,Never,Occasional,8,3,215,7.6,136,72,116.8,Middle,Moderate
7035,43,Male,Ahmedabad,29.9,Yes,Sedentary,Non-Vegetarian,Never,Occasional,7.3,3,216,7,150,91,124.6,Middle,High
7036,40,Female,Bengaluru,25.5,Yes,Sedentary,Non-Vegetarian,Never,Never,5,10,263,7.8,162,79,104.3,High,High
7037,32,Female,Delhi,25.6,No,Sedentary,Vegetarian,Never,Never,6,6,135,6.3,140,80,102.3,Middle,Low
7038,42,Female,Delhi,24.6,Yes,Moderate,Non-Vegetarian,Former,Occasional,7,7,210,7.9,116,82,101.1,Middle,Moderate
7040,48,Female,Bengaluru,16.8,Yes,Active,Pescatarian,Never,Never,6,4,157,6.9,144,80,78.5,Low,High
7042,44,Other,Bengaluru,20.2,Yes,Sedentary,Non-Vegetarian,Never,Occasional,7,10,171,7.2,150,93,90.9,Low,Low
7043,51,Male,Delhi,22.8,Yes,Moderate,Non-Vegetarian,Never,Occasional,7,7,253,8.5,138,80,100.8,,High
7044,35,Female,Delhi,25.6,No,Sedentary,Vegetarian,Never,,6,6,149,6.2,120,86,103.7,Middle,Low
7045,35,Male,Hyderabad,23.4,Yes,Active,Vegetarian,Never,Never,9,3,190,7.6,121,87,100.9,Middle,Moderate
7046,38,Male,Delhi,21.4,No,Active,Non-Vegetarian,Current,Never,9.1,5,139,6,120,90,98.7,Middle,Low
7048,47,Male,Delhi,26,No,Sedentary,Non-Vegetarian,Never,,6,10,219,8,164,80,113.7,High,High
7051,50,Male,Bengaluru,27.9,Yes,Sedentary,Non-Vegetarian,Former,Occasional,7,7,142,6.5,148,90,113.1,Middle,Low
7055,58,Male,Bengaluru,23.6,No,Moderate,Non-Vegetarian,Never,,10,6,170,6.8,140,90,102.4,Middle,Low
7056,44,Male,Hyderabad,19.4,No,Active,Non-Vegetarian,Never,Occasional,9,4,199,7.8,128,86,96.1,Middle,Moderate
7058,63,Female,Bengaluru,20.8,No,Moderate,Vegetarian,Never,Occasional,8,8,271,9.3,170,80,88.2,High,High
7059,26,Female,Bengaluru,30.4,No,Moderate,Non-Vegetarian,Never,Never,9.6,8,171,7.4,130,80,112.6,Middle,Moderate
7060,49,Male,Delhi,29.4,Yes,Moderate,Non-Vegetarian,Never,Never,9,2,161,6.5,151,92,125.4,Middle,Low
7061,30,Male,Hyderabad,26.3,No,Sedentary,Vegetarian,Current,Occasional,7,5,119,5.5,130,80,111.5,Middle,Low
7063,51,Female,Bengaluru,24.8,Yes,Moderate,Non-Vegetarian,Never,Occasional,7,6,184,7.3,148,86,107,Middle,Moderate
7064,59,Female,Hyderabad,26.3,No,Sedentary,Non-Vegetarian,Never,,6,6,175,7,150,100,101.4,Low,Moderate
7065,61,Female,Delhi,27.9,No,Sedentary,Vegetarian,Never,Occasional,7,6,190,7,160,90,109.6,Middle,High
7067,52,Male,Chennai,24.2,No,Sedentary,Non-Vegetarian,Never,Never,8,10,202,7.5,130,100,105.9,High,Moderate
7069,37,Female,Bengaluru,23.4,Yes,Active,Non-Vegetarian,Never,Never,7,5,170,7.1,120,90,97.6,High,Low
7070,28,Male,Delhi,29.2,Yes,Sedentary,Non-Vegetarian,Never,Never,8.8,6,144,6.6,160,77,116.3,High,Low
7071,32,Male,Bengaluru,20.7,Yes,Active,Non-Vegetarian,Never,Never,8.2,8,150,6.5,144,80,98,Low,Low
7073,27,Female,Chennai,15,Yes,Active,Vegetarian,Never,,7,6,113,6.3,130,83,74.8,Middle,Low
7076,40,Female,Delhi,29.9,Yes,Sedentary,Vegetarian,Never,Regular,8,9,168,6.7,150,80,114.7,Middle,Low
7078,32,Female,Delhi,23.8,Yes,Active,Non-Vegetarian,Current,,8.9,7,187,6.8,140,80,100.6,Middle,Moderate
7079,58,Male,Delhi,19.3,No,Active,Vegetarian,Never,Occasional,6,7,151,6.7,150,88,92.4,High,Low
7081,49,Female,Ahmedabad,20.7,No,Moderate,Vegetarian,Never,Regular,7,7,246,8.3,156,80,94,High,High
7083,38,Male,Ahmedabad,22.4,Yes,Active,Vegetarian,Never,Occasional,7.5,5,277,9.3,150,70,101.3,Low,High
7084,47,Male,Hyderabad,21.8,No,Moderate,Vegetarian,Never,Never,6,6,279,8.7,140,80,99,Middle,High
7085,53,Male,Chennai,20.5,Yes,Moderate,Vegetarian,Current,Never,7.5,5,191,7.2,148,70,96.1,Middle,Low
7086,42,Female,Hyderabad,19.5,No,Moderate,Vegetarian,Never,,7,6,182,7.7,130,80,86.9,Middle,Moderate
7090,42,Female,Hyderabad,18.3,No,Sedentary,Vegetarian,Current,Occasional,6,7,150,6.6,142,83,86.1,Middle,Low
7091,51,Female,Hyderabad,25.1,Yes,Sedentary,Non-Vegetarian,Never,,9,4,225,8,140,94,103.4,Middle,High
7099,32,Male,Hyderabad,21.7,Yes,Moderate,Vegetarian,Never,Occasional,6,7,178,7.7,140,77,97,Middle,Moderate
7100,41,Male,Ahmedabad,28.9,No,Sedentary,Non-Vegetarian,Never,Never,8,3,176,7.1,140,100,122.3,Middle,Moderate
7105,45,Male,Ahmedabad,23.7,No,Moderate,Non-Vegetarian,Never,Occasional,7.7,4,143,6.3,130,84,105.5,Middle,Low
7108,63,Female,Hyderabad,25.5,Yes,Sedentary,Non-Vegetarian,Never,,6,8,188,7.1,166,82,100.6,High,Low
7111,34,Female,Bhopal,24,No,Moderate,Vegetarian,Never,,7,4,156,6.7,120,90,96.5,Low,Low
7113,39,Male,Chennai,27.5,No,Active,Vegetarian,Never,Never,7,5,133,6.3,140,70,115.5,Middle,Low
7114,46,Male,Bengaluru,30.2,No,Sedentary,Non-Vegetarian,Never,Regular,7,7,196,7.6,164,92,121.4,High,Moderate
7115,36,Male,Bengaluru,19,No,Moderate,Vegetarian,Never,Never,7,7,155,6.9,140,90,95.8,Middle,Low
7116,52,Female,Ahmedabad,16.3,No,Active,Vegetarian,Never,Never,8,8,141,6.3,150,80,79.4,Low,Low
7118,48,Male,Delhi,24.1,Yes,Moderate,Non-Vegetarian,Former,Occasional,7.5,10,157,6.3,150,100,105.7,High,Low
7119,43,Male,Chennai,20.1,Yes,Active,Non-Vegetarian,,Never,7,8,149,6.6,138,90,94.4,Low,Low
7122,40,Female,Bengaluru,17.9,No,Active,Vegetarian,Never,Occasional,8,5,167,6.7,130,70,86.4,Middle,Low
7127,56,Female,Delhi,18,No,Active,Non-Vegetarian,Never,,8.5,3,92,5.1,132,100,85.4,Middle,Low
7129,51,Male,Hyderabad,17.9,No,Moderate,Non-Vegetarian,Never,Regular,7,6,208,7.5,150,80,88.9,Middle,Moderate
7130,34,Male,Bengaluru,28.2,Yes,Moderate,Vegetarian,Never,Never,6.9,3,197,7.2,140,88,111.7,Middle,Moderate
7133,53,Male,Chennai,26.6,No,Sedentary,Non-Vegetarian,Former,Regular,9,8,191,7.4,126,88,116,Low,Moderate
7134,45,Female,Delhi,33.4,Yes,Sedentary,Non-Vegetarian,Never,Occasional,7.5,9,200,8,136,82,121.4,,High
7135,45,Male,Bengaluru,24.9,No,Sedentary,Non-Vegetarian,Current,Never,7,5,159,6.5,150,90,110.8,Low,Low
7136,44,Other,Delhi,18.8,No,Active,Non-Vegetarian,Never,Occasional,7,10,154,6.3,136,91,87.9,High,Low
7138,41,Male,Hyderabad,21.5,No,Sedentary,Pescatarian,Never,Occasional,6,7,119,5.6,140,96,98.9,High,Low
7140,29,Female,Bhopal,30.9,No,Active,Non-Vegetarian,Current,,11,2,122,6.4,120,80,118,Low,Low
7142,45,Female,Hyderabad,23.5,No,Sedentary,Non-Vegetarian,Former,,7,8,171,7.3,150,80,102.5,Middle,Moderate
7144,25,Male,Ahmedabad,17.6,No,Moderate,Non-Vegetarian,Current,Never,7,9,184,7.4,110,74,87.1,High,Low
7145,52,Female,Bengaluru,22.3,No,Active,Vegetarian,Never,,8,4,152,6.7,137,80,103.2,Low,Low
7146,41,Female,Delhi,18.7,Yes,Moderate,Non-Vegetarian,Current,,10,6,142,6.5,140,70,89,Low,Low
7148,24,Female,Ahmedabad,22.2,Yes,Sedentary,Vegetarian,Never,Never,8.5,3,160,6.9,100,78,97.9,Middle,Moderate
7151,32,Male,Hyderabad,17.4,No,Active,Non-Vegetarian,Never,Never,6,6,114,6.3,130,90,89.8,High,Low
7153,46,Male,Ahmedabad,24.7,Yes,Moderate,Non-Vegetarian,Never,Never,7.6,6,161,6.6,140,80,107.8,Low,Low
7155,48,Male,Ahmedabad,18.2,No,Moderate,Non-Vegetarian,Former,Never,9,7,133,6.4,140,100,93.7,Middle,Low
7158,36,Female,Chennai,16.8,No,Active,Non-Vegetarian,Never,,8.5,4,136,6.4,120,84,79.6,Middle,Low
7159,42,Female,Hyderabad,22.5,No,Moderate,Non-Vegetarian,Never,,10,5,155,6.7,136,90,97,,Low
7161,59,Female,Bengaluru,16.2,No,Moderate,Vegetarian,Never,Occasional,8,7,221,8.4,130,70,84,Middle,Moderate
7168,40,Female,Ahmedabad,20.3,No,Moderate,Non-Vegetarian,Never,Regular,8,5,117,6,132,70,91.7,Middle,Low
7169,41,Male,Hyderabad,24.3,No,Moderate,Non-Vegetarian,Never,Occasional,9,4,170,6.9,120,90,100.8,Middle,Low
7171,57,Female,Hyderabad,24.3,No,Moderate,Non-Vegetarian,Never,Regular,7,5,173,7.2,130,103,103.6,Middle,Low
7177,30,Female,Bengaluru,36.1,No,Sedentary,Non-Vegetarian,Never,,7,7,138,6.8,146,86,126.7,Middle,Low
7181,42,Male,Bengaluru,22.8,No,Sedentary,Non-Vegetarian,Never,Occasional,7,10,143,6.2,160,100,106.7,Middle,Low
7183,42,Female,Delhi,20,Yes,Sedentary,Non-Vegetarian,Never,,7,7,204,7.5,148,80,89.6,High,Moderate
7185,56,Male,Ahmedabad,20.2,No,Active,Non-Vegetarian,Never,Never,8,5,131,6.2,130,80,96.7,Low,Low
7186,51,Female,Bhopal,27.9,No,Moderate,Non-Vegetarian,Never,Occasional,6,5,185,7.2,146,80,110.7,Middle,High
7187,31,Female,Hyderabad,20.9,No,Sedentary,Non-Vegetarian,Never,Occasional,8.5,8,148,6.4,120,70,92.4,Low,Low
7188,18,Male,Bengaluru,28.1,No,Moderate,Vegetarian,Never,,7.8,5,113,5.5,140,80,111.2,High,Low
7189,45,Male,Bengaluru,23.1,Yes,Sedentary,Non-Vegetarian,Current,,6.5,10,163,6.7,146,100,106.6,High,Moderate
7191,45,Female,Bengaluru,20.8,No,Moderate,Vegetarian,Never,,8.4,6,172,7.6,140,80,97.7,High,Low
7193,52,Male,Ahmedabad,22.6,No,Moderate,Vegan,Former,Occasional,7.5,5,184,6.9,150,90,98.6,Middle,Low
7194,38,Female,Bhopal,20.6,Yes,Moderate,Vegan,Never,Never,7,6,189,6.2,110,80,89.8,Middle,Low
7195,41,Female,Delhi,27.7,No,Sedentary,Non-Vegetarian,Never,Never,8,7,329,9.6,140,80,105.8,High,High
7196,48,Male,Hyderabad,27.6,Yes,Sedentary,Non-Vegetarian,Former,Occasional,7,5,204,8.6,136,88,111.8,High,High
7198,54,Female,Chennai,27.8,No,Active,Vegetarian,Current,,8,5,176,7.3,157,90,106.9,Middle,Low
7199,25,Other,Hyderabad,21.3,No,Moderate,Vegetarian,Current,Regular,7.5,9,187,7.2,124,90,93.1,High,Low
7202,56,Female,Hyderabad,21.7,No,Sedentary,Vegetarian,Never,Occasional,7,5,171,7.2,128,80,97.6,Middle,Moderate
7203,47,Male,Ahmedabad,24.4,No,Sedentary,Vegetarian,Never,Never,8,6,185,7.5,150,96,108.1,Middle,Moderate
7204,43,Female,Hyderabad,20.7,No,Active,Non-Vegetarian,Never,Never,5.5,7,161,6.4,128,76,91.6,Middle,Low
7205,37,Male,Ahmedabad,21.5,No,Active,Non-Vegetarian,Never,Occasional,7,3,147,6.6,140,90,101.2,Middle,Low
7208,27,Female,Bengaluru,20.1,No,Moderate,Vegetarian,Never,Never,5.7,7,96,5.5,120,84,95.2,Middle,Low
7211,29,Male,Chennai,21,Yes,Moderate,Vegetarian,Never,Never,5,9,165,6.7,130,83,96.9,High,Moderate
7213,40,Male,Hyderabad,28.6,No,Active,Non-Vegetarian,Current,Never,6.8,10,181,6.8,150,100,118,Low,Low
7214,58,Female,Delhi,29.3,No,Sedentary,Vegetarian,Never,Never,5,9,171,6.8,154,92,109.4,High,Low
7217,30,Female,Delhi,22.3,No,Active,Vegetarian,Never,Never,7,5,177,6.7,130,90,96.7,Low,Moderate
7219,40,Female,Delhi,23.9,No,Active,Vegetarian,Never,Occasional,5.5,10,151,6.8,140,80,99.7,High,Low
7220,38,Male,Ahmedabad,19.8,No,Active,Pescatarian,Current,Occasional,7.2,4,135,6.3,114,90,93.4,High,Low
7221,28,Female,Ahmedabad,20,No,Active,Vegetarian,Never,Never,6.5,4,102,5.4,120,90,94.5,Low,Low
7223,36,Female,Chennai,21.8,No,Active,Non-Vegetarian,Former,Regular,6,10,280,7.8,130,90,98.4,High,High
7226,38,Male,Chennai,21.2,No,Sedentary,Vegetarian,Never,Regular,8,5,101,5.3,136,98,102.1,High,Low
7229,58,Male,Delhi,29.6,No,Moderate,Vegetarian,Never,Regular,7,3,238,7.4,150,110,115.2,Middle,High
7230,42,Male,Hyderabad,21.8,No,Moderate,Vegetarian,Current,Never,6,10,176,7.2,130,70,97.2,Low,Low
7234,40,Male,Chennai,27.4,Yes,Sedentary,Non-Vegetarian,Never,Regular,8,9,163,6.7,140,95,115.8,High,Low
7237,51,Female,Bengaluru,20,No,Active,Vegetarian,Never,Occasional,9,6,175,6.7,140,80,88.9,Middle,Low
7238,41,Male,Hyderabad,23.6,No,Moderate,Non-Vegetarian,Never,Regular,7,7,172,7,131,90,112.4,Middle,Moderate
7242,48,Female,Bengaluru,26.2,No,Sedentary,Vegetarian,Former,Occasional,9,6,199,7.6,142,90,107.5,Middle,Moderate
7245,49,Female,Ahmedabad,27.3,No,Sedentary,Vegetarian,Never,Never,6,3,186,7.8,133,80,113,High,High
7246,56,Male,Delhi,23,No,Sedentary,Non-Vegetarian,Current,,7,9,129,6.3,150,84,102.9,High,Low
7247,41,Female,Delhi,21.1,Yes,Moderate,Vegetarian,Current,Never,7,10,167,6.9,140,80,93.2,High,Low
7250,41,Female,Bengaluru,25.8,No,Sedentary,Non-Vegetarian,Never,,9,6,150,6.5,138,100,102.8,Low,Low
7251,52,Male,Delhi,25.8,No,Active,Vegetarian,Never,Occasional,7,6,161,6.7,131,100,109.9,Middle,Low
7253,27,Female,Bengaluru,21.8,No,Active,Non-Vegetarian,Current,Never,7,7,147,6.4,130,90,99.5,High,Low
7255,44,Female,Hyderabad,18.1,No,Active,Non-Vegetarian,Never,Never,7,7,177,7.2,150,90,86.1,Middle,Low
7256,31,Male,Bengaluru,25.5,No,Active,Pescatarian,Never,,6.5,9,159,6.3,150,92,109.3,High,Low
7257,58,Female,Ahmedabad,24.8,Yes,Moderate,Vegetarian,Current,,8.5,4,175,7.1,150,80,101.1,Middle,Moderate
7258,55,Female,Bengaluru,23.4,Yes,Active,Non-Vegetarian,Never,Occasional,7.5,4,152,6.1,140,90,97.9,Middle,Low
7262,47,Female,Hyderabad,20.6,No,Active,Vegetarian,Never,Never,7,8,151,6.8,146,92,92.4,Middle,Low
7263,42,Female,Delhi,19.4,No,Moderate,Vegetarian,Never,,8.3,5,204,8.5,124,82,90.4,High,Moderate
7265,60,Female,Bengaluru,26.8,No,Sedentary,Pescatarian,Current,Never,6,6,188,7.2,140,98,112.6,Middle,Moderate
7266,47,Male,Delhi,20.5,No,Sedentary,Vegetarian,Never,Occasional,8,5,161,6.6,154,86,92.5,Low,Low
7267,39,Female,Bengaluru,22.9,No,Active,Vegetarian,Never,Never,8,8,142,6.6,156,88,94.2,Low,Low
7268,48,Female,Delhi,27.1,Yes,Moderate,Vegetarian,Never,,7,10,182,7.3,148,99,103.4,Middle,High
7269,38,Female,Bengaluru,20.8,No,Active,Non-Vegetarian,Never,Never,6,8,160,6.7,133,80,93.7,Middle,Moderate
7270,43,Male,Chennai,26.1,No,Sedentary,Non-Vegetarian,Never,Never,9,9,178,6.6,144,90,118.2,High,Low
7272,51,Female,Hyderabad,31.5,No,Sedentary,Non-Vegetarian,Never,Occasional,7,10,230,8.1,150,76,120,High,High
7273,39,Female,Bengaluru,23.5,No,Sedentary,Vegetarian,Never,,6,7,219,8,144,90,99.3,Low,Moderate
7276,44,Female,Bengaluru,17.6,No,Moderate,Non-Vegetarian,Never,Never,7,10,173,7.2,146,98,86.4,High,Moderate
7277,46,Female,Ahmedabad,24,Yes,Moderate,Non-Vegetarian,Never,Never,8,1,235,8,130,80,99.5,,High
7279,66,Female,Delhi,25.9,Yes,Sedentary,Non-Vegetarian,Never,Never,7.4,8,182,8.4,170,100,104.7,Middle,Moderate
7280,43,Male,Hyderabad,19,Yes,Active,Non-Vegetarian,Current,Never,7.5,3,107,5.6,128,90,92.6,Middle,Low
7281,39,Male,Chennai,17.2,No,Active,Non-Vegetarian,Never,Never,7,5,174,6.7,120,80,85.9,Middle,Moderate
7282,40,Female,Ahmedabad,18.4,No,Moderate,Non-Vegetarian,Never,Never,6.5,5,150,6.1,126,80,84.7,Middle,Low
7283,22,Female,Chennai,21.2,No,Active,Non-Vegetarian,Never,Never,6,6,98,5.2,130,80,91.7,Low,Low
7285,31,Male,Hyderabad,30.4,No,Moderate,Pescatarian,Never,Occasional,7,7,186,6.9,140,80,119.8,Middle,Moderate
7295,53,Female,Delhi,29,Yes,Sedentary,Vegetarian,Never,,6.5,7,225,8.9,140,100,120,Middle,High
7296,64,Male,Bhopal,27,No,Active,Vegetarian,Never,Never,8.5,6,165,6.4,150,80,110.4,Middle,Moderate
7297,49,Male,Chennai,21.4,No,Active,Vegetarian,Never,Never,8.5,3,143,6.8,148,80,98.5,High,Low
7298,39,Male,Delhi,22.1,No,Active,Vegetarian,,Occasional,6,9,170,6.7,130,80,97.7,Middle,Low
7299,49,Female,Delhi,24.5,No,Moderate,Vegan,Never,Never,8,5,144,6.1,130,100,105.9,Middle,Low
7301,57,Female,Delhi,23.6,No,Active,Vegetarian,Current,Never,9,8,171,6.8,150,80,102,High,Moderate
7303,43,Male,Hyderabad,21.3,No,Active,Non-Vegetarian,Never,Occasional,9,4,117,6.1,120,80,100.3,Middle,Low
7305,38,Male,Hyderabad,21.2,Yes,Active,Non-Vegetarian,Never,Never,6.8,9,149,6.3,150,85,98.6,Middle,Low
7311,43,Female,Delhi,19.9,No,Moderate,Non-Vegetarian,Current,,6.5,7,153,6.6,130,90,92.2,Middle,Low
7313,44,Female,Chennai,20.5,No,Active,Non-Vegetarian,Never,Never,6,10,162,6.7,144,79,94.3,Middle,Low
7315,43,Male,Ahmedabad,17.2,Yes,Active,Non-Vegetarian,Never,Never,7.3,9,208,8.1,142,80,87.9,High,Moderate
7321,35,Male,Hyderabad,24.6,No,Active,Non-Vegetarian,Never,Occasional,7,7,155,6.2,150,77,107.3,,Low
7322,45,Female,Hyderabad,24.6,Yes,Sedentary,Non-Vegetarian,Never,,7,6,159,6.5,133,90,103.9,High,Low
7323,52,Male,Bengaluru,20,No,Active,Vegetarian,Never,Never,7.5,8,190,7.4,174,84,97.9,Middle,Moderate
7324,62,Female,Hyderabad,27.8,Yes,Active,Vegetarian,Never,Regular,5.4,8,176,7.1,160,90,110.5,Middle,Moderate
7326,59,Female,Delhi,28.1,No,Sedentary,Non-Vegetarian,Never,Regular,8,5,191,7.7,140,90,113.5,Middle,Moderate
7327,43,Female,Delhi,20.6,No,Active,Vegan,Never,,6,10,186,6.8,134,100,87.7,High,Moderate
7328,40,Female,Ahmedabad,20.8,Yes,Moderate,Vegetarian,Never,,8,4,119,6.2,140,72,89,Low,Low
7329,41,Male,Hyderabad,19.9,Yes,Active,Non-Vegetarian,Never,Occasional,7.5,5,160,6.2,140,87,91.6,Middle,Low
7332,43,Female,Bengaluru,23.1,No,Active,Vegetarian,Former,Occasional,8,5,179,6.7,140,80,97.9,Middle,Low
7333,18,Male,Ahmedabad,22.7,No,Sedentary,Vegetarian,Never,Regular,7,5,107,5.8,150,84,100.3,High,Low
7336,44,Female,Delhi,22.2,No,Sedentary,Non-Vegetarian,Never,Never,8,9,214,8.6,140,84,98.5,High,High
7337,41,Female,Bengaluru,25.1,Yes,Moderate,Non-Vegetarian,Never,Occasional,7,8,190,6.5,160,90,104.6,Middle,Low
7340,28,Female,Bengaluru,23.7,No,Moderate,Non-Vegetarian,Never,,9.5,4,149,6.5,130,90,97.4,Middle,Low
7341,47,Male,Chennai,21.3,No,Active,Non-Vegetarian,Never,Occasional,8,3,136,6.3,117,80,97.7,Middle,Low
7344,44,Male,Bengaluru,24,Yes,Sedentary,Non-Vegetarian,Current,Never,7,6,158,6.9,144,85,106.1,High,Low
7345,57,Male,Delhi,28,No,Sedentary,Non-Vegetarian,Former,Never,6,9,187,7.1,160,110,117.2,High,Low
7347,41,Other,Hyderabad,26,Yes,Sedentary,Non-Vegetarian,Never,Occasional,4,7,148,6.8,126,94,97.3,Low,Low
7351,52,Female,Ahmedabad,25.9,Yes,Moderate,Vegetarian,Current,,9,3,159,6.6,144,88,101.4,Low,Low
7352,54,Male,Delhi,22,No,Active,Vegetarian,Current,Occasional,6.5,5,233,7.9,140,80,96.5,Low,High
7353,51,Female,Chennai,26.8,Yes,Moderate,Vegetarian,Never,,8,4,176,7.6,137,100,107.6,Middle,Low
7355,32,Female,Hyderabad,25.5,No,Sedentary,Non-Vegetarian,Never,Regular,6,9,202,7.5,140,82,105.4,High,Moderate
7356,39,Male,Delhi,19.1,Yes,Active,Non-Vegetarian,Never,Regular,7.4,6,183,7,124,80,95,Middle,Low
7357,62,Female,Chennai,24.1,No,Moderate,Vegetarian,Never,,7,9,176,6.8,150,96,103.5,Middle,Low
7362,41,Male,Delhi,21.2,No,Moderate,Vegetarian,Never,Occasional,8,8,138,5.9,130,100,104.5,High,Low
7364,54,Female,Hyderabad,20.1,No,Moderate,Vegetarian,Never,,6.5,8,275,8.9,152,90,88.2,High,High
7368,56,Male,Bengaluru,28.2,Yes,Sedentary,Vegetarian,Never,Regular,8,5,202,7.1,148,84,113.5,Middle,Moderate
7370,48,Female,Chennai,27.3,No,Sedentary,Vegetarian,Current,Never,7,10,313,9.9,148,110,111.5,Low,High
7372,54,Male,Ahmedabad,16.1,No,Active,Vegetarian,Never,,7,5,180,7.3,160,92,84.9,Low,Moderate
7373,58,Male,Delhi,22.9,Yes,Sedentary,Non-Vegetarian,Current,,6,5,202,7.6,132,80,99.1,High,Moderate
7375,42,Male,Delhi,25,Yes,Sedentary,Vegetarian,Never,Occasional,8.5,7,231,7.5,150,84,104.9,High,High
7381,44,Male,Ahmedabad,22,Yes,Sedentary,Pescatarian,Never,Occasional,9,4,196,6.9,136,90,102.2,Low,Moderate
7383,38,Female,Delhi,21.3,No,Active,Vegetarian,Current,,7,6,120,5.6,132,80,91.9,,Low
7386,44,Male,Bengaluru,20.1,No,Moderate,Vegetarian,Never,Never,5.5,9,171,7.1,120,77,93.1,High,Low
7387,63,Male,Delhi,20.4,No,Moderate,Vegetarian,Never,Regular,7.4,10,128,6.2,168,100,96.4,Middle,Low
7390,40,Male,Delhi,20.1,No,Active,Non-Vegetarian,Never,Never,7,6,197,7.5,121,90,89.2,Middle,Moderate
7391,36,Female,Hyderabad,19.7,Yes,Moderate,Pescatarian,Never,Never,9,10,303,9.3,140,92,90.2,Low,High
7394,53,Female,Hyderabad,17.5,Yes,Active,Non-Vegetarian,Current,Occasional,6,9,223,7.2,140,110,82.7,Middle,High
7395,59,Male,Bhopal,28,No,Sedentary,Non-Vegetarian,Former,Never,7,8,285,10,132,100,113,Middle,High
7396,42,Male,Bengaluru,21.4,Yes,Active,Non-Vegetarian,Never,Never,8,9,167,7.3,130,80,99.5,Middle,Low
7398,60,Female,Delhi,27.8,No,Active,Non-Vegetarian,Former,Never,8,6,159,6.6,150,96,108.8,Middle,Low
7399,47,Male,Ahmedabad,24,No,Sedentary,Non-Vegetarian,,Never,7,8,245,8,136,100,104.6,Middle,High
7401,38,Male,Bengaluru,18.4,Yes,Active,Non-Vegetarian,Never,Occasional,7.5,5,170,6.9,130,85,91.6,Middle,Low
7403,48,Female,Chennai,24.5,No,Active,Vegetarian,Current,,8,4,148,6.8,130,90,103.1,Middle,Low
7404,64,Male,Hyderabad,24,No,Sedentary,Non-Vegetarian,Never,,8,10,156,6.5,170,100,110.4,Middle,Moderate
7405,34,Female,Delhi,23.1,No,Active,Vegetarian,Current,Never,7,5,148,6.5,142,82,96.6,High,Low
7408,41,Male,Bengaluru,22.8,No,Sedentary,Non-Vegetarian,Never,Occasional,7,8,110,5.7,140,92,101.5,Low,Low
7412,54,Male,Delhi,21.6,No,Moderate,Non-Vegetarian,Current,,7.8,7,205,7.8,143,90,99.1,Middle,High
7413,53,Male,Delhi,32.1,Yes,Sedentary,Non-Vegetarian,Never,Occasional,7,8,195,7.2,164,100,127.9,Middle,Moderate
7414,43,Female,Ahmedabad,20.6,No,Active,Vegetarian,Current,Occasional,7.9,6,149,6.9,132,80,89.4,Low,Low
7418,40,Male,Bengaluru,15.3,Yes,Moderate,Non-Vegetarian,Never,Never,7,6,127,5.8,130,90,83.1,Middle,Low
7422,51,Male,Delhi,22.3,No,Active,Vegetarian,Current,,5,8,155,5.6,147,91,99.7,Middle,Low
7423,28,Male,Ahmedabad,17.8,No,Moderate,Vegetarian,Never,Never,6,6,124,6.1,144,80,93.4,Low,Low
7426,45,Male,Chennai,26.6,No,Moderate,Non-Vegetarian,Never,Occasional,10,4,197,7.4,130,80,111.4,Middle,High
7427,59,Female,Ahmedabad,25.5,No,Moderate,Vegetarian,Never,Occasional,8,5,286,9.1,168,96,99.3,Middle,High
7428,37,Male,Bengaluru,20.7,No,Active,Vegetarian,Never,Occasional,9,3,174,6.8,138,80,99.1,High,Low
7432,29,Male,Hyderabad,18.2,No,Active,Vegetarian,Never,Occasional,8.5,2,204,7.4,120,72,92.4,Middle,Moderate
7433,37,Female,Chennai,24.2,No,Moderate,Vegetarian,Never,,9,7,178,7.4,140,88,105.1,Low,Low
7434,53,Female,Delhi,20.4,No,Moderate,Vegetarian,Never,Never,8,7,185,7.4,120,80,91.9,Middle,Moderate
7435,50,Male,Chennai,30,No,Sedentary,Non-Vegetarian,Never,Occasional,7.5,7,163,7.2,154,84,117.3,High,Moderate
7438,55,Female,Delhi,22.1,Yes,Active,Non-Vegetarian,Never,Occasional,8.9,7,173,7.2,146,90,93.4,High,Moderate
7440,47,Male,Chennai,17.3,No,Moderate,Non-Vegetarian,Never,Never,6,7,191,6.9,140,91,91.1,Middle,Moderate
7442,23,Male,Ahmedabad,17.9,No,Moderate,Non-Vegetarian,Never,,7,4,112,5.7,134,90,91,Low,Low
7443,45,Male,Ahmedabad,17.9,Yes,Moderate,Non-Vegetarian,Never,,8,4,181,7.2,140,70,91.6,High,Low
7444,43,Female,Delhi,23.5,No,Moderate,Vegetarian,Current,,8.5,7,212,7.9,156,80,97.7,High,Moderate
7447,40,Male,Hyderabad,20.9,Yes,Active,Non-Vegetarian,Never,Regular,5.4,5,169,6.8,140,90,98.2,Middle,Low
7448,47,Female,Delhi,22.8,No,Moderate,Vegetarian,Never,,6,8,155,6.9,140,82,102,Middle,Moderate
7456,26,Male,Bengaluru,22,Yes,Active,Non-Vegetarian,Never,Never,10,4,112,5.9,124,80,102.4,Low,Low
7459,52,Male,Delhi,29,Yes,Sedentary,Non-Vegetarian,Never,Occasional,7,7,184,7.7,140,90,125.4,Middle,Moderate
7460,35,Male,Delhi,24.3,No,Moderate,Vegetarian,Never,Occasional,7,8,321,10.7,120,87,105.6,Middle,High
7462,59,Female,Ahmedabad,22.5,No,Active,Vegetarian,Never,Never,8,4,114,5.9,130,100,96.9,Middle,Low
7471,26,Female,Bengaluru,25.6,Yes,Sedentary,Vegetarian,Current,Never,8,8,169,7.2,130,88,105.8,Middle,Low
7472,52,Female,Chennai,23.2,Yes,Moderate,Vegetarian,Never,Never,10,5,186,7,155,80,94.1,Middle,Moderate
7474,41,Male,Chennai,19.3,No,Active,Vegetarian,Never,Never,6,6,188,7.6,140,82,90.3,Middle,Low
7475,57,Male,Hyderabad,20.9,No,Moderate,Non-Vegetarian,Current,Occasional,8,6,183,7.5,140,88,101.2,High,Moderate
7478,42,Female,Bengaluru,20.7,No,Sedentary,Non-Vegetarian,Never,Never,5.6,5,154,6.2,140,100,94.6,Low,Low
7480,63,Male,Hyderabad,30.3,No,Sedentary,Non-Vegetarian,Never,Never,9,8,216,7,157,104,118.8,High,Moderate
7481,44,Female,Hyderabad,19.4,No,Active,Non-Vegetarian,,Occasional,6,8,221,7.8,148,90,88.1,Low,Moderate
7483,54,Female,Bhopal,27.4,Yes,Moderate,Non-Vegetarian,Never,Occasional,7.9,6,211,8.1,161,90,104.3,,High
7486,53,Female,Ahmedabad,21.6,No,Moderate,Vegan,Current,,7,5,179,7.5,134,96,88.3,Low,Moderate
7487,25,Female,Hyderabad,20.3,No,Active,Vegetarian,Current,Never,6.5,9,118,6,148,90,90.4,Middle,Low
7489,46,Female,Delhi,20.9,No,Active,Non-Vegetarian,Never,Never,7,10,169,6.8,150,88,95.3,Middle,Low
7491,51,Female,Ahmedabad,21.1,No,Moderate,Vegetarian,Never,Never,6.8,4,192,7.6,150,74,92.2,Low,Moderate
7493,35,Female,Delhi,26.1,Yes,Sedentary,Vegetarian,Never,,8,7,203,7.9,150,83,103.3,Middle,Moderate
7496,52,Female,Delhi,33.5,No,Sedentary,Non-Vegetarian,Current,,8,7,197,8.1,150,110,122.2,Middle,Moderate
7497,57,Male,Hyderabad,23.4,No,Sedentary,Non-Vegetarian,Never,Never,7,6,155,6.5,140,80,104.3,High,Low
7502,61,Female,Delhi,26.5,Yes,Sedentary,Non-Vegetarian,Never,,7,9,168,6.8,144,100,104.4,High,Moderate
7507,50,Male,Hyderabad,24.3,No,Moderate,Vegetarian,Former,Never,8,8,177,7.5,150,87,105.3,Middle,Moderate
7510,41,Female,Hyderabad,19.5,No,Sedentary,Non-Vegetarian,Never,,7,5,152,6.6,129,77,88.5,High,Low
7513,49,Female,Hyderabad,26.3,Yes,Sedentary,Non-Vegetarian,Never,Never,7,3,192,7.9,122,88,106.1,Low,High
7518,51,Male,Ahmedabad,16.7,No,Active,Vegetarian,Never,Never,8,1,118,6.2,140,80,86.9,Low,Low
7519,25,Male,Delhi,23,No,Moderate,Non-Vegetarian,Never,Occasional,5,7,164,6.3,130,90,102,Middle,Low
7521,36,Male,Chennai,25.5,No,Sedentary,Non-Vegetarian,Current,Regular,5,10,220,8.6,128,100,105.8,High,Moderate
7523,62,Male,Ahmedabad,26.9,No,Sedentary,Non-Vegetarian,Never,Never,6.5,5,214,7.4,140,90,114.4,High,High
7529,30,Male,Ahmedabad,15,No,Active,Non-Vegetarian,Never,Occasional,10,3,97,5.4,110,80,82.6,Middle,Low
7533,46,Female,Ahmedabad,26.6,Yes,Moderate,Vegetarian,Current,,7.4,8,164,7,150,107,106.4,Middle,Moderate
7534,33,Male,Chennai,20.7,No,Moderate,Non-Vegetarian,Never,Occasional,8.5,7,151,6.6,143,94,94.8,Middle,Low
7537,58,Male,Hyderabad,23.5,Yes,Moderate,Non-Vegetarian,Never,Never,6.9,5,216,7.2,140,80,106.6,Middle,Moderate
7538,20,Male,Bengaluru,17.1,No,Active,Non-Vegetarian,Current,Occasional,7,6,219,8.1,100,80,86.4,Middle,Low
7539,42,Female,Delhi,27.8,Yes,Sedentary,Non-Vegetarian,Never,,5.5,10,160,7,158,90,110.9,High,Low
7540,45,Female,Hyderabad,28.1,No,Sedentary,Vegetarian,Never,,6.5,5,181,6.8,140,80,107.8,Middle,Moderate
7541,53,Male,Delhi,29.6,Yes,Moderate,Non-Vegetarian,Never,Never,6,6,189,7.6,154,90,114.3,Middle,High
7542,58,Male,Hyderabad,24.9,No,Moderate,Vegetarian,Never,,6,7,201,7.1,162,100,111,Middle,Moderate
7545,42,Male,Chennai,24.2,No,Moderate,Vegetarian,Never,Regular,7.6,7,168,7,132,79,108,Middle,Moderate
7547,57,Female,Hyderabad,30.7,No,Sedentary,Vegetarian,Never,Occasional,7.6,5,185,7.7,160,90,106,,High
7549,39,Female,Hyderabad,15,Yes,Active,Vegan,Current,,6.1,6,199,7.1,120,90,73.2,Middle,Moderate
7550,35,Female,Delhi,24.1,Yes,Sedentary,Vegetarian,Never,Never,6,7,182,7.7,164,80,98.8,High,Low
7551,49,Male,Delhi,22.3,Yes,Moderate,Non-Vegetarian,Never,Never,7,5,151,6.3,140,90,97,Low,Low
7552,25,Male,Ahmedabad,19.7,No,Sedentary,Vegetarian,Never,Occasional,8,4,175,6.8,120,64,92,Middle,Low
7553,29,Female,Delhi,25,No,Moderate,Non-Vegetarian,Former,Never,8.3,5,157,6.7,130,80,106.6,Low,Low
7554,45,Female,Delhi,22.5,Yes,Moderate,Vegetarian,Never,,7.5,6,155,6.3,140,92,98.8,Middle,Low
7558,53,Male,Bengaluru,21.6,Yes,Active,Vegetarian,Never,Occasional,6,2,174,6.5,136,79,100,,Low
7559,40,Male,Chennai,27.8,No,Moderate,Non-Vegetarian,Never,Occasional,8,7,187,7.4,148,80,116.5,Middle,Moderate
7562,40,Male,Hyderabad,20.1,No,Active,Non-Vegetarian,Never,Occasional,8,8,98,5.2,129,88,100.8,High,Low
7563,44,Female,Hyderabad,20.8,No,Moderate,Non-Vegetarian,Never,Never,7,9,167,6.1,140,90,90,Low,Low
7564,41,Female,Delhi,25.5,No,Sedentary,Vegetarian,Never,Never,6.5,10,132,6.1,140,80,104.6,High,Low
7565,59,Female,Bengaluru,23.3,Yes,Sedentary,Vegetarian,Never,,6.5,10,174,6.9,140,93,103.2,High,Moderate
7568,20,Female,Bhopal,24.2,No,Moderate,Non-Vegetarian,Current,,9,4,138,6.6,120,90,97.4,Low,Low
7570,38,Male,Chennai,17.7,No,Active,Vegetarian,Never,Never,7,9,305,10,136,88,88.4,Middle,High
7571,31,Female,Delhi,24.1,No,Active,Non-Vegetarian,Never,,7,4,176,6.8,140,76,98.5,Low,Low
7575,54,Female,Hyderabad,20.4,Yes,Moderate,Non-Vegetarian,Current,Never,9,6,173,7.1,137,97,86,Middle,Low
7583,48,Female,Bengaluru,24.2,No,Sedentary,Vegetarian,Former,Never,5,10,172,6.9,150,91,98.1,Middle,Low
7584,39,Female,Delhi,22.5,No,Active,Non-Vegetarian,,Regular,6,5,127,6,152,90,95.7,Middle,Low
7586,37,Male,Delhi,18.3,No,Moderate,Vegetarian,Current,Never,5.9,10,199,7.3,136,80,90.6,Low,Moderate
7587,44,Male,Ahmedabad,15.6,No,Active,Non-Vegetarian,Never,Never,7.5,7,107,5.6,120,90,86.1,Low,Low
7590,61,Female,Chennai,20.5,No,Active,Vegetarian,,,7.7,8,158,6.8,140,100,86,High,Low
7591,44,Female,Delhi,19.2,Yes,Sedentary,Non-Vegetarian,,Never,7,7,234,8.4,120,81,94.8,Middle,High
7593,37,Female,Ahmedabad,18.9,Yes,Active,Non-Vegetarian,Current,Occasional,8,7,201,7.6,140,85,87.8,Middle,Moderate
7598,44,Male,Hyderabad,20.9,No,Active,Vegetarian,Current,Occasional,9,8,221,8.1,150,90,98,Middle,High
7599,44,Female,Chennai,29.7,Yes,Sedentary,Non-Vegetarian,Never,,6.5,10,178,7,140,92,111.8,High,Low
7602,45,Female,Delhi,23.7,No,Sedentary,Non-Vegetarian,Former,Regular,8.3,5,132,5.6,120,92,96.3,Middle,Low
7603,35,Male,Bhopal,22,No,Active,Vegetarian,Never,Never,7,5,120,5.9,140,80,100.6,Middle,Low
7604,43,Female,Ahmedabad,25.2,No,Sedentary,Vegetarian,Never,,5.5,8,139,6.4,140,91,109.3,Middle,Low
7606,46,Female,Bengaluru,25.8,Yes,Sedentary,Non-Vegetarian,Never,Occasional,7,10,179,6.8,150,90,111.2,Middle,Low
7608,55,Female,Bengaluru,19,Yes,Active,Non-Vegetarian,Never,Occasional,7.5,6,123,5.8,140,90,88,Middle,Low
7609,55,Male,Bengaluru,20.7,Yes,Active,Non-Vegetarian,Never,,7.5,3,144,6,144,80,98.4,Low,Low
7610,47,Female,Hyderabad,17,No,Active,Non-Vegetarian,Current,Never,8,8,114,5.6,144,73,78.2,Middle,Low
7611,52,Male,Ahmedabad,23.6,Yes,Sedentary,Vegetarian,Current,Never,8,3,195,7.2,140,80,102.6,Middle,Moderate
7612,18,Male,Bengaluru,19.3,No,Active,Vegetarian,Former,Never,5.5,7,194,8.3,118,80,89.7,High,Moderate
7613,48,Male,Delhi,22.5,No,Moderate,Non-Vegetarian,Never,Occasional,7,10,159,7,160,80,102,Low,Low
7615,19,Female,Hyderabad,19.5,No,Moderate,Non-Vegetarian,Current,,7.3,5,165,6.9,140,85,88.6,Low,Low
7616,35,Female,Delhi,22.6,Yes,Sedentary,Non-Vegetarian,Never,,8,2,146,6.5,128,80,98.3,,Low
7620,53,Female,Chennai,25.2,Yes,Sedentary,Non-Vegetarian,Never,Occasional,7,6,174,7.1,140,92,104.1,Low,Low
7621,34,Male,Bengaluru,18.8,No,Active,Vegetarian,Current,Never,8,4,90,4.9,136,83,94,Middle,Low
7623,52,Female,Bengaluru,23.9,Yes,Sedentary,Non-Vegetarian,,,6.3,7,153,6.8,140,80,93.9,High,Moderate
7625,18,Female,Delhi,18.3,No,Active,Non-Vegetarian,Current,Regular,8,9,158,7,124,88,86.5,High,Low
7628,42,Male,Chennai,21.7,No,Active,Vegetarian,Never,Occasional,7,8,221,8.2,146,100,101.8,High,Moderate
7629,39,Female,Ahmedabad,19,No,Moderate,Vegetarian,Never,Never,8,7,107,5.6,140,80,88.4,Low,Low
7632,53,Female,Bengaluru,29,No,Active,Vegetarian,Former,,7.8,6,181,6.8,144,86,110.1,Middle,Low
7635,35,Male,Chennai,17.6,Yes,Active,Non-Vegetarian,Current,Regular,4,6,153,7.2,130,80,90.2,High,Low
7637,44,Male,Bengaluru,26.3,No,Sedentary,Pescatarian,Never,Never,7,9,226,7.7,148,101,109,Low,High
7639,30,Female,Bengaluru,23.2,No,Active,Vegetarian,Current,Regular,5,6,110,5.9,150,80,94.8,Middle,Low
7640,22,Male,Bengaluru,24.3,No,Moderate,Non-Vegetarian,Never,Never,6,10,151,6.5,150,80,106.7,High,Low
7641,33,Male,Ahmedabad,26.7,No,Moderate,Vegetarian,Never,Occasional,8,6,231,8.3,138,80,116.5,Low,High
7642,56,Female,Hyderabad,20.5,No,Moderate,Non-Vegetarian,Never,Occasional,9,9,108,5.9,142,102,88.2,High,Low
7643,50,Male,Chennai,18,No,Active,Vegetarian,Never,Regular,7,8,143,5.9,148,70,91.7,High,Low
7644,48,Female,Delhi,25.1,No,Moderate,Non-Vegetarian,Never,,9,7,165,6.5,130,90,104,Low,Low
7645,48,Female,Delhi,26.6,Yes,Active,Non-Vegetarian,Never,Occasional,9,5,214,7.3,130,90,107,Low,High
7646,52,Female,Bengaluru,25.9,No,Moderate,Vegetarian,Current,Occasional,7,7,146,6.4,152,96,106.9,Middle,Low
7647,41,Female,Ahmedabad,24.5,No,Sedentary,Vegetarian,Never,Never,9,3,161,7.1,138,100,98.2,Middle,Low
7648,18,Female,Bengaluru,19.9,Yes,Active,Vegetarian,Never,Never,9,5,206,7.7,120,72,91.3,Middle,Moderate
7649,47,Female,Chennai,17.7,No,Moderate,Vegetarian,Current,Occasional,8,3,120,5.9,114,70,84.6,Middle,Low
7650,32,Female,Bengaluru,26,No,Sedentary,Pescatarian,Never,,6,6,149,6.9,152,80,105.9,High,Low
7651,49,Female,Delhi,18.8,No,Moderate,Vegetarian,Never,Occasional,7,9,210,7.1,146,100,86.7,High,Moderate
7653,57,Male,Delhi,25.1,No,Active,Vegetarian,Current,Never,6.4,8,181,6.9,150,90,107.1,High,Moderate
7657,41,Male,Ahmedabad,26.1,No,Moderate,Vegetarian,Never,Never,7,6,141,6.7,140,80,108,Middle,Low
7663,40,Male,Delhi,25.2,No,Sedentary,Non-Vegetarian,Never,Occasional,9,6,125,5.8,126,80,107.3,High,Low
7664,48,Male,Delhi,18.9,No,Active,Vegan,Never,Never,6,7,182,6.8,140,94,89.2,High,Moderate
7665,34,Male,Delhi,18.2,No,Active,Non-Vegetarian,Never,Never,7.2,6,170,6.8,138,80,91.3,High,Low
7666,57,Male,Ahmedabad,23.2,No,Active,Vegetarian,Never,,8,2,152,6.5,160,90,103.2,Low,Low
7667,53,Female,Chennai,23.3,No,Moderate,Non-Vegetarian,Never,,5.6,6,149,6,157,68,93.4,Middle,Low
7669,51,Female,Delhi,27.6,Yes,Active,Non-Vegetarian,Never,Regular,7,9,185,7.3,159,100,110.8,High,Moderate
7672,39,Male,Ahmedabad,17.5,No,Active,Non-Vegetarian,Former,Occasional,8,5,158,6.5,140,70,87.9,Low,Low
7674,58,Male,Hyderabad,18.3,Yes,Active,Non-Vegetarian,Never,Never,5,7,170,6.9,124,100,89,High,Low
7680,47,Male,Hyderabad,18.6,Yes,Active,Non-Vegetarian,Never,Never,7,3,196,7.2,148,90,94,Middle,Low
7683,56,Female,Ahmedabad,23.9,No,Sedentary,Non-Vegetarian,Never,Occasional,9,1,121,6.2,136,88,105.9,Low,Low
7686,41,Female,Hyderabad,17.9,Yes,Active,Pescatarian,Never,Occasional,6.8,5,150,6.5,140,77,82.6,Middle,Low
7691,51,Male,Bengaluru,26.3,No,Moderate,Non-Vegetarian,Never,Never,8,8,177,7.3,130,90,113.2,High,High
7692,45,Female,Chennai,20,No,Moderate,Vegetarian,Never,Never,9,8,170,6.7,150,80,91.9,Low,Moderate
7697,33,Female,Bengaluru,20.8,Yes,Sedentary,Non-Vegetarian,Former,Never,5,4,150,6.8,120,72,90.5,Middle,Low
7698,40,Male,Delhi,20.7,No,Sedentary,Vegetarian,Current,Occasional,8,10,148,6.4,130,80,94.6,High,Low
7699,56,Female,Bengaluru,19.4,Yes,Moderate,Vegetarian,Never,Occasional,7,7,215,7.6,152,100,89.4,Low,Moderate
7701,48,Female,Hyderabad,24.1,No,Active,Non-Vegetarian,Never,,8,5,225,8.6,140,86,101.4,,High
7703,37,Female,Delhi,20.5,Yes,Active,Vegetarian,Never,Occasional,7,3,190,7.2,130,90,91.2,Middle,Low
7704,35,Female,Ahmedabad,19,No,Active,Non-Vegetarian,Former,Never,7,5,103,5.5,130,82,90.2,High,Low
7705,36,Male,Chennai,28.1,No,Sedentary,Non-Vegetarian,Current,Never,8,4,143,6.3,120,85,117.1,High,Moderate
7706,43,Male,Delhi,18.9,No,Active,Vegetarian,Never,Regular,6,9,138,6.5,140,90,86.7,Low,Low
7707,26,Male,Bengaluru,33.7,No,Sedentary,Vegetarian,Never,Never,8,6,114,5.5,140,76,132.7,High,Low
7709,46,Female,Bengaluru,32.3,No,Moderate,Non-Vegetarian,Never,Occasional,5.5,7,162,6.5,150,90,125,High,Low
7713,47,Male,Bengaluru,20.1,No,Active,Non-Vegetarian,Never,Never,8,5,168,6.5,140,74,96.8,,Low
7714,56,Female,Delhi,23.8,No,Moderate,Non-Vegetarian,Never,,7.5,7,151,6.6,130,96,97.5,Middle,Moderate
7718,40,Male,Hyderabad,18.2,No,Moderate,Vegetarian,Never,,5,9,216,8.2,144,92,85.7,High,Low
7721,49,Male,Delhi,22,No,Active,Vegetarian,Never,Occasional,7,4,113,5.8,135,92,99.2,Middle,Low
7724,46,Female,Chennai,21,Yes,Moderate,Non-Vegetarian,Never,Never,7,8,176,7.3,160,90,92.8,Low,High
7727,33,Female,Delhi,26.3,No,Moderate,Vegetarian,Current,Never,6.5,7,157,6.4,139,90,107.7,Middle,Low
7735,52,Female,Bhopal,26.7,No,Sedentary,Non-Vegetarian,Never,Never,7.5,6,189,7.5,154,90,104.5,Low,High
7736,34,Female,Bengaluru,16.7,No,Active,Non-Vegetarian,Never,Never,6,10,149,5.8,124,80,79.8,Low,Low
7737,18,Male,Bengaluru,25.1,No,Sedentary,Vegetarian,Never,Never,6,8,135,6.3,150,88,107.6,High,Low
7742,52,Female,Delhi,29.9,Yes,Sedentary,Non-Vegetarian,Never,Never,8,7,207,7.4,129,100,119.2,High,High
7746,44,Male,Hyderabad,17.5,Yes,Active,Non-Vegetarian,Never,Occasional,8,3,149,6.5,136,80,89.9,Middle,Low
7747,42,Male,Delhi,18.3,No,Active,Non-Vegetarian,Never,Regular,5.3,7,153,7.1,148,80,87.9,High,Low
7751,53,Male,Ahmedabad,24.1,No,Active,Non-Vegetarian,Never,Never,8,3,203,7.4,130,90,105.8,Middle,Moderate
7752,64,Female,Delhi,31.9,No,Sedentary,Vegetarian,Never,,8,6,280,9.8,160,100,117.4,High,High
7755,59,Male,Chennai,23.7,No,Sedentary,Non-Vegetarian,Never,Occasional,7.1,10,226,8,140,98,101,High,Moderate
7757,55,Male,Delhi,31.1,Yes,Sedentary,Vegetarian,Never,Never,7,8,183,7,150,92,126.1,Middle,Moderate
7761,44,Female,Hyderabad,18.6,No,Sedentary,Vegetarian,Never,Never,8,7,171,7.1,136,80,86.6,High,Low
7762,39,Female,Ahmedabad,17.6,Yes,Active,Vegetarian,Former,,8,3,155,6.2,110,79,86,Middle,Low
7764,60,Female,Delhi,24.2,No,Active,Non-Vegetarian,Current,Occasional,6.4,7,216,8.1,130,80,99.1,High,High
7769,40,Male,Ahmedabad,20.6,Yes,Active,Vegetarian,Never,Never,6,5,187,6.6,150,90,94.4,Middle,Low
7772,50,Male,Delhi,22.4,No,Active,Non-Vegetarian,Never,Never,7,6,179,7.1,140,90,104.5,Middle,Low
7773,47,Male,Hyderabad,22.5,No,Sedentary,Non-Vegetarian,Never,Never,6.2,6,170,6.8,130,86,102.5,High,Low
7776,53,Female,Hyderabad,25.5,Yes,Active,Non-Vegetarian,Never,Never,8,8,185,6.7,168,90,102.3,High,Moderate
7777,34,Male,Delhi,25.1,Yes,Moderate,Non-Vegetarian,Never,Occasional,6,8,133,6.1,141,80,108.9,High,Low
7780,32,Male,Delhi,19.6,Yes,Active,Non-Vegetarian,Never,Occasional,6,10,160,6.9,120,80,99.3,High,Low
7781,37,Male,Delhi,18.8,Yes,Active,Vegetarian,Never,Never,8,3,185,7.3,128,80,93,Middle,Low
7783,61,Male,Ahmedabad,23.3,No,Sedentary,Vegetarian,Current,,9,3,138,6.3,132,80,104.4,Middle,Low
7785,63,Male,Bengaluru,25.5,Yes,Moderate,Vegetarian,Never,Never,6.1,9,158,7.1,150,94,111.9,High,Moderate
7786,49,Female,Chennai,29.1,No,Moderate,Non-Vegetarian,Current,Occasional,7,10,170,7.3,154,110,111.3,,Moderate
7787,52,Female,Hyderabad,24.4,Yes,Active,Vegetarian,Former,,9,5,187,6.9,160,96,98.8,Middle,Moderate
7788,43,Female,Bengaluru,21.9,Yes,Moderate,Non-Vegetarian,Never,Occasional,7,6,179,6.6,150,80,96.6,High,Moderate
7791,64,Female,Bengaluru,21.7,No,Sedentary,Vegetarian,Never,,6,7,164,7.1,160,84,96.2,High,Moderate
7793,50,Female,Delhi,27,No,Moderate,Vegetarian,Former,,7,4,171,7,145,94,110.1,Middle,Moderate
7795,58,Male,Bengaluru,26.6,No,Active,Non-Vegetarian,Never,Never,8,8,216,7.5,150,100,110.9,Middle,Moderate
7796,52,Male,Delhi,20.4,No,Moderate,Non-Vegetarian,Never,Never,8,4,146,6.6,150,70,97.6,Middle,Low
7797,31,Female,Bhopal,23.6,No,Moderate,Non-Vegetarian,Never,Never,7,5,145,6.7,133,80,105.9,Middle,Low
7798,60,Female,Hyderabad,19.5,No,Sedentary,Non-Vegetarian,Never,Regular,6,8,154,7.1,160,90,88.9,High,Low
7802,46,Male,Chennai,20.1,No,Sedentary,Pescatarian,Never,Occasional,7,9,146,6.2,155,80,99.4,Middle,Low
7803,55,Female,Hyderabad,27.6,No,Sedentary,Non-Vegetarian,Never,Never,8,5,114,5.9,160,88,108.8,High,Low
7808,44,Female,Chennai,21,No,Active,Vegetarian,Never,Occasional,5.7,9,146,6.2,140,80,91.1,Middle,Low
7809,30,Male,Bengaluru,25,No,Moderate,Non-Vegetarian,Former,Never,6.5,8,119,6.4,124,86,111,,Low
7811,54,Female,Hyderabad,20.8,No,Active,Non-Vegetarian,Never,Occasional,8,3,129,6.2,140,84,93,Middle,Low
7817,46,Female,Hyderabad,25.5,No,Active,Vegetarian,Never,Never,7,5,135,6.5,160,100,102.7,Low,Low
7818,47,Female,Delhi,28.4,No,Sedentary,Non-Vegetarian,Never,Occasional,6,9,222,7.7,162,80,111.7,High,High
7819,35,Male,Ahmedabad,23.5,No,Moderate,Non-Vegetarian,Current,,7,5,120,6.1,130,80,95.4,Middle,Low
7821,56,Male,Ahmedabad,19.8,Yes,Active,Non-Vegetarian,Never,Occasional,7,2,187,6.9,130,90,95.4,Low,Moderate
7822,45,Male,Bengaluru,20.6,No,Moderate,Non-Vegetarian,Never,Never,9,3,164,6.7,126,80,98.8,Low,Low
7826,39,Female,Chennai,18.1,No,Active,Vegetarian,Current,,7,6,164,6.7,146,80,78.7,Middle,Low
7828,60,Female,Bengaluru,23.8,No,Sedentary,Non-Vegetarian,Never,,7,2,175,7.3,120,84,103,Middle,Moderate
7830,28,Female,Bengaluru,19.1,No,Sedentary,Vegetarian,,,8,9,201,7.6,134,80,88.2,Low,Moderate
7835,50,Female,Bhopal,27.6,No,Sedentary,Vegetarian,Current,Never,5.5,5,150,6.2,144,90,106.2,Low,Low
7836,48,Male,Hyderabad,28.1,Yes,Moderate,Vegetarian,Never,Occasional,8,5,179,6.9,127,90,117.4,High,Moderate
7837,50,Male,Ahmedabad,19.5,Yes,Active,Non-Vegetarian,Current,Never,7.9,5,139,6.1,140,80,90,High,Low
7844,44,Female,Bengaluru,16,Yes,Active,Vegetarian,Never,,7,7,173,6.7,140,80,82.1,Middle,Low
7846,34,Female,Hyderabad,20.5,Yes,Moderate,Non-Vegetarian,Former,,7,4,181,7,112,80,93.2,High,Moderate
7847,47,Female,Bengaluru,28.5,No,Sedentary,Vegetarian,Never,Occasional,7,7,124,6,140,88,112.7,Middle,Low
7848,55,Female,Bhopal,29.5,Yes,Sedentary,Non-Vegetarian,Former,Occasional,7,6,258,8.7,160,94,119.2,Middle,High
7849,48,Male,Chennai,29.7,No,Sedentary,Vegan,Never,Never,8,7,201,7.8,140,80,112.5,Middle,Moderate
7850,46,Male,Delhi,25.3,No,Sedentary,Non-Vegetarian,Never,Never,6,9,226,8,168,90,103.8,High,High
7851,35,Male,Ahmedabad,19,Yes,Active,Non-Vegetarian,Never,Never,7,8,133,6,140,76,93.5,Low,Low
7852,44,Female,Ahmedabad,21.3,Yes,Sedentary,Vegetarian,Never,,8,7,160,7.1,140,92,95.9,Low,Low
7855,36,Female,Ahmedabad,25.3,No,Active,Vegetarian,Current,Occasional,6,7,189,7.1,140,90,105,Middle,Low
7856,57,Male,Hyderabad,25.2,No,Sedentary,Non-Vegetarian,Never,Never,6,9,191,7.6,156,84,111.1,Middle,Moderate
7859,18,Male,Bengaluru,18.9,Yes,Active,Vegetarian,Former,Regular,6,5,98,5.4,127,84,95.3,Low,Low
7860,47,Male,Ahmedabad,19.2,Yes,Moderate,Vegetarian,Never,Occasional,5,6,238,9,138,80,93.4,Middle,High
7861,30,Male,Bengaluru,31.9,No,Sedentary,Non-Vegetarian,Current,Never,6,7,216,7.9,130,80,123.9,High,Moderate
7864,43,Female,Hyderabad,18.9,Yes,Moderate,Vegetarian,Current,,6,10,191,7.8,144,100,86.6,High,Moderate
7865,48,Male,Delhi,27.9,No,Sedentary,Non-Vegetarian,Never,Occasional,6.5,10,149,6.7,170,90,113.4,High,Low
7866,46,Male,Delhi,30,No,Sedentary,Non-Vegetarian,Never,Regular,7,7,183,7.1,120,84,120.5,Middle,Low
7867,49,Male,Ahmedabad,29.3,Yes,Sedentary,Non-Vegetarian,Never,Regular,11,3,171,6.8,130,90,120.6,Middle,Low
7868,46,Male,Ahmedabad,28.6,No,Sedentary,Vegetarian,Former,Occasional,8,7,185,7.3,157,84,115.4,Low,Moderate
7869,45,Female,Hyderabad,20.8,No,Active,Non-Vegetarian,Never,,7.3,5,189,7.3,144,95,89,Middle,Low
7872,33,Male,Bengaluru,20.6,No,Active,Vegetarian,Current,Never,7,5,140,6.1,118,78,93.1,Middle,Low
7873,20,Male,Bengaluru,23.2,No,Moderate,Vegetarian,Current,Never,8,9,119,5.8,143,90,100.8,Middle,Low
7875,24,Female,Hyderabad,18.4,No,Active,Non-Vegetarian,Never,,6.6,8,152,6.5,120,80,86.6,Middle,Low
7876,42,Male,Delhi,20.1,Yes,Sedentary,Non-Vegetarian,Never,Never,5,10,209,8,140,80,92.5,Middle,High
7877,42,Male,Delhi,25.2,Yes,Sedentary,Non-Vegetarian,Never,Never,8,5,201,7.9,140,84,111.1,High,Moderate
7878,47,Male,Bengaluru,19.6,Yes,Sedentary,Pescatarian,Former,,6.5,8,146,6.2,144,90,98.4,Middle,Low
7880,46,Male,Bhopal,37.4,Yes,Sedentary,Vegetarian,Never,Never,8.6,3,177,7.3,160,100,142.9,Middle,Moderate
7881,24,Male,Hyderabad,19.6,Yes,Active,Non-Vegetarian,Never,Occasional,8,10,115,5.6,140,80,93.2,,Low
7883,52,Female,Delhi,19,Yes,Active,Pescatarian,Never,Never,6.5,7,178,7.3,156,90,89.1,Middle,Low
7884,55,Male,Bengaluru,19.5,Yes,Sedentary,Non-Vegetarian,Never,,8,5,183,7,160,79,94.9,Middle,Low
7885,51,Male,Chennai,23.3,Yes,Active,Non-Vegetarian,Never,Never,6,7,138,5.8,150,80,102.7,High,Low
7887,39,Female,Bengaluru,23.4,No,Moderate,Non-Vegetarian,Current,,7.7,8,169,6.3,153,80,98.6,Middle,Low
7888,38,Female,Bhopal,22.4,No,Moderate,Non-Vegetarian,Never,Occasional,8,5,280,9.6,130,82,96.2,Middle,High
7891,60,Female,Bengaluru,22.8,Yes,Active,Vegetarian,Never,Occasional,8.5,7,216,8,150,92,96,Middle,High
7892,57,Male,Hyderabad,33.3,Yes,Sedentary,Non-Vegetarian,Never,Occasional,7,9,181,7.2,148,90,128.2,High,High
7893,42,Male,Chennai,18.8,Yes,Active,Vegetarian,Never,Never,7,6,232,8.3,151,70,90.4,High,High
7894,44,Female,Ahmedabad,19.7,No,Moderate,Vegetarian,Never,Never,9,3,186,8.2,140,80,92.4,High,Moderate
7895,34,Male,Delhi,24.4,Yes,Active,Vegetarian,Never,Never,6,4,179,7.8,144,76,104.3,Low,Moderate
7898,59,Female,Delhi,25.2,No,Active,Non-Vegetarian,,,8,4,160,7.3,152,76,100.9,Middle,Moderate
7902,35,Female,Bengaluru,22.8,No,Sedentary,Non-Vegetarian,,Occasional,7,8,154,6.3,124,84,100.1,High,Moderate
7905,34,Female,Delhi,22.2,Yes,Active,Vegetarian,Never,,6.5,6,161,6.4,120,94,99.2,,Low
7906,49,Male,Ahmedabad,24.4,Yes,Moderate,Non-Vegetarian,Never,Regular,8,6,174,6.9,154,90,104.9,Low,Low
7907,68,Male,Hyderabad,34.1,No,Moderate,Non-Vegetarian,Never,Occasional,6.4,5,175,7,172,95,128.6,Low,Moderate
7909,60,Male,Hyderabad,21.4,No,Active,Pescatarian,Current,Never,7,3,201,7,140,80,101.2,Low,Moderate
7910,50,Female,Bengaluru,25.6,No,Sedentary,Vegetarian,Never,,6.5,7,189,7.7,140,104,101,Middle,Moderate
7911,41,Male,Hyderabad,19.7,No,Active,Non-Vegetarian,Never,Regular,5,8,177,7,136,90,96.1,High,Low
7912,49,Male,Delhi,25.3,Yes,Active,Non-Vegetarian,Never,Never,6,9,149,6.9,130,100,108,High,Low
7915,46,Female,Hyderabad,17.2,No,Moderate,Vegetarian,Never,,5,6,162,6.8,138,82,82.7,Middle,Low
7917,49,Male,Hyderabad,26.4,No,Sedentary,Vegetarian,Never,Never,6,9,192,6.9,150,90,112.3,High,Moderate
7918,49,Female,Hyderabad,26.7,Yes,Active,Vegetarian,Current,,7,5,161,6.8,152,80,102.6,Low,Moderate
7921,30,Female,Bhopal,24.5,No,Active,Non-Vegetarian,Never,Occasional,8.5,7,171,7.1,136,84,107.1,Middle,Low
7922,35,Male,Bengaluru,21.8,No,Active,Vegan,Current,Never,7.5,10,149,6.3,148,100,101,High,Low
7923,41,Female,Hyderabad,23.7,Yes,Sedentary,Non-Vegetarian,Current,Occasional,7,9,190,7.5,132,82,100.4,Middle,High
7926,41,Male,Bhopal,32,Yes,Sedentary,Non-Vegetarian,Never,Never,8,5,211,7.4,152,100,120.3,Middle,Moderate
7927,38,Male,Ahmedabad,22.9,Yes,Sedentary,Non-Vegetarian,Never,Never,6,4,138,6.6,127,75,102.5,Low,Low
7929,47,Female,Bengaluru,30.5,No,Sedentary,Vegetarian,Never,Never,7,7,179,6.6,133,90,114.4,High,Low
7930,32,Female,Hyderabad,21.2,Yes,Moderate,Vegetarian,Former,Never,6,8,127,6.1,115,80,94.2,High,Low
7931,44,Male,Bengaluru,15.7,No,Moderate,Non-Vegetarian,Never,Never,8,6,164,6.2,140,90,84.6,High,Low
7933,46,Male,Bengaluru,21,No,Moderate,Non-Vegetarian,Former,Occasional,6.5,7,216,7.5,140,84,97.5,Low,High
7934,33,Female,Bengaluru,22.9,No,Active,Vegan,Never,,8.9,7,229,8.2,140,100,97,Middle,Moderate
7935,60,Female,Bengaluru,28.1,No,Sedentary,Vegetarian,Never,Occasional,5.8,4,173,6.8,160,94,109.4,,Moderate
7937,34,Female,Bengaluru,20.2,No,Active,Non-Vegetarian,Never,,6,8,117,5.6,128,83,90.6,Middle,Low
7939,33,Male,Bengaluru,15,No,Active,Vegetarian,Current,Never,6,7,142,6.2,140,100,81.6,Low,Low
7940,68,Male,Bengaluru,17.6,No,Moderate,Vegetarian,Never,Occasional,8,3,197,7.9,140,90,86.7,Middle,Moderate
7942,50,Male,Ahmedabad,20.8,Yes,Active,Non-Vegetarian,Never,Occasional,8.2,4,109,5.8,130,99,97.5,Middle,Low
7943,28,Female,Delhi,24.9,Yes,Moderate,Non-Vegetarian,Current,Regular,6.9,9,181,7.3,131,90,103.3,High,Moderate
7945,54,Female,Delhi,27.2,No,Sedentary,Non-Vegetarian,Never,,6,8,231,7.8,160,90,104.9,Middle,High
7948,44,Male,Ahmedabad,18.6,No,Moderate,Vegetarian,Current,Occasional,6.8,7,159,6.7,150,86,92.4,Middle,Low
7949,31,Female,Hyderabad,26,No,Moderate,Non-Vegetarian,Current,Occasional,6,8,214,8.3,150,86,104.2,Middle,High
7951,37,Male,Ahmedabad,22.8,No,Sedentary,Vegetarian,Former,Never,6.5,5,142,6.4,120,90,103.2,Middle,Low
7952,35,Male,Hyderabad,16.7,Yes,Moderate,Non-Vegetarian,Never,Occasional,8.4,5,114,5.9,140,90,90.8,Middle,Low
7953,46,Female,Bengaluru,24.9,No,Active,Non-Vegetarian,,Never,7,3,203,7.4,130,80,101.7,Low,High
7954,51,Male,Bengaluru,26.6,Yes,Sedentary,Vegetarian,Never,Regular,6.5,8,202,7.7,140,100,115.3,High,Moderate
7955,34,Female,Hyderabad,27.7,Yes,Active,Vegetarian,Never,,9,4,159,6.3,140,90,106.1,Middle,Low
7958,21,Female,Chennai,23.7,Yes,Moderate,Vegetarian,Never,Never,9,7,154,7.3,130,91,99.2,High,Low
7959,51,Female,Ahmedabad,15.1,Yes,Active,Non-Vegetarian,Never,Never,6,8,187,6.9,140,90,74.3,Low,Low
7960,63,Male,Delhi,22.8,No,Sedentary,Non-Vegetarian,Never,Occasional,8,3,170,6.6,140,100,99.7,Low,Low
7963,46,Female,Bengaluru,24.2,Yes,Moderate,Vegetarian,Never,Occasional,7,9,167,7.1,140,100,100,High,Low
7964,43,Female,Ahmedabad,20.6,No,Active,Vegetarian,Never,,9,1,91,5.4,140,71,87.9,Middle,Low
7965,47,Male,Delhi,21.9,No,Sedentary,Vegetarian,Current,,5,9,158,6.9,160,100,99,Middle,Low
7967,41,Male,Delhi,16.5,No,Active,Non-Vegetarian,Current,,9,5,157,6.6,130,93,88,Low,Low
7970,43,Female,Hyderabad,26.2,No,Active,Vegetarian,Former,Occasional,6,5,160,7,140,74,103.8,High,Low
7971,35,Male,Delhi,25.5,No,Sedentary,Non-Vegetarian,Never,Never,7,5,153,6.7,140,81,104.9,Middle,Low
7973,46,Male,Delhi,24.3,Yes,Sedentary,Vegetarian,Current,Occasional,6,8,158,6.3,136,100,110.4,Middle,Low
7977,47,Female,Delhi,21.6,No,Sedentary,Vegetarian,Former,Occasional,6.5,5,158,6.2,130,86,94,Middle,Low
7978,44,Female,Bhopal,25,No,Active,Pescatarian,Never,Occasional,8,5,131,6.1,130,90,101.4,Middle,Low
7979,62,Female,Chennai,19.6,Yes,Active,Vegetarian,Never,,6,5,202,7.4,140,82,84.5,Middle,Low
7980,42,Female,Delhi,25.4,Yes,Sedentary,Non-Vegetarian,Current,Occasional,7.3,5,268,8.5,135,80,104.2,,High
7982,51,Female,Hyderabad,21.2,No,Active,Non-Vegetarian,Never,Occasional,6,5,154,6.9,140,80,92.7,High,Low
7986,48,Female,Bengaluru,23.1,No,Sedentary,Non-Vegetarian,Never,Regular,7,6,159,5.9,140,90,94.4,Middle,Low
7987,56,Male,Bhopal,22.5,No,Moderate,Non-Vegetarian,Never,Never,7,4,143,6.3,130,80,102.8,Middle,Low
7988,51,Female,Chennai,23.1,No,Moderate,Non-Vegetarian,Former,,5.8,8,164,6.7,148,90,96.2,Middle,Moderate
7994,46,Male,Bengaluru,25,Yes,Active,Non-Vegetarian,Never,Occasional,7,8,172,7.1,140,78,113.3,Low,Low
7995,35,Male,Delhi,27.4,No,Sedentary,Vegetarian,Current,,6.9,6,195,7.6,152,80,110.2,High,Moderate
7996,18,Male,Chennai,17.4,No,Sedentary,Non-Vegetarian,Never,Occasional,8,10,111,5.6,126,90,88.4,High,Low
7997,53,Male,Delhi,21.4,Yes,Active,Pescatarian,Never,Never,7,8,171,7.1,130,90,99,Middle,Moderate
7998,38,Male,Hyderabad,27.9,No,Sedentary,Non-Vegetarian,Never,Occasional,8,6,178,7.2,134,84,118.9,High,Low
8000,35,Female,Bengaluru,21.5,No,Active,Vegetarian,Current,,8,7,186,6.9,143,84,90.9,Middle,Low
8001,40,Male,Hyderabad,18.7,Yes,Moderate,Vegetarian,Current,Never,7.5,7,181,7.1,140,80,92.7,Middle,Moderate
8002,46,Male,Bengaluru,25.2,No,Moderate,Non-Vegetarian,Former,Occasional,9,7,151,6.8,157,90,105.2,High,Low
8003,54,Female,Ahmedabad,31.7,Yes,Sedentary,Vegetarian,Current,,7,6,181,7.1,150,97,113.8,Low,Moderate
8012,43,Female,Ahmedabad,24.4,Yes,Sedentary,Vegetarian,Never,Occasional,7.4,7,125,6.3,140,96,98.6,High,Low
8014,43,Male,Bengaluru,21,No,Active,Vegetarian,Never,Never,8,5,196,7.3,140,78,99.1,Middle,Moderate
8015,56,Female,Delhi,23.2,No,Active,Vegetarian,Never,Never,8,6,191,7.1,150,90,96.6,Low,Moderate
8017,45,Male,Ahmedabad,19.4,No,Active,Non-Vegetarian,Former,Occasional,8,5,161,6.4,130,71,91.8,High,Low
8020,34,Female,Chennai,20.3,No,Active,Vegetarian,Never,Never,7,10,131,6,130,100,89.5,High,Low
8023,21,Female,Chennai,25,No,Active,Non-Vegetarian,Never,,7,7,101,5.4,140,86,99.5,High,Low
8024,41,Female,Delhi,21.4,Yes,Sedentary,Non-Vegetarian,Former,Never,8,5,159,6.7,147,90,93.4,Middle,Low
8026,62,Female,Chennai,18.9,No,Active,Vegetarian,Never,Regular,8,6,128,6.7,142,90,85.1,High,Low
8030,55,Male,Delhi,19.7,No,Moderate,Non-Vegetarian,Never,,6,9,133,6.3,146,81,94.5,High,Low
8031,36,Male,Bengaluru,23.4,No,Active,Vegetarian,Former,,9,9,153,6.2,130,80,105,Low,Low
8032,33,Male,Bengaluru,25.7,No,Active,Non-Vegetarian,Current,Never,5,4,141,5.8,130,92,110,High,Low
8036,40,Male,Hyderabad,24.3,No,Sedentary,Vegetarian,Never,Occasional,7,5,156,6.8,132,96,113.9,Middle,Low
8037,25,Female,Chennai,23.9,No,Active,Pescatarian,Never,Never,6.5,4,201,7.8,134,90,99.3,High,Low
8038,37,Male,Delhi,21.2,No,Sedentary,Vegetarian,Never,Occasional,7,8,214,7.9,160,90,97.6,High,Moderate
8040,22,Male,Hyderabad,17,Yes,Moderate,Non-Vegetarian,Never,Never,7,9,236,8.3,130,90,91.1,Middle,Moderate
8041,54,Female,Ahmedabad,27,No,Moderate,Vegetarian,Never,Never,8,4,142,6,150,92,105.2,Middle,Low
8044,35,Other,Ahmedabad,27.5,No,Moderate,Vegetarian,Never,Never,4,6,116,6.3,120,76,104.1,Low,Low
8045,49,Male,Ahmedabad,16.5,No,Active,Non-Vegetarian,Never,Never,11,4,270,9.1,140,81,84.5,Middle,High
8047,50,Female,Delhi,22.4,Yes,Moderate,Non-Vegetarian,Never,Occasional,7,5,154,6.8,120,80,97.2,Middle,Low
8048,53,Female,Bengaluru,24.5,No,Active,Vegetarian,Current,,5,9,147,6.9,160,100,100.4,High,Low
8051,34,Female,Delhi,21.6,Yes,Sedentary,Non-Vegetarian,Never,Occasional,6.5,9,183,7,130,90,92.2,Low,Moderate
8053,46,Female,Delhi,18.1,No,Active,Non-Vegetarian,Never,Never,7.8,7,147,6.5,137,80,86.6,High,Low
8060,47,Male,Hyderabad,24.2,Yes,Moderate,Non-Vegetarian,Current,Occasional,7.4,5,274,9,144,80,101,Middle,High
8063,47,Male,Chennai,26,No,Moderate,Vegetarian,Never,Occasional,7,8,164,7.1,141,94,105,High,Moderate
8064,35,Male,Delhi,25.9,No,Sedentary,Non-Vegetarian,Never,Never,8.4,6,142,6.1,126,80,109.8,High,Low
8065,32,Male,Bengaluru,21.3,No,Active,Vegetarian,Never,Regular,7.8,5,116,6.2,150,90,96.5,Low,Low
8068,41,Male,Hyderabad,19.9,No,Moderate,Non-Vegetarian,Never,Never,7,9,202,8,134,105,94.6,High,Moderate
8072,47,Male,Delhi,26,Yes,Sedentary,Non-Vegetarian,Never,Occasional,8,10,194,6.8,160,99,110.2,High,Moderate
8073,55,Female,Bengaluru,24.8,No,Sedentary,Non-Vegetarian,Never,,7.7,8,167,6.5,150,100,101.2,Middle,Low
8074,43,Female,Bengaluru,29,Yes,Sedentary,Non-Vegetarian,Former,,7,5,131,5.9,130,90,117.3,Low,Low
8076,56,Female,Delhi,24,Yes,Sedentary,Vegetarian,Never,,8.5,5,187,7.2,125,74,98.2,Middle,Moderate
8077,63,Male,Bhopal,27.8,Yes,Moderate,Non-Vegetarian,Never,Regular,8,6,139,6.2,150,80,109.7,Middle,Low
8080,37,Female,Ahmedabad,18.9,No,Active,Non-Vegetarian,Current,,7,5,98,5.2,140,80,88.1,Middle,Low
8081,42,Female,Chennai,23.2,No,Moderate,Vegetarian,Never,Never,9,7,247,8.5,120,80,97.2,High,High
8086,49,Female,Bhopal,23.2,No,Moderate,Vegetarian,Current,,9.5,5,141,5.8,140,78,98,Middle,Low
8093,44,Male,Hyderabad,20.8,Yes,Moderate,Non-Vegetarian,Never,,8,5,139,6.1,130,80,97.9,High,Low
8095,36,Female,Bengaluru,20.9,Yes,Active,Vegetarian,Current,,8,5,233,8.5,130,81,90.2,Middle,High
8097,40,Male,Chennai,21.9,No,Moderate,Vegetarian,Never,Never,7,5,153,6.6,132,80,104,Middle,Moderate
8101,18,Male,Bengaluru,20.9,No,Active,Vegetarian,Current,Never,8,9,143,6.3,130,93,101.6,Middle,Low
8106,35,Female,Delhi,17.8,No,Active,Vegetarian,Never,,5,7,198,7.8,115,100,84.2,High,Moderate
8108,36,Male,Bengaluru,19.4,No,Active,Vegetarian,Never,Occasional,8,7,147,6.1,142,80,96.9,,Low
8109,37,Female,Delhi,23.7,No,Active,Non-Vegetarian,Current,Never,8,6,143,6.5,120,78,99.4,High,Low
8110,57,Female,Bengaluru,35.4,Yes,Sedentary,Non-Vegetarian,Current,,7,10,210,8.3,180,101,129.5,High,High
8114,42,Male,Bengaluru,18.1,No,Moderate,Non-Vegetarian,Never,Never,6,7,126,5.8,122,96,91,Middle,Low
8116,54,Female,Chennai,27.6,No,Sedentary,Non-Vegetarian,Never,Never,7,10,165,7.1,150,100,113,High,Moderate
8117,42,Female,Ahmedabad,18.2,No,Moderate,Vegetarian,Never,Occasional,7,3,204,7.2,138,80,89.5,Low,Low
8119,58,Male,Chennai,25.1,No,Sedentary,Non-Vegetarian,Current,Occasional,9.5,9,168,6.7,156,102,105.9,High,Moderate
8120,57,Other,Hyderabad,20.4,No,Moderate,Vegetarian,Never,Occasional,8.2,4,188,6.7,140,90,88.7,Middle,Moderate
8122,44,Male,Ahmedabad,30.7,Yes,Moderate,Vegetarian,Never,Never,7,5,144,6.8,150,90,120.4,High,Low
8127,48,Male,Delhi,31.3,No,Sedentary,Vegetarian,Former,Never,6,5,156,6.2,140,86,123,Middle,Low
8129,55,Male,Chennai,20.1,Yes,Sedentary,Vegetarian,Current,Occasional,8.4,10,221,7.3,156,100,88.3,High,High
8133,38,Male,Delhi,25.6,No,Active,Vegetarian,Current,Never,7.2,7,117,6.3,140,82,113.6,High,Low
8135,36,Female,Delhi,21.9,Yes,Sedentary,Vegetarian,Never,,9,4,152,6.6,130,80,97.4,High,Low
8143,47,Female,Delhi,23.3,Yes,Sedentary,Non-Vegetarian,Current,Occasional,9,8,149,5.8,144,90,97.2,Middle,Low
8148,40,Male,Delhi,15.5,No,Moderate,Vegetarian,Never,Occasional,6,7,165,6.6,120,72,83,High,Low
8150,38,Female,Delhi,21.1,No,Moderate,Non-Vegetarian,Never,,5.5,9,199,7.4,150,80,90.8,Middle,Moderate
8151,39,Male,Ahmedabad,20,Yes,Moderate,Non-Vegetarian,Never,Never,8,3,112,5.7,127,70,95.6,,Low
8155,39,Male,Bengaluru,26.9,Yes,Moderate,Non-Vegetarian,Never,Never,6.8,7,115,5.7,136,90,108.3,High,Low
8162,39,Female,Chennai,21,No,Active,Non-Vegetarian,Current,Never,8,4,183,7.3,130,84,89.7,Middle,Low
8163,56,Male,Ahmedabad,23.8,No,Moderate,Non-Vegetarian,Current,Never,6.9,3,157,7,145,82,104,High,Low
8164,47,Male,Hyderabad,25.1,No,Active,Non-Vegetarian,Never,Occasional,7,5,154,6.8,140,90,109.4,Middle,Moderate
8165,24,Male,Hyderabad,21.3,Yes,Active,Non-Vegetarian,Never,Never,8,4,98,5,107,70,95.4,Middle,Low
8168,37,Female,Ahmedabad,17.8,Yes,Active,Non-Vegetarian,Never,Occasional,5.9,5,139,6.1,140,80,87.4,Middle,Low
8170,53,Female,Chennai,24.6,No,Sedentary,Non-Vegetarian,Never,Never,8,5,164,6.6,150,90,98.8,Low,Low
8174,56,Male,Delhi,18.8,No,Active,Vegan,Current,,8.5,8,164,6.7,150,110,90.4,High,Moderate
8176,36,Male,Ahmedabad,19.7,No,Active,Non-Vegetarian,Never,Never,8,3,101,5.4,126,70,88.5,Low,Low
8178,32,Female,Hyderabad,17.8,No,Active,Non-Vegetarian,Current,,6,5,109,5.8,120,80,85.6,Middle,Low
8181,18,Female,Delhi,23.9,No,Sedentary,Non-Vegetarian,Current,,5.5,7,140,6.1,132,68,94.4,Low,Low
8182,52,Male,Delhi,22.9,Yes,Active,Non-Vegetarian,Never,Occasional,6.5,8,143,6.5,132,92,102.2,High,Low
8183,65,Female,Delhi,19.7,Yes,Moderate,Vegetarian,Never,,7,8,222,7.7,156,84,94.4,High,Moderate
8184,48,Male,Delhi,31.1,Yes,Moderate,Vegetarian,Never,Regular,7,7,144,6.3,160,80,124.2,Low,Moderate
8189,44,Female,Bengaluru,25.5,Yes,Sedentary,Non-Vegetarian,Never,,7,8,252,8.8,150,89,97.9,High,High
8190,62,Female,Ahmedabad,25,No,Sedentary,Non-Vegetarian,Never,,8.5,7,183,7.7,160,96,102.5,High,Moderate
8193,49,Male,Hyderabad,22.5,Yes,Sedentary,Non-Vegetarian,Never,Never,9,7,165,6.7,150,90,98.7,Middle,Low
8195,48,Female,Hyderabad,22.9,No,Moderate,Vegetarian,Current,,6.4,7,152,6.4,134,87,96.8,Middle,Low
8198,23,Male,Chennai,21,No,Sedentary,Vegetarian,Never,Regular,6,8,148,6.3,130,94,101.6,High,Low
8199,25,Female,Hyderabad,24.5,No,Sedentary,Non-Vegetarian,Never,Occasional,8,8,174,6.5,136,82,96.1,High,Low
8200,48,Female,Delhi,22.7,No,Moderate,Non-Vegetarian,Current,Regular,10,3,146,6.4,136,90,97.5,Middle,Low
8202,38,Male,Bengaluru,23.1,Yes,Moderate,Non-Vegetarian,Current,Occasional,9,5,166,6.6,130,92,106.5,Middle,Low
8203,45,Female,Hyderabad,28,No,Active,Vegetarian,Never,Never,7,6,230,7.8,140,81,107.8,Middle,High
8214,31,Male,Hyderabad,24.7,No,Moderate,Non-Vegetarian,Current,Occasional,9.5,4,167,6.8,120,80,102.3,Low,Low
8216,48,Male,Chennai,18.5,Yes,Active,Pescatarian,Never,Occasional,9,5,137,5.8,150,90,89.2,Middle,Low
8217,40,Female,Chennai,24.8,No,Active,Non-Vegetarian,Never,Occasional,5.5,5,191,7,151,100,102,High,Low
8220,48,Female,Delhi,22,No,Sedentary,Non-Vegetarian,Never,Never,6,7,129,6.2,130,90,95,High,Low
8222,43,Male,Ahmedabad,22.6,No,Moderate,Non-Vegetarian,Never,Never,8,4,156,6.8,135,90,101,High,Low
8223,47,Female,Chennai,21.3,No,Moderate,Vegetarian,Former,,6,10,184,7.5,140,86,89.8,Middle,Moderate
8224,45,Female,Chennai,25,Yes,Active,Non-Vegetarian,Former,Never,7,6,116,6,130,90,100.8,Middle,Low
8228,31,Female,Bengaluru,22.1,No,Active,Non-Vegetarian,Never,Never,8,3,118,5.7,116,72,93,Low,Low
8233,32,Male,Bengaluru,21.6,Yes,Sedentary,Vegetarian,Never,Never,4.8,8,111,5.7,124,80,96.2,High,Low
8234,40,Male,Ahmedabad,21.6,No,Sedentary,Pescatarian,Never,Regular,7,3,116,6.1,132,86,101.3,Middle,Low
8238,48,Female,Delhi,16.5,Yes,Active,Non-Vegetarian,Former,Never,6,6,138,6.5,150,84,81.8,Middle,Low
8239,40,Male,Delhi,28.3,No,Sedentary,Non-Vegetarian,Never,Never,7.4,5,131,6.1,124,70,117.7,Middle,Low
8240,31,Female,Hyderabad,17.3,No,Active,Non-Vegetarian,Current,Occasional,7.3,4,196,7.2,120,72,81.6,Middle,Low
8241,45,Female,Ahmedabad,28.2,No,Moderate,Non-Vegetarian,Never,,6,8,182,7,144,90,110.9,Middle,Low
8242,45,Female,Ahmedabad,22.8,No,Active,Non-Vegetarian,Never,Never,6.3,8,157,6.7,140,80,93,Middle,Low
8245,54,Female,Delhi,31.7,No,Sedentary,Non-Vegetarian,Never,Occasional,6.3,6,139,6,148,88,111,Middle,Low
8252,38,Female,Bengaluru,22.9,Yes,Sedentary,Non-Vegetarian,Former,Never,6,9,168,7.1,140,88,97.1,Middle,Low
8255,57,Female,Delhi,26.9,No,Sedentary,Non-Vegetarian,,,7,4,177,6.7,130,84,109.1,Middle,Low
8256,41,Male,Ahmedabad,21.5,No,Active,Non-Vegetarian,Never,Never,6,8,118,6.1,133,80,102.6,Low,Low
8258,46,Female,Chennai,20.2,No,Moderate,Non-Vegetarian,Current,Never,7,5,120,6.1,146,80,94.4,Low,Low
8262,35,Male,Delhi,28.1,Yes,Moderate,Non-Vegetarian,Never,Occasional,6,4,177,6.7,140,94,108.8,Middle,Moderate
8266,39,Female,Delhi,29.4,No,Moderate,Non-Vegetarian,Never,,5.6,10,148,6.4,150,88,118.2,High,Low
8269,57,Female,Hyderabad,24.6,No,Sedentary,Non-Vegetarian,Never,Occasional,5.8,6,149,6.2,155,100,107.1,Low,Low
8270,50,Male,Delhi,24.6,Yes,Moderate,Non-Vegetarian,Never,Never,5,5,182,6.9,148,80,106.2,Middle,Moderate
8272,32,Female,Bengaluru,22.8,No,Moderate,Non-Vegetarian,Never,Never,8,7,182,7.3,130,82,100.1,Low,Low
8273,54,Female,Delhi,26.9,No,Moderate,Non-Vegetarian,Current,Occasional,8,9,213,7.6,168,100,111.7,Middle,High
8276,50,Female,Ahmedabad,15.7,No,Active,Vegetarian,Former,,7.5,5,90,5.1,127,75,80.4,Middle,Low
8277,19,Male,Hyderabad,20.8,Yes,Active,Vegetarian,Never,Never,5,7,166,7.2,112,92,96.6,Middle,Low
8281,66,Male,Bengaluru,24.9,No,Sedentary,Non-Vegetarian,Never,Never,6,9,209,7.3,158,93,105,High,High
8282,35,Male,Bhopal,17.7,No,Moderate,Non-Vegetarian,Never,Occasional,8,8,139,6.4,130,90,92,Low,Low
8283,52,Male,Delhi,18.2,No,Active,Non-Vegetarian,Never,Never,5.7,6,213,7.3,140,76,87.9,Low,Low
8284,18,Male,Hyderabad,18.6,No,Moderate,Vegetarian,Never,Occasional,6.6,8,102,5.5,134,80,93.6,Middle,Low
8285,31,Female,Bengaluru,22,No,Moderate,Vegetarian,Never,Never,7,9,196,7,140,100,95.4,Middle,Low
8286,45,Female,Bhopal,24.9,No,Moderate,Vegan,Never,Never,9,3,103,5.3,130,84,101.3,Middle,Low
8291,42,Female,Delhi,25.4,No,Moderate,Non-Vegetarian,Never,,7.4,3,150,6.3,122,80,104.8,Middle,Low
8293,47,Male,Chennai,25.6,No,Moderate,Vegetarian,Former,Never,8,4,145,6.3,125,88,114.5,Middle,Low
8294,30,Male,Chennai,26,No,Active,Non-Vegetarian,Never,,7,8,164,7,146,84,109.9,Middle,Low
8295,42,Male,Bengaluru,22.7,No,Sedentary,Non-Vegetarian,Never,Regular,6,7,161,6.9,140,91,99.8,Middle,Low
8296,31,Female,Chennai,20.1,Yes,Sedentary,Non-Vegetarian,Never,Regular,6,10,174,6.7,138,80,91.4,High,Low
8298,52,Female,Chennai,23.9,No,Moderate,Vegan,Never,,8,6,138,6.3,140,90,101.7,High,Low
8300,50,Female,Ahmedabad,21.9,No,Active,Non-Vegetarian,Never,Never,8,4,103,5.7,140,87,97.3,Middle,Low
8306,52,Male,Hyderabad,23.2,No,Moderate,Vegetarian,Current,Occasional,7,5,126,5.4,138,84,101.6,Middle,Low
8307,36,Female,Bengaluru,18.2,No,Active,Pescatarian,Current,Occasional,6.4,7,134,5.9,134,80,89.2,Low,Low
8308,42,Male,Delhi,17.7,Yes,Active,Non-Vegetarian,,Occasional,8,10,155,6.4,150,100,87.5,High,Low
8309,52,Female,Chennai,20.8,No,Active,Non-Vegetarian,Never,Occasional,7,7,144,6.7,150,76,95.8,Low,Low
8310,63,Male,Bengaluru,23.5,No,Sedentary,Non-Vegetarian,Current,Never,7,4,183,7.4,150,90,105.2,Middle,Moderate
8311,45,Male,Ahmedabad,18.2,No,Moderate,Vegetarian,Former,Never,7,7,146,6.1,134,84,85.4,High,Low
8312,24,Female,Bhopal,17.3,No,Active,Non-Vegetarian,Current,Never,8,4,94,5.8,130,72,81.8,High,Low
8316,35,Female,Bengaluru,17,No,Moderate,Non-Vegetarian,Never,,7,10,155,7,133,82,82.3,High,Moderate
8321,19,Female,Ahmedabad,25.3,No,Active,Vegetarian,Never,,7,3,138,6.1,117,82,101.1,Middle,Low
8322,38,Male,Delhi,22.5,Yes,Moderate,Vegetarian,Current,Never,6,7,149,6.3,130,90,102.9,High,Low
8323,36,Male,Chennai,21.3,No,Moderate,Vegetarian,Current,Never,6,6,146,6.1,140,70,100.3,Low,Low
8324,39,Male,Delhi,20,No,Moderate,Vegetarian,Never,Occasional,7,6,113,6,148,80,98,Middle,Low
8326,39,Female,Bengaluru,26.9,No,Moderate,Non-Vegetarian,Never,Never,8,4,158,7,140,80,110.3,High,Low
8327,62,Female,Bengaluru,16.6,No,Active,Non-Vegetarian,Current,,7,5,129,6.1,128,92,84.1,Middle,Low
8329,67,Female,Ahmedabad,25.8,No,Sedentary,Non-Vegetarian,,Regular,8,6,174,6.8,148,88,105.1,Middle,High
8330,46,Female,Bengaluru,22.6,Yes,Active,Non-Vegetarian,Never,,7,7,177,7.1,132,80,95.2,Low,Moderate
8331,38,Male,Chennai,28.2,No,Moderate,Vegan,Never,,7,7,156,6.5,150,80,117.8,High,Low
8335,41,Male,Bengaluru,22.5,No,Sedentary,Vegetarian,Never,Never,9,8,179,6.5,133,90,103,High,Low
8336,45,Male,Bengaluru,16.4,No,Active,Vegetarian,Never,Never,7,6,140,6.2,118,90,86.8,Low,Low
8337,48,Male,Ahmedabad,20.9,Yes,Sedentary,Vegetarian,Never,Never,6.5,3,268,9.8,148,90,98.8,Low,High
8338,35,Female,Bhopal,17.9,Yes,Active,Non-Vegetarian,Never,Never,8.4,6,142,6.4,130,80,88.3,Middle,Low
8339,46,Male,Bengaluru,27.1,Yes,Moderate,Non-Vegetarian,Never,Occasional,8,4,183,7.3,136,86,109.3,Middle,Moderate
8340,60,Female,Bengaluru,26.2,No,Sedentary,Non-Vegetarian,Never,,8,4,184,6.7,168,90,102.6,Low,Moderate
8341,56,Female,Delhi,27.2,Yes,Sedentary,Non-Vegetarian,Never,,10,4,165,7.1,140,100,104.6,Middle,Moderate
8342,55,Female,Hyderabad,18.7,No,Moderate,Non-Vegetarian,Never,Occasional,8,7,127,6.1,150,80,85.8,High,Low
8343,27,Male,Delhi,27.5,Yes,Sedentary,Non-Vegetarian,Current,Occasional,6,10,161,6.4,140,76,114.2,High,Moderate
8348,46,Female,Delhi,24.9,No,Sedentary,Non-Vegetarian,Current,Never,7.2,6,207,7.5,156,86,104.3,,Moderate
8352,57,Female,Bengaluru,20.5,Yes,Moderate,Non-Vegetarian,Former,,7,8,196,7.1,147,98,90.8,Middle,Moderate
8354,50,Female,Bengaluru,27.9,Yes,Sedentary,Pescatarian,Current,Never,7,6,165,6.4,160,82,109.7,High,Low
8355,36,Female,Delhi,17.6,No,Sedentary,Vegetarian,Never,Never,7,6,102,5.6,116,75,87.3,Middle,Low
8356,63,Female,Bhopal,23,No,Moderate,Vegetarian,Never,,8,6,173,7,150,90,97.6,,Moderate
8357,45,Female,Chennai,16.2,No,Active,Vegetarian,Never,,8,8,161,6.6,128,85,80.6,Middle,Low
8359,56,Female,Bengaluru,24.6,No,Sedentary,Non-Vegetarian,Never,Never,6,8,172,6.8,140,90,94.2,Low,Low
8360,55,Female,Chennai,20.4,No,Active,Pescatarian,Never,Never,6,5,163,7.5,150,104,92.1,,Moderate
8361,49,Female,Delhi,29.3,Yes,Sedentary,Non-Vegetarian,Never,,7.1,7,209,7,140,72,111.5,Low,Moderate
8365,51,Male,Hyderabad,21.9,No,Active,Vegetarian,Never,,8,7,163,6.4,140,74,101.1,Middle,Low
8366,48,Female,Chennai,29.9,Yes,Moderate,Vegetarian,Never,Never,9,9,169,7.4,168,99,117,Middle,Moderate
8369,20,Female,Delhi,29.1,No,Moderate,Vegetarian,Never,,6.9,6,147,6.3,133,100,111.6,Low,Low
8370,60,Male,Chennai,22.4,Yes,Moderate,Non-Vegetarian,Never,Never,7,6,176,8,144,90,97.3,Middle,High
8371,41,Female,Hyderabad,21.2,No,Moderate,Vegetarian,Never,Never,7.5,9,157,6.4,152,100,94.8,Low,Low
8372,45,Male,Bengaluru,25.4,No,Active,Vegetarian,Never,Never,6,10,176,6.5,156,100,110.1,High,Moderate
8373,56,Female,Ahmedabad,24.7,Yes,Active,Non-Vegetarian,Never,Never,5.8,7,346,9.7,150,83,102.1,Middle,High
8374,25,Male,Bhopal,25.9,No,Moderate,Non-Vegetarian,Never,Never,7,7,117,6,134,90,112.9,Middle,Low
8375,51,Male,Bhopal,20.6,No,Active,Vegetarian,Current,Never,8,4,100,5.9,156,90,96.7,Middle,Low
8376,47,Female,Bengaluru,23.9,No,Active,Vegetarian,Never,Never,7.5,5,139,6.1,132,78,97.7,Middle,Low
8379,48,Male,Delhi,19.1,No,Moderate,Non-Vegetarian,Never,Occasional,9,4,157,6.9,140,80,91.2,Low,Low
8382,48,Male,Ahmedabad,20.6,No,Active,Vegetarian,Former,,5,7,136,6.1,140,84,99,Middle,Low
8383,59,Male,Bengaluru,22.1,Yes,Sedentary,Non-Vegetarian,Never,Never,9,7,148,6.4,150,83,105.9,Low,Low
8385,61,Female,Delhi,17.8,No,Active,Vegetarian,Never,,7,7,235,8.4,148,84,80.4,High,High
8386,37,Male,Delhi,17.3,No,Active,Vegetarian,,,6.5,8,202,7.3,132,100,87.5,High,Moderate
8390,38,Female,Bengaluru,21.9,No,Sedentary,Vegetarian,Never,Never,7.5,8,119,6,144,82,87.2,Middle,Low
8391,60,Female,Ahmedabad,22.9,Yes,Moderate,Non-Vegetarian,Former,,9,9,173,6.9,144,94,90.2,Low,Moderate
8392,62,Male,Chennai,23.6,No,Sedentary,Vegetarian,Current,Occasional,6,5,196,6.6,140,85,110.4,Middle,Moderate
8396,43,Male,Chennai,18.6,Yes,Moderate,Non-Vegetarian,Never,Occasional,7,7,138,6.2,150,78,89.3,Middle,Low
8397,45,Male,Bengaluru,20.2,Yes,Moderate,Non-Vegetarian,Current,Occasional,5,8,166,7.3,130,90,94.1,Middle,Low
8398,56,Male,Chennai,26.1,No,Sedentary,Vegetarian,Never,Regular,9,8,198,7.8,150,100,110.2,High,High
8400,63,Male,Delhi,20.9,Yes,Sedentary,Vegetarian,Former,Occasional,7,8,161,6.7,166,90,98,High,Low
8401,54,Male,Bengaluru,25.2,Yes,Moderate,Non-Vegetarian,Never,,7,5,222,8.2,140,100,108.3,High,Moderate
8402,35,Male,Bengaluru,26,Yes,Moderate,Non-Vegetarian,Never,Never,6.8,9,178,7.4,148,80,108.4,High,Low
8405,30,Female,Hyderabad,21.3,No,Moderate,Non-Vegetarian,Never,Occasional,5.6,6,177,6.3,128,80,89.3,Low,Low
8407,31,Female,Bengaluru,28,No,Sedentary,Non-Vegetarian,Never,Never,8,10,174,6.6,140,96,105.5,High,Low
8408,32,Female,Ahmedabad,22.6,No,Moderate,Non-Vegetarian,Never,Regular,9,1,180,7.5,120,90,92.6,Low,Low
8409,48,Female,Delhi,24.9,No,Active,Vegetarian,Never,,6,5,154,6.2,140,90,103.9,Middle,Low
8411,48,Male,Hyderabad,23.7,Yes,Sedentary,Non-Vegetarian,Never,Never,5,9,234,8.1,142,84,105.5,Middle,High
8412,38,Female,Hyderabad,17.6,No,Moderate,Non-Vegetarian,Current,,7,6,156,7.2,122,79,85.6,Middle,Low
8416,41,Female,Bengaluru,15,No,Active,Non-Vegetarian,Never,,7,6,162,7.3,148,80,82.7,Middle,Low
8418,62,Female,Hyderabad,23.6,No,Sedentary,Vegetarian,Never,Occasional,7.5,7,219,7.5,147,90,100.8,Middle,High
8419,50,Female,Hyderabad,27.7,Yes,Active,Vegetarian,Never,,6,7,195,7.2,160,90,105.6,Middle,Moderate
8420,52,Male,Bengaluru,22.4,No,Sedentary,Non-Vegetarian,Never,Regular,8,8,182,7.4,120,100,106.4,High,Moderate
8424,42,Male,Delhi,16.4,No,Moderate,Vegetarian,Never,Never,9,7,115,5.8,140,76,88.2,Middle,Low
8425,49,Female,Hyderabad,20.8,No,Moderate,Non-Vegetarian,Never,Occasional,8.1,5,156,6.9,156,90,89.9,Low,Moderate
8426,53,Female,Bengaluru,19.9,No,Sedentary,Non-Vegetarian,Never,,7,5,172,7.2,150,70,85.3,High,Low
8429,30,Male,Delhi,18.8,Yes,Active,Non-Vegetarian,Never,Never,8.5,5,140,6,134,70,91,Middle,Low
8433,43,Male,Delhi,22.9,Yes,Sedentary,Non-Vegetarian,Never,Never,8,6,185,7.8,160,80,100.4,Middle,Moderate
8435,54,Male,Chennai,21.1,No,Moderate,Pescatarian,Never,Regular,6.9,3,119,5.5,120,89,100.4,Middle,Low
8439,42,Male,Hyderabad,19.1,No,Active,Non-Vegetarian,Never,Regular,8,5,103,5.6,140,86,94.5,Low,Low
8441,37,Female,Hyderabad,19.3,Yes,Active,Non-Vegetarian,Never,,7,6,146,6.5,144,90,89.3,Middle,Low
8442,34,Female,Delhi,18.4,No,Moderate,Pescatarian,Never,Never,5.5,6,152,6.8,136,70,84.6,Middle,Low
8444,38,Male,Delhi,27.4,Yes,Sedentary,Vegetarian,Current,Never,7,8,202,7.9,132,92,114.3,High,High
8446,43,Female,Hyderabad,19.4,Yes,Active,Vegetarian,Never,,7,7,157,6.3,140,88,91.3,Middle,Low
8450,58,Male,Bengaluru,20.1,No,Sedentary,Non-Vegetarian,Current,Occasional,6,6,163,6.5,140,80,100.2,Middle,Low
8451,28,Female,Bengaluru,16.7,Yes,Active,Vegetarian,Never,Never,8,5,166,6.9,120,90,82.3,Low,Low
8453,44,Female,Delhi,25.4,Yes,Sedentary,Vegetarian,Never,Never,6,6,185,6.9,146,100,101.3,Low,Low
8458,57,Female,Delhi,24.7,No,Active,Vegetarian,Never,Occasional,7,6,166,6.4,160,90,98.7,High,Low
8459,43,Female,Hyderabad,15,Yes,Active,Vegetarian,Never,,6,5,182,7.3,130,80,76.6,Low,Low
8460,30,Male,Delhi,29.2,No,Moderate,Non-Vegetarian,Never,Never,7,4,184,7,140,84,119.8,Middle,Low
8461,51,Female,Delhi,25.8,No,Sedentary,Non-Vegetarian,Never,,9,4,160,6.6,150,90,100.6,Middle,Low
8464,31,Female,Bengaluru,15,Yes,Active,Non-Vegetarian,Never,Never,8,7,190,7.8,136,71,77.6,High,Moderate
8465,41,Male,Delhi,22.7,Yes,Moderate,Non-Vegetarian,Current,,7,10,246,9,140,79,99.6,Middle,High
8466,56,Female,Delhi,29.7,No,Sedentary,Non-Vegetarian,Current,Occasional,6.5,8,258,8.6,170,96,115.3,Middle,High
8467,46,Female,Chennai,24.1,Yes,Sedentary,Vegetarian,Never,Occasional,6,7,151,6.6,140,80,100.7,High,Low
8469,32,Male,Delhi,23.2,Yes,Moderate,Vegetarian,Never,Occasional,8,6,148,6.5,150,80,102.7,High,Low
8470,44,Female,Bengaluru,22.2,Yes,Active,Non-Vegetarian,Never,Occasional,7,7,146,6.3,128,92,95.3,Low,Low
8473,54,Male,Delhi,31.5,Yes,Sedentary,Vegan,Never,Never,6,6,208,8.8,136,80,120.5,Low,High
8474,50,Male,Hyderabad,28.3,No,Moderate,Non-Vegetarian,Never,Regular,7,10,175,6.6,150,96,117.6,Low,Low
8477,54,Male,Delhi,35.8,No,Sedentary,Vegetarian,Never,Occasional,5.8,9,198,7.9,160,80,134.9,High,High
8478,29,Female,Hyderabad,25,Yes,Active,Non-Vegetarian,Current,,8,2,118,5.4,104,86,99.7,Middle,Low
8480,28,Female,Chennai,15,No,Active,Non-Vegetarian,Never,Never,6.4,5,130,6.6,130,90,79.8,Middle,Low
8485,31,Female,Delhi,24,No,Moderate,Vegetarian,Never,,7,8,117,5.8,125,78,103.9,High,Low
8486,50,Male,Hyderabad,24.9,Yes,Moderate,Non-Vegetarian,,Never,5,7,165,6.5,150,80,110.2,Middle,Low
8490,41,Female,Ahmedabad,18.8,Yes,Active,Non-Vegetarian,Never,Never,7.3,6,157,6.5,145,80,89.9,Low,Low
8491,38,Male,Ahmedabad,27.7,No,Sedentary,Non-Vegetarian,Never,Occasional,8,5,145,6.1,130,82,114.2,Low,Low
8492,58,Female,Ahmedabad,21.3,Yes,Sedentary,Non-Vegetarian,Never,Never,7,7,184,7.8,149,93,94.7,Low,High
8494,47,Male,Bengaluru,26,Yes,Sedentary,Non-Vegetarian,Never,,6.2,5,144,6.9,136,87,103,Low,Low
8496,40,Male,Delhi,19.3,No,Moderate,Non-Vegetarian,Never,Never,6.9,7,310,10.6,130,94,93.9,Middle,High
8498,40,Male,Delhi,15.8,No,Active,Vegetarian,Never,Occasional,8,7,200,6.7,130,80,86.4,High,Low
8499,29,Male,Ahmedabad,17.3,Yes,Moderate,Non-Vegetarian,Never,Never,6,7,164,6.2,136,77,88.8,Middle,Low
8501,22,Female,Hyderabad,21.8,No,Active,Vegetarian,Never,Occasional,9,5,112,5.6,120,84,95,Middle,Low
8502,56,Male,Chennai,21.3,No,Active,Vegetarian,Never,Never,8,6,183,7.1,150,90,100.6,Middle,Low
8503,29,Male,Delhi,25.6,No,Sedentary,Non-Vegetarian,Never,Never,7.2,7,156,6.2,130,90,111.6,Middle,Low
8504,54,Male,Bengaluru,26.7,No,Moderate,Non-Vegetarian,Current,Never,6,7,171,6.4,160,88,111.3,High,Low
8505,29,Male,Ahmedabad,23.8,Yes,Sedentary,Non-Vegetarian,Never,Occasional,8,3,182,6.4,110,80,102.5,Middle,Low
8506,48,Male,Bengaluru,27,No,Moderate,Non-Vegetarian,Never,Never,9,1,262,9,150,94,114.9,Low,High
8508,32,Female,Hyderabad,24.1,Yes,Active,Vegetarian,Never,Occasional,8,6,223,8.1,140,90,94.2,Middle,High
8518,43,Female,Ahmedabad,16.9,No,Active,Pescatarian,Never,Never,7.5,3,72,5.1,140,70,81,Middle,Low
8519,46,Male,Delhi,24.6,No,Sedentary,Vegan,Current,Never,7,9,295,9.3,130,90,108.9,High,High
8520,51,Female,Hyderabad,28.8,No,Sedentary,Vegetarian,Never,,5.9,5,203,7.5,160,87,110.1,Middle,High
8521,46,Female,Bhopal,26.5,No,Moderate,Non-Vegetarian,Former,Never,8,9,240,7.9,148,105,107.7,High,High
8524,44,Male,Chennai,21.2,Yes,Active,Non-Vegetarian,Current,Occasional,8,4,152,6.3,130,81,99.5,Middle,Low
8525,29,Male,Delhi,15,Yes,Active,Non-Vegetarian,,Occasional,9,5,114,5.4,120,81,81,Middle,Low
8526,37,Female,Bhopal,20.5,No,Active,Vegetarian,Never,,8,5,118,5.8,137,72,92.9,Low,Low
8528,45,Female,Hyderabad,27.7,No,Sedentary,Non-Vegetarian,Former,,7,5,204,8.5,154,82,110.1,Middle,High
8530,57,Male,Delhi,29.2,Yes,Sedentary,Vegetarian,Never,Never,6,8,157,6.5,152,82,123,High,Moderate
8531,52,Male,Delhi,36.7,Yes,Sedentary,Vegetarian,Never,Never,5.3,9,196,7.4,165,100,135.5,High,High
8533,51,Male,Chennai,24.4,No,Sedentary,Vegetarian,Never,Occasional,9,4,137,6.3,142,80,102.2,Middle,Low
8534,42,Male,Chennai,21.7,No,Active,Non-Vegetarian,,Never,6.5,9,244,8.1,150,96,100.3,Low,High
8535,32,Male,Chennai,30.2,No,Sedentary,Non-Vegetarian,Never,,8.2,10,165,6.8,150,98,118.6,High,Low
8537,34,Female,Bengaluru,25.8,No,Active,Non-Vegetarian,Former,Occasional,6,10,170,6.6,150,80,106.1,High,Low
8538,34,Female,Chennai,27.5,Yes,Sedentary,Vegan,Never,Regular,9.5,7,186,7,130,80,106,Low,Low
8539,46,Female,Delhi,28.9,No,Moderate,Non-Vegetarian,Former,,7.2,7,172,7.1,128,90,115.8,Middle,Moderate
8540,57,Female,Ahmedabad,26.8,No,Sedentary,Vegetarian,Current,,7.2,5,205,8.2,158,80,107.9,Middle,High
8541,48,Female,Chennai,30.6,No,Moderate,Non-Vegetarian,Never,Never,7,7,201,6.6,172,86,117.2,High,Moderate
8542,38,Male,Bhopal,15.9,Yes,Active,Non-Vegetarian,Never,Never,7,8,139,6.9,130,80,85.8,Middle,Low
8543,50,Female,Delhi,25,No,Active,Non-Vegetarian,Current,,6,8,152,6.1,161,110,103.9,Middle,Low
8544,65,Female,Hyderabad,28.9,Yes,Sedentary,Non-Vegetarian,Current,,7,7,165,6.5,160,95,112.3,Middle,Moderate
8546,25,Male,Delhi,21.6,No,Moderate,Vegetarian,Current,Occasional,6,6,176,6.5,120,90,101,Middle,Low
8548,32,Male,Delhi,15.9,No,Moderate,Pescatarian,Current,Never,6.7,4,118,5.6,150,70,85.8,Middle,Low
8550,47,Male,Ahmedabad,20.9,Yes,Sedentary,Vegetarian,Never,Regular,6,9,206,7.9,156,90,97.7,High,Moderate
8552,32,Female,Delhi,24.6,No,Active,Vegetarian,Former,,8,2,208,7.3,148,80,97.6,Middle,Moderate
8557,55,Female,Bengaluru,23.8,Yes,Moderate,Vegetarian,Never,,7,10,155,7.4,140,88,97.3,High,Low
8558,26,Male,Bengaluru,15.8,No,Active,Non-Vegetarian,Never,Never,7.6,7,152,6.8,117,86,83.5,Low,Low
8559,55,Female,Bengaluru,18.5,Yes,Active,Non-Vegetarian,Never,Occasional,6.9,4,162,7.2,135,81,85.3,Low,Low
8563,41,Female,Chennai,21.1,No,Sedentary,Non-Vegetarian,Never,,6,6,136,6.2,127,88,92.6,Middle,Low
8564,50,Male,Delhi,22.3,No,Moderate,Vegetarian,Never,Never,6,6,166,7.2,128,70,99.6,Middle,Low
8565,25,Male,Delhi,33.5,Yes,Sedentary,Non-Vegetarian,Never,Occasional,8,6,166,7.2,139,89,131.6,High,Low
8567,35,Female,Ahmedabad,22.2,No,Moderate,Non-Vegetarian,Never,,7,4,116,5.8,122,80,95.4,,Low
8571,51,Male,Bengaluru,32.2,No,Moderate,Non-Vegetarian,Never,Occasional,8,5,168,6.2,169,90,124.8,Middle,Moderate
8575,53,Female,Bhopal,26,Yes,Active,Non-Vegetarian,Never,Never,9,4,192,7.3,118,80,105.9,Middle,Moderate
8576,49,Female,Bhopal,21.7,No,Active,Non-Vegetarian,Never,Never,8,3,182,7,134,94,96.5,Middle,Moderate
8577,52,Male,Hyderabad,24.9,No,Active,Non-Vegetarian,Never,Never,8.4,6,182,7.2,120,84,106.8,,Moderate
8578,44,Male,Hyderabad,21.6,Yes,Moderate,Vegetarian,Never,Regular,9,5,199,7.7,130,90,98.6,High,Moderate
8580,52,Male,Ahmedabad,28.9,Yes,Sedentary,Vegetarian,Former,Never,8,4,160,7.1,157,90,111.4,Middle,High
8583,31,Female,Delhi,24.3,No,Moderate,Vegetarian,Never,,5,8,232,8.2,142,90,97,Middle,High
8585,47,Female,Ahmedabad,23.8,Yes,Sedentary,Non-Vegetarian,Former,,8,3,164,6.8,150,76,103.2,Middle,Low
8587,31,Male,Chennai,22.3,No,Active,Non-Vegetarian,Never,Never,5,3,120,6.3,130,80,100.4,High,Low
8588,27,Male,Chennai,17.1,No,Active,Vegetarian,Current,Occasional,9,4,104,5.5,130,70,86.5,Middle,Low
8589,49,Male,Bengaluru,28,No,Moderate,Non-Vegetarian,Never,Occasional,5,7,195,7,150,96,118.4,Middle,Low
8592,42,Female,Chennai,22.5,No,Moderate,Pescatarian,Current,Never,8.1,9,288,9.1,150,99,99.9,Middle,High
8593,25,Female,Bhopal,29.1,Yes,Active,Vegetarian,Never,Never,9,3,136,6.4,140,90,113.4,High,Low
8594,61,Male,Hyderabad,20.7,No,Moderate,Non-Vegetarian,Never,Regular,7,9,179,7.4,140,80,95.2,Low,Low
8595,53,Female,Hyderabad,16.5,No,Active,Vegan,Former,Occasional,6,7,164,7,130,90,84.7,High,Moderate
8598,40,Female,Delhi,19.7,No,Moderate,Vegetarian,Never,Never,6,6,263,9.2,140,80,89.1,High,High
8599,39,Male,Ahmedabad,20,Yes,Sedentary,Non-Vegetarian,Never,Never,6,9,184,7.4,140,78,93.1,Low,High
8600,48,Female,Chennai,27,Yes,Active,Vegetarian,Never,Never,6,7,218,8.3,140,84,108.7,Low,High
8601,55,Male,Chennai,27.6,No,Active,Non-Vegetarian,Never,Regular,6.5,5,147,6.6,140,100,118.1,Middle,Low
8602,51,Female,Delhi,20.7,No,Moderate,Vegetarian,Never,,8,5,136,6.1,146,72,90.3,High,Low
8605,59,Male,Delhi,21.7,No,Moderate,Non-Vegetarian,Never,Regular,8,7,215,7.9,140,90,100.6,Middle,High
8606,46,Female,Bengaluru,24.3,No,Moderate,Non-Vegetarian,Former,Occasional,6,10,158,6.3,160,100,102.8,High,Low
8608,37,Male,Hyderabad,22.9,Yes,Sedentary,Vegetarian,Current,Occasional,6.5,7,227,7.8,140,90,103.1,High,High
8609,23,Male,Chennai,26,Yes,Moderate,Vegetarian,Never,Regular,8,6,148,6.3,139,90,106.6,Low,Low
8611,52,Male,Delhi,21.6,No,Moderate,Vegetarian,Never,Occasional,6,6,216,8.1,131,80,98.6,,Moderate
8612,40,Male,Hyderabad,20.9,No,Active,Vegetarian,Never,Occasional,8.4,5,106,5.6,160,89,103.8,,Low
8614,58,Female,Bengaluru,20.8,No,Active,Pescatarian,Never,Occasional,8,6,182,7.1,148,92,93.9,Low,Low
8615,60,Female,Bhopal,24.3,No,Sedentary,Non-Vegetarian,Never,Occasional,7.6,5,134,6.5,150,80,100.7,High,Low
8616,46,Female,Delhi,25.5,No,Sedentary,Non-Vegetarian,Former,Never,7,5,125,6.1,124,72,105.8,High,Low
8618,57,Male,Bengaluru,22.5,No,Active,Non-Vegetarian,Current,Occasional,7.5,7,178,7.5,140,88,100.5,High,Moderate
8621,48,Female,Delhi,26.2,Yes,Active,Vegetarian,Never,Never,8,6,211,7.6,162,90,108.2,Middle,High
8622,48,Male,Ahmedabad,26.5,No,Moderate,Vegetarian,Former,Occasional,7,3,173,7.1,139,80,111.6,Low,Low
8623,62,Male,Delhi,22.4,Yes,Sedentary,Vegetarian,Current,Never,6,7,163,6.8,140,80,103.9,Middle,Low
8626,54,Male,Hyderabad,25.1,No,Sedentary,Non-Vegetarian,Never,Never,7,5,211,7.7,148,90,111.7,Middle,High
8627,49,Female,Hyderabad,24.8,No,Sedentary,Non-Vegetarian,Never,Never,6,7,143,6.5,170,84,104.7,High,Low
8628,43,Female,Delhi,26,Yes,Sedentary,Non-Vegetarian,Never,Never,7,8,193,7.4,143,100,106.5,Middle,High
8629,41,Male,Bengaluru,21.6,No,Sedentary,Non-Vegetarian,Current,Occasional,7.7,8,182,7.6,150,80,96.1,High,Moderate
8630,42,Male,Bengaluru,26.3,No,Sedentary,Non-Vegetarian,Never,Occasional,8,8,117,5.7,170,90,112.6,Middle,Low
8631,35,Female,Delhi,18.4,No,Active,Vegetarian,Former,,6,8,120,5.5,130,70,87.5,Low,Low
8632,53,Male,Bengaluru,19.7,No,Moderate,Vegetarian,Never,,7,4,120,5.7,129,84,97.1,Low,Low
8634,39,Male,Bengaluru,20.3,No,Active,Non-Vegetarian,Never,Never,6.5,6,156,7,150,93,94.8,Low,Low
8635,37,Male,Bengaluru,22.1,Yes,Active,Non-Vegetarian,,Never,6.1,8,142,6.2,160,90,97.6,High,Low
8636,40,Male,Hyderabad,19.7,Yes,Moderate,Non-Vegetarian,Former,Occasional,7.5,8,153,6.7,152,82,90.9,High,Low
8639,45,Male,Delhi,20.3,Yes,Moderate,Vegetarian,Never,Never,8.5,5,147,6.5,140,88,96.8,Middle,Low
8642,37,Female,Bhopal,20.5,Yes,Active,Non-Vegetarian,Never,Occasional,4.5,4,207,7.2,130,80,90.8,Middle,Moderate
8645,51,Female,Ahmedabad,21.6,No,Active,Vegetarian,Never,,7,4,138,6,140,92,90.2,Low,Low
8649,59,Female,Bengaluru,23.1,No,Sedentary,Vegetarian,Never,,5,10,268,9,140,96,99.4,Middle,High
8650,43,Male,Ahmedabad,36.2,No,Sedentary,Non-Vegetarian,Never,Never,6,9,173,6.7,147,100,136.6,Middle,Moderate
8651,34,Female,Hyderabad,18.3,Yes,Active,Vegetarian,Never,,5,8,158,7.1,138,88,84.4,Middle,Low
8652,55,Female,Ahmedabad,22.8,No,Sedentary,Non-Vegetarian,Former,Never,7,6,229,7.7,140,76,92.1,Middle,Moderate
8653,51,Male,Bengaluru,20.8,No,Active,Vegetarian,Never,Never,7.1,4,193,7.2,130,81,98.6,High,Moderate
8657,54,Female,Hyderabad,30.2,Yes,Sedentary,Vegetarian,Never,,8,10,197,7.1,150,90,118.3,Middle,Moderate
8661,23,Female,Bhopal,20.9,No,Sedentary,Non-Vegetarian,Current,Occasional,8,5,119,5.9,120,92,91.4,Middle,Low
8662,38,Female,Chennai,17,No,Active,Non-Vegetarian,Former,,8,7,144,6.2,130,90,82.4,Low,Low
8663,52,Male,Delhi,29.2,No,Sedentary,Vegetarian,Never,Never,7.6,10,245,8.1,170,98,123.6,High,High
8664,31,Male,Bhopal,21.7,Yes,Active,Non-Vegetarian,Former,Never,8,3,143,6.3,127,76,98.6,Low,Low
8667,39,Male,Delhi,35.3,Yes,Moderate,Non-Vegetarian,Current,Never,9,7,194,7.6,144,96,133.7,High,High
8668,51,Male,Bengaluru,24.1,No,Sedentary,Vegetarian,Never,Regular,6,6,183,6.5,140,88,108.1,High,Low
8669,54,Female,Hyderabad,28.7,No,Moderate,Non-Vegetarian,Never,,7,10,174,7.2,144,90,111.3,High,High
8670,35,Female,Chennai,20.5,No,Active,Vegetarian,Never,,6,8,168,7,140,90,91.8,Low,Low
8672,25,Female,Bhopal,19.9,Yes,Moderate,Non-Vegetarian,Never,,9,6,273,10,119,80,91.7,Middle,High
8677,47,Male,Bengaluru,25.1,Yes,Active,Pescatarian,Never,,8,8,173,7.3,146,100,106.7,Middle,Low
8678,51,Male,Delhi,31.1,Yes,Sedentary,Non-Vegetarian,Never,Occasional,6.6,10,181,6.7,140,90,121.9,High,Moderate
8681,30,Male,Bhopal,22.8,No,Moderate,Vegetarian,Never,Never,8,6,135,6,130,80,101.8,Low,Low
8682,52,Female,Delhi,19.2,No,Active,Non-Vegetarian,Current,Occasional,9,6,211,8,140,88,85.2,Middle,High
8683,42,Male,Ahmedabad,17.2,Yes,Active,Non-Vegetarian,Current,Occasional,7,7,263,9.4,136,90,89.8,Low,High
8693,54,Male,Ahmedabad,25.8,No,Moderate,Vegetarian,Never,Never,7,3,208,8.1,140,90,112,Middle,High
8698,30,Female,Chennai,24.8,No,Moderate,Non-Vegetarian,Current,,6.1,5,114,5.9,144,80,102.4,Middle,Low
8699,54,Female,Bengaluru,23.5,No,Active,Vegetarian,Never,Occasional,9,5,139,5.9,160,90,99.2,High,Low
8700,35,Male,Ahmedabad,19.5,No,Moderate,Non-Vegetarian,Never,Occasional,6,6,145,6.5,140,90,95.4,Middle,Low
8704,57,Male,Delhi,25.4,No,Moderate,Vegetarian,Never,Never,9,7,176,6.6,150,90,104.2,Middle,Low
8708,46,Male,Bengaluru,24.9,No,Sedentary,Non-Vegetarian,Never,,8,4,270,9.3,120,84,109,Middle,High
8712,47,Female,Chennai,20,Yes,Active,Non-Vegetarian,Never,,7.8,4,172,6.7,130,77,94,Middle,Low
8714,51,Male,Chennai,30.3,No,Sedentary,Vegetarian,Never,Occasional,9,8,206,7.8,160,102,125.1,High,High
8715,26,Female,Delhi,22.1,Yes,Moderate,Vegan,Never,Regular,5,9,200,6.7,120,94,95.8,High,Moderate
8719,51,Female,Bhopal,22.5,Yes,Active,Vegetarian,Current,,8,6,200,7.5,130,88,95.5,Middle,Moderate
8725,44,Male,Bengaluru,23.7,Yes,Moderate,Vegetarian,Never,Occasional,7,6,162,7,149,90,108.3,Middle,Low
8728,43,Male,Bengaluru,25.4,Yes,Active,Vegetarian,Never,Occasional,10,4,150,6,131,96,105.6,Middle,Low
8730,51,Male,Bhopal,18.9,No,Active,Non-Vegetarian,Current,Occasional,8.5,5,141,6.4,140,80,94.2,Middle,Low
8734,29,Female,Delhi,24.7,No,Moderate,Vegetarian,Never,Never,7,4,117,5.8,140,80,106.3,Middle,Low
8737,39,Female,Delhi,17,Yes,Active,Non-Vegetarian,Never,,7,7,125,5.7,152,80,83.4,Low,Low
8739,24,Female,Ahmedabad,24.7,No,Moderate,Non-Vegetarian,Never,Never,6.5,6,145,6.8,114,90,96.3,Middle,Low
8742,28,Male,Delhi,17.3,No,Moderate,Non-Vegetarian,Never,Never,5.5,10,178,7.3,140,78,90,Middle,Low
8743,51,Female,Bengaluru,16.2,No,Active,Non-Vegetarian,Current,Occasional,6.3,10,174,6.5,152,94,80.5,High,Low
8745,20,Male,Ahmedabad,22.2,Yes,Moderate,Vegetarian,Never,Never,6,7,206,7.2,130,74,103.6,Low,Low
8746,46,Female,Chennai,22.6,Yes,Active,Vegetarian,Never,,6.9,7,159,6.9,130,84,95.1,Middle,Moderate
8747,50,Female,Bengaluru,28.7,No,Sedentary,Vegetarian,Never,Occasional,6.5,10,245,8.9,158,106,113.9,High,High
8748,41,Female,Hyderabad,20.9,No,Moderate,Vegan,Never,Never,5,8,165,6.8,148,88,92,Middle,Low
8749,24,Female,Ahmedabad,19.5,Yes,Active,Vegetarian,Never,Never,6.5,5,192,6.9,120,80,87.4,Middle,Low
8750,43,Female,Delhi,20.7,No,Active,Vegan,Never,Occasional,7,9,153,6.6,140,86,89.1,Middle,Low
8751,49,Male,Delhi,23.4,Yes,Moderate,Non-Vegetarian,Former,Never,8,7,190,7.4,160,100,101.7,Middle,Moderate
8753,49,Female,Delhi,28.1,No,Moderate,Non-Vegetarian,Never,,7,8,223,8.4,170,90,108,Low,High
8754,44,Male,Chennai,25.6,Yes,Active,Pescatarian,Current,Occasional,9,8,220,8.2,154,88,109.9,High,High
8756,34,Male,Delhi,20.9,No,Active,Non-Vegetarian,Current,Occasional,5.6,9,168,6.8,130,90,97.2,Low,Moderate
8758,56,Male,Bengaluru,21.7,No,Moderate,Vegetarian,Never,Occasional,7,6,168,7.7,150,90,92.7,Low,Moderate
8762,38,Female,Bengaluru,31.3,No,Sedentary,Non-Vegetarian,Never,Never,8.7,6,153,6.8,132,90,126.4,Low,Low
8763,43,Female,Bhopal,28.5,No,Sedentary,Vegetarian,Former,,7.5,3,152,6.3,130,80,109.4,Low,Low
8765,62,Male,Ahmedabad,21.4,No,Active,Vegetarian,Former,,8,3,211,8,140,80,96.1,Low,High
8769,45,Male,Ahmedabad,23.1,No,Moderate,Vegetarian,Current,Occasional,7,5,168,7.2,144,90,102,Low,Moderate
8771,51,Female,Bengaluru,23.5,No,Sedentary,Vegetarian,Never,Never,7,6,176,7.3,148,90,96.5,Middle,Moderate
8774,48,Female,Hyderabad,18.3,Yes,Active,Non-Vegetarian,Never,Occasional,6,5,180,7.4,144,90,86.1,Middle,High
8777,53,Male,Chennai,28.9,No,Sedentary,Vegetarian,Never,Occasional,7,9,223,7.4,149,98,113.2,High,Moderate
8778,43,Male,Delhi,15,No,Active,Non-Vegetarian,Current,Never,8,3,162,6.8,123,80,83.5,Middle,Low
8780,50,Female,Bengaluru,17.7,No,Moderate,Non-Vegetarian,Former,Never,6.1,9,147,6.4,124,80,84.3,Middle,Low
8782,45,Male,Delhi,20.6,No,Moderate,Non-Vegetarian,Never,Never,7,7,173,7.2,120,80,93,Middle,Moderate
8783,39,Male,Bengaluru,19.2,Yes,Active,Vegetarian,Never,Never,5.5,3,156,6.5,130,80,94.8,Low,Low
8784,34,Female,Hyderabad,17.6,No,Active,Vegetarian,Never,,7.3,9,149,6.7,120,80,84.8,Low,Low
8787,40,Female,Bengaluru,21.9,Yes,Moderate,Vegetarian,Never,,6.6,8,131,6.3,150,80,98.9,Low,Low
8788,44,Male,Ahmedabad,27.8,No,Sedentary,Non-Vegetarian,Never,Never,8,5,157,7.1,120,80,107,Middle,Low
8789,45,Female,Delhi,23.9,No,Sedentary,Non-Vegetarian,Never,Never,9,5,171,7.3,152,80,96,Middle,Low
8791,34,Female,Delhi,24.5,No,Active,Non-Vegetarian,Never,Occasional,9,6,132,6,136,86,103.1,,Low
8793,47,Male,Bhopal,18.7,No,Moderate,Non-Vegetarian,Never,Regular,7.5,5,160,7,130,90,97.6,Middle,Low
8796,28,Male,Delhi,27,No,Active,Non-Vegetarian,Never,Never,7,4,176,7,120,80,111.7,Low,Low
8797,44,Female,Hyderabad,27.1,Yes,Sedentary,Vegetarian,Never,,5.2,9,243,8.5,140,91,107.3,Middle,High
8799,27,Male,Delhi,18.1,Yes,Active,Vegetarian,Never,Occasional,8,7,236,8.2,132,94,92,High,Moderate
8802,50,Male,Chennai,29.8,No,Moderate,Non-Vegetarian,Never,Occasional,5,7,193,6.7,140,90,108.6,Low,Moderate
8804,45,Male,Ahmedabad,25.9,No,Sedentary,Non-Vegetarian,Current,Occasional,6.4,7,169,7,140,92,111.8,High,Low
8806,27,Male,Hyderabad,18.1,No,Active,Non-Vegetarian,Never,Never,8,10,153,7.1,112,68,88.8,Middle,Low
8809,34,Female,Hyderabad,25,Yes,Active,Non-Vegetarian,Never,,6,6,180,7.8,130,74,101.1,Middle,Moderate
8811,41,Male,Delhi,17.5,Yes,Moderate,Non-Vegetarian,Never,Never,7,5,142,5.9,130,80,89.9,Middle,Low
8813,57,Female,Bengaluru,28,No,Moderate,Vegetarian,Current,Occasional,7,5,140,6.4,140,90,112.4,Low,Low
8821,54,Male,Ahmedabad,15.4,Yes,Moderate,Vegetarian,Never,Never,9,6,148,6.3,152,74,80.8,Low,Low
8825,49,Female,Chennai,31.1,No,Sedentary,Non-Vegetarian,Never,Occasional,10,6,170,7,170,82,118.1,Middle,Moderate
8826,35,Male,Chennai,20.2,Yes,Active,Non-Vegetarian,Never,Regular,7.8,5,101,5.3,140,84,95.9,Middle,Low
8828,54,Female,Hyderabad,25.6,Yes,Sedentary,Non-Vegetarian,Former,,8,7,174,7.5,150,90,108.5,Middle,Moderate
8831,48,Male,Bengaluru,18,Yes,Sedentary,Vegetarian,Never,Never,7,7,163,6.4,156,74,90.9,Middle,Low
8835,47,Female,Bengaluru,21.7,Yes,Moderate,Non-Vegetarian,Never,Never,8.5,6,167,6.3,140,84,90.6,Low,Low
8837,41,Male,Hyderabad,24,No,Moderate,Non-Vegetarian,Never,Occasional,5.5,9,129,5.4,148,100,104.4,Middle,Low
8838,34,Female,Bengaluru,20.7,No,Active,Non-Vegetarian,Never,,7.8,6,148,6.8,140,90,94.4,,Low
8839,39,Female,Hyderabad,19.3,No,Active,Vegetarian,Never,Never,8.5,4,157,7,126,80,89,Middle,Low
8840,40,Female,Chennai,26.9,Yes,Moderate,Non-Vegetarian,Never,Never,7,8,197,7.2,120,90,103.3,High,Low
8842,51,Female,Hyderabad,25.6,No,Moderate,Non-Vegetarian,Never,,6,10,223,7.4,160,84,104.8,High,High
8843,45,Female,Chennai,26.8,No,Sedentary,Non-Vegetarian,Current,,7,7,157,6.5,140,87,102.1,High,Low
8844,64,Male,Hyderabad,20.4,No,Moderate,Pescatarian,,Occasional,8.2,6,167,6.7,150,90,95.3,High,Moderate
8846,45,Female,Delhi,21,No,Active,Non-Vegetarian,Never,Occasional,6,8,168,7.2,134,90,94.6,High,Low
8847,56,Male,Delhi,21.6,Yes,Moderate,Vegetarian,Former,Occasional,9,2,193,7.5,140,80,99.7,Middle,Moderate
8848,48,Male,Bengaluru,27.6,No,Moderate,Vegetarian,Current,Never,6.1,6,260,7.8,148,100,110.5,Middle,High
8850,57,Male,Delhi,23.5,No,Moderate,Vegetarian,Current,Never,6.6,9,167,6.7,140,80,104.6,Middle,Low
8852,46,Female,Hyderabad,21.1,Yes,Active,Non-Vegetarian,Never,Never,8,3,196,7.8,150,90,92.5,High,Moderate
8854,23,Male,Bengaluru,19.2,No,Moderate,Vegetarian,Never,Never,7,8,213,7.5,128,80,90.3,High,Low
8856,34,Female,Chennai,19.7,No,Active,Non-Vegetarian,Never,,7,6,228,8.8,128,70,90.7,Low,High
8858,62,Male,Hyderabad,24,Yes,Active,Non-Vegetarian,Never,Never,7,9,201,8.3,134,93,105.4,High,High
8859,38,Female,Bengaluru,24.8,Yes,Sedentary,Vegetarian,Former,,7,8,179,7,141,100,105.4,Middle,High
8860,30,Female,Ahmedabad,21.8,No,Active,Vegetarian,Never,Never,9,2,135,6.1,128,68,92.1,Middle,Low
8865,47,Female,Bengaluru,23.1,Yes,Moderate,Vegetarian,Never,,6.7,6,193,7.6,152,90,98,Middle,Moderate
8867,54,Female,Bhopal,25.9,No,Active,Vegetarian,Never,Occasional,9.5,7,170,7.5,160,87,108.9,Middle,Moderate
8868,50,Female,Bengaluru,22.9,No,Moderate,Non-Vegetarian,Current,,7,5,155,6.4,150,86,97.8,Middle,Low
8869,48,Male,Delhi,23.3,No,Sedentary,Non-Vegetarian,Never,Regular,8.1,10,215,6.9,140,80,104.9,Middle,Low
8872,66,Male,Ahmedabad,33.6,No,Sedentary,Non-Vegetarian,Never,,7,4,183,7.1,152,100,133.2,Middle,High
8875,38,Male,Ahmedabad,23.4,No,Active,Non-Vegetarian,Never,Never,7,5,178,7.2,140,80,105.1,Middle,Moderate
8879,46,Female,Ahmedabad,24.7,No,Moderate,Vegetarian,Current,,7.5,4,144,6.8,140,88,101.5,Middle,Low
8883,35,Male,Ahmedabad,17.5,Yes,Moderate,Vegetarian,Never,Never,7.5,4,162,5.6,140,80,93.2,Middle,Low
8884,57,Female,Delhi,27.3,Yes,Moderate,Vegetarian,Never,Occasional,8,7,227,8.2,150,100,103,Middle,High
8886,41,Male,Delhi,28.6,Yes,Sedentary,Non-Vegetarian,Current,Never,7,6,197,7.5,128,80,118,Middle,Moderate
8890,61,Female,Delhi,26.4,No,Sedentary,Vegetarian,,,6,6,188,7.2,150,90,107,High,Moderate
8892,48,Male,Hyderabad,22.2,No,Active,Vegetarian,Current,Occasional,5.5,9,165,6.7,160,90,98.1,High,Low
8894,44,Female,Delhi,20.9,Yes,Moderate,Non-Vegetarian,Never,Occasional,6.1,9,164,7.3,150,94,94.2,Middle,Low
8895,42,Female,Ahmedabad,26.3,No,Sedentary,Non-Vegetarian,Former,,9.5,7,149,6.1,140,76,104.8,Middle,Low
8896,27,Male,Chennai,18.9,No,Active,Non-Vegetarian,Former,Never,8,8,113,5.9,130,80,90.6,Middle,Low
8899,45,Male,Hyderabad,22.8,No,Sedentary,Non-Vegetarian,Never,Never,9,5,201,6.9,134,80,100.8,High,Moderate
8900,34,Female,Bengaluru,19.1,Yes,Sedentary,Vegetarian,Former,,7.5,6,207,7.5,124,90,89,,Moderate
8902,57,Male,Bengaluru,23.3,Yes,Moderate,Vegetarian,Former,Never,7,9,192,7.8,149,88,101.9,High,Moderate
8904,50,Male,Bengaluru,25.4,No,Sedentary,Non-Vegetarian,Never,Occasional,5,8,186,6.4,130,100,108.7,Middle,Low
8905,41,Female,Bengaluru,34.4,Yes,Sedentary,Non-Vegetarian,Never,,6,8,180,7.7,140,86,127.9,High,Moderate
8909,56,Male,Bengaluru,20.5,No,Active,Vegetarian,Former,Never,6,5,154,6.6,140,86,96.4,Low,Low
8913,55,Male,Chennai,15,Yes,Active,Non-Vegetarian,Never,Never,5,9,155,6.4,140,96,82.8,Middle,Low
8914,54,Female,Chennai,27.3,No,Sedentary,Non-Vegetarian,Never,,8,6,212,7.8,173,87,104.5,High,Moderate
8920,40,Female,Chennai,20.6,Yes,Active,Non-Vegetarian,Never,,8,5,177,7,142,72,91.5,High,Moderate
8921,41,Male,Bengaluru,25.1,No,Sedentary,Vegetarian,Never,Regular,8,5,134,6.7,150,96,106.9,High,Low
8924,58,Male,Bengaluru,25.7,No,Moderate,Vegetarian,Former,Occasional,6.5,6,143,5.7,156,100,109.7,High,Low
8926,43,Male,Ahmedabad,24,No,Sedentary,Non-Vegetarian,Current,Occasional,6,7,153,6.1,140,80,105.7,High,Low
8930,53,Male,Delhi,23.2,Yes,Sedentary,Non-Vegetarian,Never,Never,7.9,6,201,7.7,140,82,102,Middle,Moderate
8932,54,Male,Delhi,25.8,Yes,Moderate,Vegetarian,Current,Never,7.5,7,192,7.3,136,100,116.1,Middle,Moderate
8933,58,Female,Chennai,22.2,Yes,Sedentary,Non-Vegetarian,Never,Regular,8,9,213,7.8,150,100,94,Middle,High
8934,43,Male,Bengaluru,24.8,Yes,Sedentary,Non-Vegetarian,Never,,6,8,192,6.7,160,94,105.5,High,Moderate
8941,27,Female,Hyderabad,33.7,No,Sedentary,Vegetarian,Former,Never,7,3,160,5.8,130,88,133.7,Middle,Low
8942,37,Male,Delhi,24.7,No,Active,Non-Vegetarian,Never,Occasional,7.5,5,131,6.1,139,92,111.1,Middle,Low
8943,52,Male,Hyderabad,22.5,No,Active,Non-Vegetarian,Former,Never,8.5,4,146,6.2,137,100,99.7,,Low
8946,64,Female,Chennai,25.3,No,Sedentary,Vegetarian,Former,,6.5,10,182,7.3,160,100,105.2,Middle,Moderate
8947,46,Male,Delhi,23.4,Yes,Moderate,Non-Vegetarian,Current,Never,7,10,215,7.8,150,90,99.4,High,High
8949,56,Female,Bhopal,20.1,Yes,Moderate,Non-Vegetarian,Current,Never,6.5,6,153,6.1,130,88,92.1,Low,Low
8950,48,Male,Ahmedabad,24,No,Moderate,Pescatarian,Never,,8,2,176,6.4,128,90,104.2,Low,Low
8954,62,Female,Delhi,28.2,No,Sedentary,Non-Vegetarian,Never,,6.5,7,169,7.3,148,90,107.4,Middle,High
8955,38,Male,Hyderabad,26.1,Yes,Sedentary,Non-Vegetarian,Former,,6,10,168,6.5,130,90,110.9,,Low
8959,47,Male,Delhi,24.7,No,Active,Vegetarian,Never,,8.5,4,163,6.9,136,100,104.7,Low,Low
8960,44,Female,Delhi,21.4,No,Active,Non-Vegetarian,Current,,7,10,213,8,140,90,97.2,Low,High
8962,53,Male,Delhi,29,Yes,Sedentary,Pescatarian,Never,Never,8,6,153,7,160,90,118.5,High,Low
8965,43,Male,Delhi,23.6,No,Moderate,Vegetarian,Never,Occasional,5.7,8,180,6.5,150,90,103,High,Low
8968,55,Male,Delhi,32.4,No,Sedentary,Vegan,Current,Occasional,7.4,10,228,8,156,100,126.9,High,High
8969,42,Male,Delhi,16.2,Yes,Active,Non-Vegetarian,Never,Never,7.4,10,130,6,120,90,85.8,Low,Low
8970,33,Female,Chennai,24.2,Yes,Active,Non-Vegetarian,Current,,8,3,154,6,138,80,104.3,Middle,Low
8972,30,Male,Bhopal,20.7,No,Active,Vegetarian,Never,Never,6,6,139,6.6,140,80,101.8,Low,Low
8973,42,Female,Bengaluru,20.2,No,Active,Vegetarian,Never,,6.4,7,156,6.5,143,80,90.5,Low,Low
8974,41,Female,Ahmedabad,19.6,Yes,Active,Non-Vegetarian,Never,Never,9,5,177,6.6,120,80,92.1,Low,Low
8977,51,Female,Ahmedabad,23.1,Yes,Moderate,Non-Vegetarian,Never,,8,6,193,7.7,144,89,95.3,High,Moderate
8984,43,Male,Hyderabad,26.5,No,Moderate,Pescatarian,Current,Occasional,7,6,150,6.4,142,94,112.1,,Moderate
8985,61,Female,Bhopal,30.6,No,Moderate,Vegetarian,Never,,8,7,235,8.2,160,100,113.4,Low,High
8987,42,Female,Bengaluru,20.2,No,Moderate,Non-Vegetarian,Current,,6,9,136,6.1,150,100,89.2,Low,Low
8988,50,Female,Delhi,28.3,No,Moderate,Non-Vegetarian,Current,Occasional,7,4,182,6.9,160,80,111.7,Low,Moderate
8990,47,Male,Bengaluru,23,No,Moderate,Non-Vegetarian,Never,Occasional,8,7,135,6.5,150,90,106.7,Middle,Low
8991,46,Female,Hyderabad,23.3,No,Moderate,Vegetarian,Never,Regular,7,6,157,6,128,80,100.5,High,Low
8994,28,Male,Bhopal,18.4,No,Active,Vegetarian,Never,Never,6,7,161,6.7,122,90,87.8,Low,Low
8995,53,Female,Chennai,18.2,Yes,Active,Pescatarian,Current,Never,7.2,6,188,7.2,140,92,80.2,Middle,Moderate
8997,44,Female,Bengaluru,27.2,No,Sedentary,Vegetarian,Current,Never,8,9,216,8.2,148,90,109.4,Middle,Moderate
8999,44,Female,Bengaluru,19.9,No,Moderate,Non-Vegetarian,Never,Never,7,8,201,7.9,144,83,88.5,High,Moderate
9001,40,Male,Bengaluru,26.4,Yes,Active,Non-Vegetarian,Never,Occasional,5,7,173,7.7,140,94,109.4,High,Moderate
9004,18,Male,Chennai,25.1,No,Moderate,Vegetarian,Current,Regular,6,2,202,6.9,130,92,106.2,Middle,Low
9005,59,Male,Chennai,17.8,No,Active,Non-Vegetarian,Never,Regular,6.5,5,115,6.1,140,94,87.4,Low,Low
9006,44,Female,Delhi,30.1,No,Sedentary,Pescatarian,Current,Never,7.4,5,165,7,130,86,120.8,Middle,Moderate
9010,46,Female,Bhopal,24,Yes,Sedentary,Non-Vegetarian,Never,Occasional,7,6,175,7.7,140,90,105.8,Low,Low
9012,35,Female,Hyderabad,21.2,No,Active,Non-Vegetarian,Never,Occasional,8,7,176,7.7,120,90,91.7,High,Low
9013,19,Male,Ahmedabad,22.3,No,Moderate,Non-Vegetarian,Never,Never,6,4,104,5.3,130,80,104.2,Middle,Low
9014,47,Male,Ahmedabad,30.5,No,Sedentary,Non-Vegetarian,Current,Never,6,3,181,7.1,130,79,119,Low,Low
9015,50,Male,Bengaluru,19.2,Yes,Sedentary,Non-Vegetarian,Never,Occasional,6.8,7,187,7.2,136,70,87.5,Middle,Moderate
9024,47,Male,Ahmedabad,25.7,Yes,Sedentary,Non-Vegetarian,Former,Never,9,6,125,5.9,156,94,107,Middle,Low
9025,48,Male,Bhopal,24.3,Yes,Moderate,Vegetarian,Current,Occasional,6,9,146,6.6,140,100,107.6,Middle,Low
9027,48,Male,Delhi,22.3,No,Moderate,Vegetarian,Current,Occasional,8,5,160,6.6,140,84,99,Middle,Low
9028,36,Male,Hyderabad,33.2,Yes,Moderate,Non-Vegetarian,Never,,7,6,162,6.4,144,100,123.2,,Low
9035,54,Female,Bengaluru,21.7,No,Sedentary,Non-Vegetarian,Never,,8,9,160,6.6,160,80,97.8,High,Low
9038,39,Female,Bhopal,24.2,Yes,Moderate,Vegetarian,Never,,8.3,9,194,7.6,132,84,101.6,Middle,Moderate
9040,63,Male,Hyderabad,22.9,No,Moderate,Non-Vegetarian,Former,Never,6.5,6,146,6.5,150,90,97.4,High,Moderate
9041,58,Female,Chennai,16.4,Yes,Active,Pescatarian,Never,,9.5,6,191,7,130,80,78.7,Middle,Low
9043,48,Female,Delhi,29.5,No,Sedentary,Non-Vegetarian,Never,Never,7,9,169,6.8,152,102,114.6,High,Low
9045,46,Male,Delhi,18.9,No,Active,Vegetarian,Never,Occasional,8,5,190,7.4,140,80,89.4,Low,Low
9046,36,Female,Ahmedabad,21.2,No,Moderate,Vegetarian,Current,Occasional,7,6,199,7.8,130,80,87.7,High,High
9052,41,Male,Hyderabad,21.2,Yes,Moderate,Vegetarian,Current,Never,7,5,148,6.5,132,86,98.2,Low,Low
9053,54,Female,Chennai,27.4,Yes,Sedentary,Vegetarian,Never,,5,7,172,6.6,160,90,102.6,Middle,Moderate
9055,28,Male,Delhi,15.3,Yes,Active,Non-Vegetarian,Never,Never,8,7,150,6.1,130,90,83.4,High,Low
9056,52,Female,Bhopal,23.5,Yes,Sedentary,Vegetarian,Never,Occasional,6.5,8,187,7.3,128,100,95.8,Middle,Moderate
9063,56,Male,Bengaluru,35.6,No,Sedentary,Non-Vegetarian,Never,Never,7,9,234,8.9,156,100,133.1,Middle,High
9066,54,Male,Delhi,23.6,No,Moderate,Vegetarian,Never,Regular,8,7,156,6.7,130,90,107,Middle,Low
9071,40,Female,Chennai,22.8,No,Active,Vegetarian,Never,,9,6,144,6,140,90,96.1,Middle,Low
9072,37,Female,Hyderabad,26.7,Yes,Active,Vegetarian,Current,Never,7.5,7,177,6.9,140,86,104.6,Middle,Moderate
9074,28,Male,Chennai,21.3,No,Active,Non-Vegetarian,Never,Occasional,6,5,222,8.1,130,80,95.4,Middle,Moderate
9076,37,Female,Delhi,24.4,No,Active,Vegetarian,Never,,6,5,161,6.2,140,80,98.9,Middle,Low
9081,56,Male,Bengaluru,24.5,Yes,Active,Vegetarian,Never,Never,4,8,168,6.7,166,88,102.1,High,Low
9082,22,Male,Hyderabad,17.6,No,Moderate,Non-Vegetarian,Never,Never,7,6,101,5.6,120,80,90.1,Middle,Low
9083,68,Female,Bhopal,23.2,No,Moderate,Vegetarian,Former,Never,7,1,181,8,143,90,98.9,Low,High
9084,53,Male,Bengaluru,25.8,Yes,Sedentary,Non-Vegetarian,Never,Never,8.6,10,188,7.1,148,92,107.1,High,High
9086,49,Male,Hyderabad,18.4,Yes,Active,Non-Vegetarian,Never,Never,8,8,131,6.1,130,90,93.1,Middle,Low
9089,49,Female,Hyderabad,29.2,No,Sedentary,Non-Vegetarian,Current,Occasional,8,10,280,9.9,170,100,115.6,Middle,High
9091,31,Female,Chennai,27.4,No,Sedentary,Non-Vegetarian,Never,Never,7.5,5,161,6.5,130,80,106.6,Middle,Low
9092,51,Male,Ahmedabad,18.4,No,Moderate,Vegetarian,Never,Never,6,7,161,6.5,150,104,93.2,Middle,Low
9094,28,Male,Delhi,17.8,Yes,Active,Non-Vegetarian,Never,Never,7,6,157,7,120,90,86.7,Low,Low
9096,55,Female,Delhi,27.1,No,Moderate,Non-Vegetarian,Never,,9,7,176,7.4,144,88,104.6,High,Moderate
9098,29,Female,Bengaluru,21.1,Yes,Active,Non-Vegetarian,Never,Occasional,7,6,155,6.3,132,80,94.2,Middle,Low
9101,52,Female,Ahmedabad,23.6,Yes,Moderate,Vegetarian,,Never,9,2,201,7.1,140,80,93.7,High,Moderate
9102,32,Male,Delhi,22.2,Yes,Moderate,Non-Vegetarian,Never,,6,10,193,7.8,140,80,96.5,Middle,Moderate
9104,40,Male,Bengaluru,21.5,No,Active,Vegetarian,Never,Never,7,4,175,6.8,120,82,96.6,,Low
9106,46,Female,Bengaluru,24.1,Yes,Sedentary,Vegetarian,Current,Occasional,7.5,6,140,6.4,158,92,101.9,High,Low
9107,42,Female,Bengaluru,19.4,No,Moderate,Non-Vegetarian,Never,Never,9,3,113,6,103,84,93.7,Middle,Low
9109,32,Male,Delhi,21.6,Yes,Moderate,Non-Vegetarian,Never,Never,8,7,171,6.4,150,80,97.7,Low,Low
9111,33,Female,Hyderabad,29,No,Active,Non-Vegetarian,Never,Never,7,4,150,6.4,137,72,118.1,Middle,Low
9113,42,Male,Bengaluru,21.3,Yes,Sedentary,Non-Vegetarian,Never,Never,7.2,8,165,6.5,144,90,99.1,High,Moderate
9116,44,Female,Chennai,21.2,No,Sedentary,Non-Vegetarian,Never,Occasional,8.5,5,104,5.5,130,76,94,Middle,Low
9117,33,Male,Bengaluru,19.5,No,Active,Non-Vegetarian,Current,Regular,7,10,169,7.2,144,80,97.5,Middle,Low
9118,44,Female,Chennai,18.5,No,Active,Vegetarian,Never,,7,5,206,7.4,148,80,89.3,Middle,Moderate
9120,41,Female,Bengaluru,23.8,No,Sedentary,Vegetarian,Never,,8,5,242,7.8,120,80,98.2,High,High
9121,27,Male,Hyderabad,25.4,No,Moderate,Non-Vegetarian,Never,Occasional,9,2,119,6,108,80,113.8,Middle,Low
9122,44,Female,Chennai,20.6,No,Moderate,Non-Vegetarian,Never,Occasional,7.5,7,145,5.7,130,80,88.7,Middle,Low
9125,56,Female,Delhi,24,No,Sedentary,Non-Vegetarian,Never,,8,5,188,7.1,144,90,100.2,Middle,Moderate
9128,56,Female,Bhopal,25.7,No,Active,Non-Vegetarian,Current,,7,1,116,5.6,140,84,104.6,Middle,Low
9131,44,Male,Ahmedabad,16.4,No,Moderate,Non-Vegetarian,Never,Never,7.1,5,217,7.6,134,70,91.1,Low,Moderate
9137,48,Male,Bengaluru,19.9,Yes,Sedentary,Vegetarian,Never,Never,8,4,117,6.3,116,80,90.9,Low,Low
9139,42,Male,Delhi,15,No,Active,Non-Vegetarian,Current,Regular,4.5,8,157,5.9,140,80,82.9,Middle,Low
9141,55,Female,Bengaluru,21.2,No,Active,Vegetarian,Current,Never,6,8,167,6.6,140,80,92.8,Middle,Moderate
9147,55,Female,Bengaluru,31.3,Yes,Sedentary,Pescatarian,Never,,8,7,201,6.9,156,90,123.5,Middle,Moderate
9148,52,Male,Delhi,24,Yes,Moderate,Non-Vegetarian,Never,Never,6,9,171,7.1,130,84,108.5,,High
9149,43,Female,Ahmedabad,26.9,No,Sedentary,Non-Vegetarian,,Never,7.5,8,153,6.7,154,100,109,High,Low
9152,61,Male,Hyderabad,28.9,No,Sedentary,Non-Vegetarian,Current,Never,6,8,191,7.6,150,108,117.8,High,High
9159,33,Female,Delhi,30.1,No,Moderate,Vegetarian,Never,Never,7,8,157,6.8,144,80,112.8,High,Low
9164,47,Male,Bengaluru,23.3,No,Moderate,Vegetarian,Never,Never,6,8,145,6.3,152,90,104.7,Middle,Low
9165,36,Male,Hyderabad,15.7,No,Active,Non-Vegetarian,Never,Occasional,7,6,174,7.1,110,90,86.6,Middle,Low
9169,56,Male,Chennai,35.3,No,Moderate,Vegan,Former,Occasional,6,9,228,8.3,160,83,137.2,High,High
9170,47,Male,Bengaluru,20,No,Sedentary,Vegetarian,Never,Occasional,7,10,178,7,130,85,97.9,High,Low
9171,50,Female,Bengaluru,39.2,No,Sedentary,Vegetarian,Never,,6.5,6,231,8,156,90,130,High,High
9172,61,Female,Bengaluru,22.4,Yes,Moderate,Non-Vegetarian,Never,,5,10,219,7.8,170,84,91,Middle,High
9173,39,Female,Delhi,21.2,Yes,Active,Non-Vegetarian,Never,Occasional,6,7,158,6.8,150,90,96.8,,Low
9175,39,Female,Chennai,24,No,Moderate,Non-Vegetarian,Never,Occasional,7,7,171,7.1,140,76,105.2,High,Moderate
9178,27,Female,Hyderabad,22.6,No,Moderate,Vegetarian,Never,Occasional,5,8,174,7.2,152,88,94.8,Middle,Low
9179,52,Male,Delhi,21,No,Active,Vegetarian,Never,Never,7,6,114,5.9,140,96,98,Middle,Low
9180,42,Female,Chennai,23.7,Yes,Active,Non-Vegetarian,Never,Occasional,6,7,185,7.5,140,84,99.9,Middle,Moderate
9181,55,Female,Ahmedabad,16.8,Yes,Sedentary,Non-Vegetarian,Never,Regular,7,3,352,10.6,127,90,78.6,Middle,High
9182,43,Female,Hyderabad,24.3,No,Sedentary,Non-Vegetarian,Never,Never,9,6,176,7.3,162,90,104.1,High,Moderate
9183,46,Male,Bengaluru,18.5,No,Active,Vegetarian,Never,Regular,5.8,7,118,5.5,140,86,93.5,Middle,Low
9185,51,Female,Ahmedabad,24.2,No,Moderate,Vegetarian,Never,Never,8,5,163,6.7,138,90,102.4,Low,Moderate
9186,60,Female,Delhi,25.1,No,Moderate,Non-Vegetarian,Current,Never,6,7,152,6.5,136,110,100.9,Middle,Low
9187,26,Male,Chennai,25.9,Yes,Moderate,Non-Vegetarian,Current,Occasional,8,6,133,6,136,80,111.2,Middle,Low
9190,30,Male,Delhi,23.2,Yes,Active,Non-Vegetarian,Current,Occasional,8.6,7,158,6.4,133,90,105.5,Middle,Low
9191,36,Male,Delhi,22.4,No,Active,Vegetarian,Never,Occasional,7,9,114,5.7,145,90,102.4,Middle,Low
9192,20,Female,Delhi,19,Yes,Active,Non-Vegetarian,Former,,6,8,168,7.3,128,75,89.3,High,Low
9193,39,Male,Delhi,27.7,No,Moderate,Non-Vegetarian,Current,Regular,8,5,236,8,146,88,109.2,,Moderate
9194,55,Male,Bengaluru,33.7,No,Moderate,Non-Vegetarian,Never,Occasional,5.5,10,200,6.9,156,100,128.2,High,High
9195,44,Male,Delhi,21,Yes,Moderate,Vegetarian,Never,Never,6,7,146,5.8,123,83,97.1,Middle,Low
9197,35,Male,Bengaluru,25.2,No,Moderate,Non-Vegetarian,Former,Never,6.5,7,129,5.7,128,100,102.1,Low,Low
9198,30,Male,Bengaluru,23.4,No,Sedentary,Non-Vegetarian,Current,Occasional,8,9,149,6.5,140,92,104.1,Low,Low
9199,32,Male,Delhi,19.4,No,Active,Vegetarian,Never,Occasional,5,9,165,6.1,144,92,93.4,High,Low
9201,26,Female,Chennai,30.7,No,Sedentary,Vegetarian,Never,Never,7,8,219,7.4,140,90,119,Middle,High
9204,54,Female,Bengaluru,22.3,No,Active,Non-Vegetarian,Never,Occasional,6,7,151,6.6,159,100,98.2,Low,Low
9206,30,Female,Delhi,25,Yes,Active,Vegetarian,Former,,9,6,186,7,135,92,104.5,High,Low
9207,45,Male,Ahmedabad,23.1,No,Moderate,Non-Vegetarian,Former,Regular,8,6,160,6.4,130,80,96.9,Low,Low
9211,41,Male,Chennai,22.1,Yes,Sedentary,Vegetarian,Never,Occasional,7,8,143,6.3,141,84,100.5,Middle,Low
9213,43,Female,Ahmedabad,17.8,Yes,Sedentary,Vegetarian,Current,,6.8,10,151,6.3,151,86,79.4,Low,Low
9214,36,Female,Bengaluru,22.9,No,Moderate,Vegetarian,Never,,8,9,174,6.7,144,84,91.5,Middle,Low
9222,60,Female,Delhi,32.3,No,Sedentary,Vegetarian,Never,,6,7,251,9.2,156,106,119.3,High,High
9223,42,Male,Bengaluru,15.4,No,Active,Non-Vegetarian,Never,,7,4,113,5.7,123,72,83.6,High,Low
9224,31,Male,Hyderabad,24.9,Yes,Moderate,Pescatarian,Current,Never,8,5,146,5.7,110,80,109.6,Low,Low
9225,34,Male,Chennai,18.1,No,Active,Non-Vegetarian,Never,Never,8,6,129,6.2,100,92,91.9,Middle,Low
9226,56,Male,Bengaluru,23.5,Yes,Moderate,Non-Vegetarian,Never,Never,6,10,169,6.9,150,90,104.9,Middle,Low
9234,57,Male,Bhopal,28.2,No,Sedentary,Vegetarian,Never,Occasional,7,4,165,6.3,139,70,114,High,Low
9235,35,Male,Chennai,22.8,No,Moderate,Non-Vegetarian,Current,Regular,8,10,148,5.9,150,90,99.8,High,Low
9237,49,Male,Delhi,26.8,No,Moderate,Non-Vegetarian,Never,Never,5,9,197,7.6,145,96,113.6,Middle,Moderate
9238,41,Female,Chennai,22.9,No,Active,Vegetarian,Never,,7,6,178,7.1,120,68,96.9,High,Moderate
9239,57,Female,Bengaluru,24.2,No,Moderate,Vegetarian,Never,,8.1,4,158,7,160,84,96.9,Low,Moderate
9241,36,Male,Ahmedabad,27.7,No,Sedentary,Non-Vegetarian,Never,Occasional,8,4,116,5.8,139,88,116.1,Middle,Low
9245,55,Male,Chennai,18.5,No,Active,Non-Vegetarian,Never,Occasional,7,7,110,6,140,100,89.5,Middle,Low
9246,54,Female,Chennai,27.2,Yes,Moderate,Non-Vegetarian,Never,Never,8,6,213,7.5,148,90,109,Middle,High
9248,39,Male,Bengaluru,30.4,No,Moderate,Non-Vegetarian,Never,Never,8.2,5,131,6.3,138,80,121.2,Middle,Low
9255,52,Female,Hyderabad,22.9,No,Sedentary,Non-Vegetarian,Former,,9,4,190,7.1,140,90,95,Low,Moderate
9257,44,Male,Delhi,22.3,No,Sedentary,Vegetarian,Former,Occasional,7.2,7,158,6.9,140,88,100.7,Middle,Low
9259,22,Male,Ahmedabad,24.2,No,Active,Vegetarian,Never,Never,9,4,147,6.6,130,84,103,Middle,Low
9261,35,Female,Bengaluru,17.7,No,Active,Vegetarian,Current,,7,5,142,7.1,120,100,86.3,Low,Low
9262,42,Male,Delhi,21.6,No,Sedentary,Non-Vegetarian,Current,Occasional,8,7,190,7,140,92,97.1,Middle,Low
9263,51,Female,Hyderabad,25.1,No,Moderate,Non-Vegetarian,Never,,6.8,8,150,6.7,120,92,101.8,High,Moderate
9264,55,Female,Delhi,19.8,No,Moderate,Vegetarian,Never,Never,8,4,168,6.6,120,81,88.5,High,Moderate
9268,28,Female,Bengaluru,15.7,No,Active,Vegetarian,Never,,5.5,9,160,6.7,116,70,75.9,Low,Low
9270,48,Female,Delhi,28.1,No,Sedentary,Vegetarian,Never,Never,6.9,5,166,7.1,140,90,109.5,High,Moderate
9273,25,Female,Chennai,17.4,Yes,Active,Non-Vegetarian,Never,Occasional,7.6,4,113,5.8,138,80,85.4,Middle,Low
9274,33,Male,Bengaluru,24.9,Yes,Sedentary,Non-Vegetarian,Never,Occasional,7,8,239,8.6,140,80,105.6,High,High
9279,58,Female,Bengaluru,24.1,No,Moderate,Non-Vegetarian,Never,Never,9,2,168,6.6,140,100,99.2,Middle,Low
9280,55,Male,Chennai,21.7,Yes,Active,Non-Vegetarian,Former,Never,6,6,158,6.5,140,90,100,High,Low
9283,40,Male,Ahmedabad,21.6,No,Sedentary,Non-Vegetarian,Never,Occasional,9,2,162,6.6,130,80,101.5,Middle,Low
9288,36,Other,Chennai,19.7,Yes,Active,Vegetarian,Former,Occasional,6.9,5,157,6.8,130,92,85.8,Middle,Low
9289,58,Female,Hyderabad,23.2,No,Moderate,Non-Vegetarian,Former,Never,6,9,117,5.8,140,100,93.7,High,Low
9292,55,Female,Chennai,27.2,No,Sedentary,Vegetarian,Current,Never,8,5,159,6.6,156,100,108.5,High,Moderate
9294,45,Male,Bengaluru,18.4,No,Moderate,Vegetarian,Never,Occasional,7,7,147,7.1,138,84,89.4,High,Low
9298,47,Male,Chennai,17.3,No,Sedentary,Vegetarian,Never,Occasional,8,7,164,6.8,136,90,88.3,High,Low
9299,56,Female,Delhi,19.5,No,Active,Non-Vegetarian,Never,,7,4,212,8.2,144,80,85,Middle,Moderate
9301,44,Female,Bengaluru,25.5,Yes,Sedentary,Non-Vegetarian,Never,,8,7,163,6.9,160,100,105,High,Low
9308,48,Male,Delhi,25.7,Yes,Sedentary,Non-Vegetarian,Never,Never,6,8,184,7.4,160,79,102.2,High,Moderate
9317,54,Female,Chennai,28.5,Yes,Sedentary,Non-Vegetarian,Former,Never,7.9,7,179,7.1,132,90,108.9,High,Moderate
9321,56,Male,Bengaluru,22.7,No,Sedentary,Non-Vegetarian,Former,Occasional,8.5,6,322,9.3,130,70,99.7,High,High
9322,45,Male,Chennai,18.6,No,Moderate,Vegetarian,Never,Never,10,8,205,7.5,146,100,93.1,High,Moderate
9324,41,Female,Chennai,23.8,No,Moderate,Pescatarian,Never,,8.2,5,162,7,132,90,97.3,High,Low
9331,55,Male,Delhi,22.4,No,Active,Non-Vegetarian,Former,Never,8.2,3,166,7,160,80,101,High,High
9332,48,Male,Bhopal,24.4,No,Sedentary,Vegetarian,Never,Occasional,9,4,162,6.9,152,92,104.4,Middle,Moderate
9334,46,Male,Delhi,25.6,Yes,Sedentary,Vegetarian,Former,Never,7,10,164,7,158,85,109.1,Middle,Moderate
9340,44,Male,Delhi,21.3,No,Sedentary,Vegetarian,Never,Occasional,4,9,165,7.5,130,100,98.5,High,Low
9347,44,Male,Delhi,27.4,No,Sedentary,Pescatarian,Never,Regular,8,5,150,6.2,130,96,111.3,High,Low
9349,43,Female,Chennai,18.8,Yes,Active,Vegetarian,Never,Never,8,5,175,7.5,140,78,89,Low,Low
9351,50,Female,Chennai,24.2,No,Moderate,Non-Vegetarian,Never,,7.7,7,173,6.8,142,92,99.9,Middle,Low
9352,59,Female,Bhopal,25,No,Moderate,Vegetarian,Never,Never,7,5,184,7.7,140,80,101,,Moderate
9355,21,Female,Bhopal,24.6,Yes,Moderate,Vegetarian,Never,Occasional,7,9,180,7,129,90,103.8,High,Low
9356,64,Female,Delhi,30.3,No,Sedentary,Non-Vegetarian,Never,Occasional,6,9,216,7.6,150,90,110.5,High,High
9360,59,Female,Bengaluru,22.4,No,Moderate,Vegetarian,Never,,6,9,220,8.8,150,96,95,High,High
9361,30,Male,Ahmedabad,21.6,Yes,Active,Pescatarian,Never,Occasional,9,5,160,6.8,110,71,98.7,Middle,Low
9362,34,Male,Ahmedabad,22.3,Yes,Moderate,Vegetarian,Current,Occasional,7.5,6,159,6.6,130,90,98.7,Middle,Low
9364,59,Male,Ahmedabad,29.8,Yes,Sedentary,Non-Vegetarian,Never,Occasional,7,10,168,6.4,168,100,115.4,High,High
9367,61,Female,Bhopal,25.5,Yes,Sedentary,Non-Vegetarian,Never,,8,4,155,6.5,148,80,104,High,Low
9369,31,Female,Hyderabad,15,No,Active,Non-Vegetarian,Never,,7,7,103,5.4,126,82,77.8,Low,Low
9372,52,Female,Ahmedabad,25.8,Yes,Sedentary,Non-Vegetarian,Never,,7.5,5,200,8.1,148,70,106.6,Middle,Moderate
9377,27,Female,Ahmedabad,24.1,No,Sedentary,Vegetarian,Never,Occasional,7,5,172,7.4,120,92,107.4,Middle,Low
9379,60,Female,Delhi,21.9,No,Active,Vegetarian,Never,Regular,9,5,219,7.9,160,100,90.5,Middle,Moderate
9380,63,Female,Bengaluru,22.3,No,Moderate,Non-Vegetarian,Never,,5.5,10,173,6.8,160,80,92.5,High,Low
9383,43,Male,Bengaluru,21.2,Yes,Active,Non-Vegetarian,Never,Never,7,8,194,7.1,124,92,97.1,,Moderate
9385,40,Female,Bengaluru,25.5,No,Sedentary,Vegetarian,Never,,7.1,6,190,7.1,150,84,108.9,Middle,Low
9388,39,Male,Bengaluru,26.5,No,Sedentary,Non-Vegetarian,Never,Never,7,4,216,8.1,132,80,111.4,High,High
9389,47,Male,Hyderabad,24.8,Yes,Moderate,Vegetarian,Never,Never,6,4,155,6.2,130,88,109.8,Middle,Low
9390,45,Female,Chennai,16.5,Yes,Active,Non-Vegetarian,Never,,7,7,175,7.4,150,80,81.2,High,Low
9393,48,Female,Ahmedabad,23.5,No,Active,Non-Vegetarian,Current,Occasional,8,4,166,7.4,110,90,99.3,Middle,Moderate
9394,60,Female,Ahmedabad,25.1,No,Moderate,Non-Vegetarian,Never,Never,8,5,163,6.4,156,100,100.6,Low,Low
9396,39,Male,Ahmedabad,16.7,Yes,Active,Vegetarian,Never,Never,9,5,159,6.6,140,72,85.3,Low,Low
9397,55,Male,Chennai,21.6,No,Sedentary,Vegetarian,Current,Never,9,2,145,7.1,150,74,99,Middle,Low
9399,52,Female,Delhi,24.4,Yes,Active,Vegetarian,Current,Occasional,7,10,157,7,166,90,100,Middle,Low
9401,40,Female,Ahmedabad,22.9,No,Sedentary,Vegetarian,Never,,7,5,119,5.7,126,90,91,Low,Low
9403,23,Male,Hyderabad,21,No,Active,Vegetarian,Never,Never,7.9,8,165,6.5,125,84,98.4,High,Low
9404,48,Female,Bengaluru,24.8,No,Moderate,Non-Vegetarian,Never,Occasional,7,9,179,7.1,140,100,107.5,High,Low
9405,57,Female,Delhi,26.3,Yes,Sedentary,Non-Vegetarian,Current,,5.9,5,189,7.7,137,87,108.1,High,Moderate
9411,48,Male,Delhi,15,No,Active,Vegetarian,Former,Never,7.6,7,101,5.4,140,88,83.9,Middle,Low
9413,42,Male,Ahmedabad,25,No,Active,Vegetarian,Never,Never,7,3,220,8.6,124,90,113.8,Low,Moderate
9418,44,Female,Bengaluru,25,Yes,Sedentary,Non-Vegetarian,Current,,9,10,135,6.1,152,90,103.4,Middle,Low
9425,27,Male,Chennai,19.1,No,Moderate,Non-Vegetarian,Current,Never,9,7,120,6.2,140,84,93.7,Middle,Low
9426,55,Female,Hyderabad,24.6,No,Moderate,Vegetarian,Current,,6,6,225,7.7,150,90,94.9,Low,Moderate
9428,43,Male,Hyderabad,25.8,No,Sedentary,Vegetarian,Never,Occasional,7,6,149,6.6,140,80,115.2,Middle,Low
9433,45,Male,Ahmedabad,23.2,No,Sedentary,Non-Vegetarian,Never,Occasional,8.5,3,116,5.9,150,80,104.8,Middle,Low
9437,51,Female,Delhi,23.1,No,Moderate,Vegetarian,Never,Never,8.1,6,154,6.6,130,80,95.6,Middle,Low
9439,44,Male,Bengaluru,19.4,No,Sedentary,Non-Vegetarian,,Never,10.5,1,199,7,130,80,92.1,Middle,Moderate
9440,54,Female,Hyderabad,26.7,No,Moderate,Non-Vegetarian,Current,Never,7,7,184,8.4,160,80,109.6,Low,High
9441,36,Female,Hyderabad,26.8,No,Sedentary,Vegetarian,Never,,7,4,202,7,150,80,108.4,High,Moderate
9443,44,Male,Delhi,22.8,Yes,Active,Non-Vegetarian,Never,,8.1,7,134,6.3,140,84,98.2,Middle,Low
9445,31,Female,Hyderabad,28.4,No,Moderate,Vegetarian,Current,,7,8,168,7,140,80,116.8,Middle,Moderate
9451,45,Male,Bengaluru,23.9,No,Sedentary,Non-Vegetarian,Current,Regular,8,5,115,6,132,81,102.8,High,Low
9455,43,Female,Bengaluru,22.3,Yes,Active,Pescatarian,Never,Never,7,6,151,6.2,136,92,95,Middle,Low
9456,46,Female,Hyderabad,29.5,No,Moderate,Vegetarian,Never,Occasional,8,8,165,6.6,152,91,115.3,High,High
9461,56,Male,Delhi,33.6,No,Sedentary,Non-Vegetarian,Never,Occasional,8,9,210,8.1,155,85,123.2,High,High
9463,52,Female,Delhi,25.9,Yes,Sedentary,Non-Vegetarian,Never,,6,9,191,6.9,160,80,100.2,High,High
9468,21,Male,Ahmedabad,19.4,Yes,Moderate,Non-Vegetarian,Never,Regular,9,2,129,6.1,123,76,95,Middle,Low
9469,41,Female,Chennai,19.4,No,Active,Non-Vegetarian,Never,Occasional,6,7,218,7.7,130,70,86.8,Middle,Moderate
9470,54,Male,Hyderabad,22.9,No,Sedentary,Non-Vegetarian,Never,Occasional,6.8,8,186,7.3,152,100,99.5,High,Moderate
9474,38,Female,Chennai,28.1,Yes,Active,Vegetarian,Never,,7,5,207,7.6,138,76,113,Low,High
9476,59,Female,Delhi,17.2,Yes,Active,Vegetarian,Never,Occasional,9,6,143,6.3,130,76,84.2,High,Low
9480,34,Male,Chennai,22.4,Yes,Active,Non-Vegetarian,Never,Never,8.5,4,317,9.5,140,80,100.5,High,High
9482,52,Male,Hyderabad,18.2,No,Active,Pescatarian,Never,Regular,8,6,187,6.3,128,100,93,Middle,Low
9493,61,Male,Ahmedabad,27.5,No,Sedentary,Vegetarian,Current,Never,11,5,187,7.1,150,96,118.4,Middle,Moderate
9494,38,Female,Chennai,19.9,No,Active,Vegetarian,Never,Occasional,10,7,111,6,120,76,93.7,Middle,Low
9502,38,Male,Delhi,18.3,No,Active,Non-Vegetarian,Never,Occasional,5,6,193,7.2,120,80,94.1,Middle,Low
9503,57,Male,Delhi,27.4,Yes,Moderate,Vegetarian,Never,Never,6.5,9,182,7,170,98,112.4,Middle,Moderate
9505,48,Female,Chennai,23.5,No,Moderate,Vegetarian,Never,Never,10,6,134,6.7,140,78,98.5,Middle,Low
9506,51,Female,Ahmedabad,18.6,No,Active,Vegetarian,Never,Occasional,6,9,200,8.3,140,84,85.8,Low,Moderate
9509,50,Female,Delhi,24.7,No,Moderate,Non-Vegetarian,Current,,9,8,173,6.6,145,90,100.9,High,Moderate
9510,45,Male,Delhi,23.2,No,Moderate,Non-Vegetarian,Never,,9,5,116,5.7,139,72,104.2,Middle,Low
9513,44,Female,Delhi,17.1,Yes,Active,Non-Vegetarian,Never,,6,9,146,7.3,112,91,81.3,Low,Low
9515,55,Female,Ahmedabad,24.2,No,Moderate,Vegetarian,Never,,6,10,143,6.1,160,97,104,Low,Low
9516,38,Male,Ahmedabad,25.4,No,Sedentary,Vegetarian,Never,Never,8,1,196,7.3,110,74,114.5,Low,High
9518,29,Male,Ahmedabad,21.9,No,Active,Vegetarian,Never,Regular,7,3,174,6.5,128,84,98,High,Low
9520,61,Male,Bengaluru,20.6,No,Active,Non-Vegetarian,Never,Occasional,7,6,179,7,150,88,96.2,Middle,Moderate
9521,32,Female,Bengaluru,20.7,Yes,Active,Non-Vegetarian,Never,,8,6,149,6.2,122,80,89,Middle,Low
9522,18,Male,Bhopal,30.7,No,Sedentary,Vegetarian,Never,Never,11,2,156,6.5,120,72,120.5,Middle,Low
9523,44,Female,Delhi,22.9,No,Active,Non-Vegetarian,Never,,8,6,142,6.3,130,90,97.7,Middle,Low
9524,18,Female,Hyderabad,17.5,No,Sedentary,Non-Vegetarian,Never,Occasional,6,7,104,5.7,112,80,87.1,Middle,Low
9526,43,Male,Bengaluru,24.9,Yes,Active,Vegetarian,Never,Occasional,7.3,3,180,6.9,140,72,104.7,Low,Moderate
9528,49,Male,Delhi,23.8,Yes,Moderate,Non-Vegetarian,Current,Occasional,8,6,141,6.1,160,92,109.7,High,Low
9529,52,Female,Delhi,20.5,No,Moderate,Vegetarian,Former,Never,6,8,156,6.5,140,80,92,High,Low
9531,45,Female,Bengaluru,19.5,Yes,Moderate,Vegetarian,Never,,8,9,172,6.5,150,80,87.7,High,Moderate
9534,54,Male,Bengaluru,18.9,Yes,Sedentary,Vegetarian,Current,Occasional,5,10,220,7.3,140,90,91.4,High,Moderate
9535,48,Female,Bengaluru,23.6,No,Sedentary,Vegetarian,Never,Never,8,9,156,7,133,100,99.9,Middle,Low
9538,43,Female,Bengaluru,17.5,No,Active,Non-Vegetarian,Former,Never,8,8,165,7.2,130,96,84.1,Middle,Low
9541,57,Male,Delhi,24.3,Yes,Moderate,Non-Vegetarian,Current,Never,7.9,7,145,6.4,120,100,104.4,Middle,Moderate
9543,40,Male,Bengaluru,24.8,Yes,Sedentary,Non-Vegetarian,Current,,7.6,6,145,6.5,130,84,103.4,Middle,Low
9547,46,Male,Delhi,23.1,No,Sedentary,Vegetarian,Current,Never,6,7,191,7.7,152,92,107.7,Middle,High
9558,47,Female,Delhi,19.8,Yes,Active,Vegetarian,Former,Occasional,8,7,153,6.4,150,80,86.2,Low,Low
9559,39,Male,Delhi,21.1,No,Active,Vegetarian,Current,Occasional,8.3,3,117,5.5,140,88,99.8,Middle,Low
9561,48,Male,Bengaluru,30.6,No,Sedentary,Non-Vegetarian,Current,Never,8.5,7,166,7.1,170,110,119.8,Middle,Low
9562,47,Male,Hyderabad,23.5,No,Sedentary,Non-Vegetarian,Former,,5,4,161,6.8,126,80,105.4,Middle,Low
9563,58,Female,Hyderabad,18.1,Yes,Active,Non-Vegetarian,Current,Regular,7.5,9,200,6.9,147,92,87.1,Middle,Moderate
9564,41,Male,Delhi,24.3,Yes,Sedentary,Non-Vegetarian,Never,Occasional,5,10,157,6.3,130,92,106.3,High,Low
9565,49,Female,Bhopal,18.2,No,Sedentary,Non-Vegetarian,Never,,8,8,185,7.6,140,92,86.1,High,Low
9567,35,Female,Delhi,21.1,Yes,Moderate,Non-Vegetarian,Never,,6,8,198,7.1,130,80,90.2,Middle,Moderate
9569,18,Male,Hyderabad,24,No,Sedentary,Non-Vegetarian,Never,Occasional,7.5,6,159,6.9,148,84,110.2,High,Low
9570,49,Male,Hyderabad,29.1,Yes,Active,Vegetarian,Current,Occasional,7.5,5,268,9.7,150,80,115.1,Middle,High
9582,37,Female,Delhi,23.3,No,Active,Vegetarian,Never,Never,8,5,186,7.4,128,87,98.3,High,Moderate
9589,33,Female,Hyderabad,23,Yes,Active,Non-Vegetarian,Never,,7.1,5,175,7.6,120,80,98.3,Low,Moderate
9591,42,Female,Bengaluru,19,Yes,Active,Non-Vegetarian,Never,Regular,7,4,148,6.3,132,80,88.6,Middle,Low
9592,50,Male,Delhi,26.5,Yes,Moderate,Non-Vegetarian,Never,Occasional,5.6,9,177,6.7,160,98,111.1,High,Moderate
9593,26,Male,Bengaluru,22.7,No,Moderate,Non-Vegetarian,Current,Never,8,7,182,7.3,100,93,100.1,Middle,Low
9594,39,Female,Bengaluru,18.8,Yes,Active,Pescatarian,Former,,6,9,157,6.4,158,100,83.1,High,Low
9597,35,Female,Delhi,23,No,Moderate,Non-Vegetarian,,Never,5.7,10,183,7.1,144,80,96.4,Middle,Low
9599,52,Male,Delhi,20.2,No,Active,Non-Vegetarian,Never,Occasional,7,8,144,6.9,160,78,92.6,Middle,Low
9600,59,Female,Bengaluru,24.3,Yes,Moderate,Vegetarian,Current,,6.5,7,185,7.2,142,94,93.9,Middle,Moderate
9601,28,Female,Bengaluru,19.2,No,Active,Vegetarian,Current,Occasional,7.1,8,154,6.5,150,90,85.3,Low,Low
9602,42,Female,Delhi,25.7,No,Sedentary,Non-Vegetarian,Current,,8.6,6,153,6.8,130,88,103.8,Middle,Low
9603,56,Male,Ahmedabad,25.8,Yes,Moderate,Non-Vegetarian,Never,Occasional,8,8,169,7,135,88,114.4,Low,Low
9607,18,Male,Ahmedabad,27.3,Yes,Moderate,Non-Vegetarian,Never,Occasional,6.2,7,143,6.4,140,80,107.4,,Low
9610,58,Female,Bengaluru,21.4,Yes,Moderate,Non-Vegetarian,Never,Never,5.5,7,157,6.8,120,83,99.3,Middle,Low
9611,43,Female,Bhopal,27,No,Sedentary,Vegetarian,Never,,7,9,142,6.7,150,89,103.6,Low,Low
9613,43,Female,Chennai,25.4,No,Moderate,Vegetarian,Never,Never,7.5,3,161,6.6,130,80,108.6,Middle,Low
9614,24,Male,Delhi,18.9,No,Active,Non-Vegetarian,Current,Occasional,5,7,97,5.6,110,80,94.5,Low,Low
9615,46,Male,Hyderabad,23.8,No,Moderate,Vegetarian,Current,Never,9,9,170,7.1,150,90,102,,Low
9616,41,Male,Hyderabad,22.5,No,Sedentary,Vegetarian,Never,Never,7,10,140,6.5,160,80,101.1,High,Low
9618,41,Female,Hyderabad,27,Yes,Sedentary,Vegetarian,Current,,8.5,4,161,7.1,156,91,104,Middle,Moderate
9620,37,Male,Bhopal,18.6,No,Active,Non-Vegetarian,Never,Occasional,8.5,4,135,6.5,124,78,93.1,Middle,Low
9621,43,Male,Ahmedabad,20.5,No,Sedentary,Vegetarian,Never,Never,6,5,110,5.4,140,80,96,Middle,Low
9622,46,Female,Hyderabad,18.3,No,Moderate,Non-Vegetarian,,,6.5,5,181,7.3,140,90,89.5,Low,Moderate
9625,30,Female,Bhopal,21.5,No,Moderate,Vegetarian,Never,Never,6.8,2,177,7.5,130,90,93.2,Middle,Low
9626,42,Female,Hyderabad,16.2,Yes,Active,Non-Vegetarian,Never,Never,8.8,5,262,9.3,140,80,84.9,Low,High
9628,25,Male,Delhi,24,No,Active,Vegetarian,Never,Occasional,8.5,4,209,7.9,123,80,105.2,High,Moderate
9630,25,Male,Bhopal,20.2,No,Active,Vegetarian,Never,Regular,8,2,195,7.4,124,80,98.3,Middle,Low
9631,19,Female,Delhi,25.3,Yes,Moderate,Vegetarian,Former,,8,6,199,7.5,130,85,101.8,Low,Moderate
9633,43,Female,Delhi,16.6,No,Active,Non-Vegetarian,Current,Never,5,7,119,5.9,146,80,79.2,Middle,Low
9635,58,Male,Bengaluru,21.1,Yes,Moderate,Non-Vegetarian,Former,Occasional,8,8,214,7.6,160,96,101.2,Middle,High
9637,53,Male,Bengaluru,22.2,Yes,Moderate,Non-Vegetarian,Current,Never,8,9,175,6.9,154,90,104.1,High,Moderate
9639,57,Male,Ahmedabad,19,No,Active,Vegetarian,Never,Never,7,6,182,6.7,136,84,92.4,High,Low
9640,52,Male,Ahmedabad,21.4,No,Active,Non-Vegetarian,Current,Occasional,7.1,4,188,7.8,155,84,97.3,Low,High
9641,37,Female,Bengaluru,19.3,Yes,Active,Non-Vegetarian,Never,,6.9,6,184,7.1,160,85,88.2,High,Low
9643,50,Male,Ahmedabad,25.4,No,Sedentary,Vegetarian,Current,Regular,8,2,165,7.2,130,83,105.8,Low,Low
9645,64,Female,Bhopal,26.4,Yes,Sedentary,Non-Vegetarian,Never,,8,9,154,6.7,140,100,101.9,High,Moderate
9648,63,Female,Delhi,26.3,No,Sedentary,Vegetarian,Current,Never,7.5,6,185,7.2,150,88,101.2,Middle,Low
9650,44,Male,Bengaluru,21.3,No,Moderate,Vegetarian,Never,Never,9,6,141,6.1,140,80,100,Middle,Low
9654,37,Male,Delhi,22.9,Yes,Active,Non-Vegetarian,Never,Occasional,6,7,188,7.6,130,84,96.1,High,Moderate
9661,57,Female,Hyderabad,19.3,Yes,Moderate,Vegetarian,Former,Never,8.5,5,149,6.4,144,92,87.8,Middle,Low
9666,33,Female,Chennai,16.8,Yes,Active,Non-Vegetarian,Former,Occasional,8,6,162,7.3,120,76,82,Middle,Low
9672,53,Female,Hyderabad,25.7,No,Moderate,Vegetarian,Former,,8,8,254,8.2,142,90,103.6,High,High
9673,46,Male,Delhi,25.9,Yes,Moderate,Vegetarian,Never,Never,7.5,5,193,7.2,120,90,105.5,Middle,High
9676,47,Male,Delhi,22.3,No,Moderate,Vegetarian,Current,Occasional,7,4,168,7.1,148,88,97.7,High,Moderate
9678,34,Female,Delhi,19.6,No,Active,Vegetarian,Never,,9,7,170,7.6,118,80,90,Middle,Low
9687,26,Female,Bengaluru,31.6,Yes,Sedentary,Vegetarian,Current,,7,8,209,8,130,92,118.6,High,Moderate
9688,34,Male,Bengaluru,21,No,Moderate,Vegetarian,Never,Never,8,4,151,6,115,80,99.7,High,Low
9692,53,Male,Bengaluru,24.4,Yes,Active,Vegetarian,Never,Never,6,8,200,7.1,142,83,109.4,High,High
9698,44,Female,Bengaluru,23.9,No,Moderate,Vegetarian,Former,Occasional,7,9,171,6.6,152,90,101.4,High,Low
9699,47,Female,Hyderabad,25.8,No,Sedentary,Non-Vegetarian,Current,Never,5,7,210,8.1,152,94,109.3,High,High
9706,47,Male,Chennai,24.9,No,Sedentary,Non-Vegetarian,Never,Never,8,9,214,8.3,150,90,106.4,High,High
9707,25,Male,Ahmedabad,20.5,No,Sedentary,Vegetarian,Never,,7,8,279,8.7,130,80,100.6,Middle,High
9708,39,Male,Delhi,21.7,Yes,Active,Vegetarian,Never,Never,7.5,10,202,7.3,140,90,102.2,High,Moderate
9710,40,Female,Bengaluru,19,Yes,Active,Vegetarian,Never,,7,6,151,6.7,137,80,85.7,Middle,Low
9713,29,Female,Delhi,22.6,Yes,Moderate,Vegetarian,Never,Occasional,7,8,203,8,132,80,96.4,Middle,High
9715,41,Female,Ahmedabad,23.6,Yes,Active,Vegetarian,Never,,7,5,144,6.5,140,93,103.1,Middle,Low
9719,46,Male,Delhi,16.3,No,Active,Vegetarian,Never,Never,9,5,146,7,120,76,84,Middle,Low
9722,51,Male,Chennai,20.8,No,Active,Vegetarian,Never,Never,6,6,215,8.7,140,92,101.1,High,High
9725,46,Male,Ahmedabad,20,Yes,Moderate,Pescatarian,Never,Occasional,8,3,179,7,130,80,96.7,Middle,Low
9726,52,Male,Hyderabad,28.3,No,Sedentary,Non-Vegetarian,Never,Regular,8.5,5,154,6.4,140,90,120.5,Low,Low
9728,38,Male,Ahmedabad,28.7,No,Active,Vegetarian,Never,Regular,8,1,102,6,130,80,115,Middle,Low
9731,42,Female,Chennai,19.1,Yes,Active,Non-Vegetarian,Never,Regular,6,6,212,7.4,150,89,91.4,,High
9732,38,Female,Bhopal,21.6,No,Active,Vegetarian,Never,Occasional,7.5,5,151,6.8,150,84,92.2,Middle,Low
9735,42,Male,Chennai,24.7,No,Sedentary,Non-Vegetarian,Never,Regular,8,7,142,6.6,140,84,103.9,Middle,Low
9738,47,Male,Bengaluru,20.7,Yes,Sedentary,Vegetarian,Never,Regular,8.5,5,139,6,128,87,94.1,,Low
9741,45,Female,Hyderabad,22.6,Yes,Sedentary,Non-Vegetarian,Never,,7,6,185,7.1,160,96,93.8,High,Moderate
9742,50,Female,Bhopal,22.8,Yes,Active,Non-Vegetarian,Never,Never,9,4,107,5.5,130,92,100.3,Middle,Low
9743,37,Female,Bengaluru,21.1,No,Moderate,Non-Vegetarian,Current,,6,7,150,6.3,130,90,90.9,Middle,Low
9744,56,Female,Delhi,22.1,No,Active,Vegetarian,Current,Occasional,9.3,4,162,6.5,144,99,90.8,Middle,Moderate
9746,43,Female,Hyderabad,20.1,Yes,Moderate,Non-Vegetarian,Never,,6,7,162,6.4,130,80,89.1,High,Low
9747,57,Female,Delhi,18.7,Yes,Moderate,Non-Vegetarian,Current,,8,7,235,7.8,148,100,89.5,Middle,Moderate
9748,46,Male,Hyderabad,22.2,No,Sedentary,Vegan,Never,Never,6.2,9,169,6.5,140,96,102.9,Middle,Low
9754,51,Female,Hyderabad,17,Yes,Active,Non-Vegetarian,Current,,7.9,4,189,7.6,140,80,80.6,Middle,Moderate
9758,46,Female,Bengaluru,25.2,Yes,Sedentary,Vegetarian,Never,,6,7,207,8,148,80,104.4,High,High
9759,60,Female,Bhopal,22.2,No,Moderate,Non-Vegetarian,Never,Never,7,8,167,7.1,152,98,95.5,Middle,Moderate
9761,42,Female,Delhi,23.7,Yes,Moderate,Non-Vegetarian,Never,Never,8.5,4,170,7,130,80,101.3,Middle,Moderate
9763,53,Female,Delhi,34.3,Yes,Sedentary,Non-Vegetarian,Never,Occasional,8,8,171,7.1,136,80,129.1,Middle,Moderate
9766,56,Female,Chennai,20.8,No,Active,Vegetarian,Never,Regular,7,7,203,7.9,126,80,89.2,High,High
9767,43,Female,Chennai,26.8,No,Sedentary,Vegetarian,Never,Never,6,6,214,7.6,140,88,107.6,High,Moderate
9770,35,Female,Ahmedabad,18.1,Yes,Active,Non-Vegetarian,Current,Occasional,8,7,164,6.6,130,68,82.1,High,Low
9772,52,Female,Delhi,19.5,No,Moderate,Vegetarian,Never,,6.8,7,237,7.8,160,94,87,Middle,High
9773,36,Female,Chennai,21.4,No,Active,Vegetarian,Never,Regular,8,6,106,5.5,150,100,94.2,Middle,Low
9779,41,Female,Bhopal,20.8,Yes,Sedentary,Vegetarian,Current,Never,7,5,138,6.3,140,90,87.8,Middle,Low
9781,48,Male,Delhi,23.1,No,Sedentary,Pescatarian,Never,Occasional,8,7,205,8,128,90,106.6,Middle,Moderate
9782,40,Male,Bengaluru,18.1,No,Active,Vegetarian,Never,Never,10,4,117,6.1,139,84,88.4,Middle,Low
9784,51,Male,Chennai,25.5,No,Moderate,Vegetarian,Never,Regular,8,8,191,6.5,160,92,111.8,Middle,Low
9785,33,Male,Delhi,23.8,No,Active,Vegetarian,Never,Occasional,9,5,127,6.3,140,80,102.6,High,Low
9788,31,Female,Bengaluru,25.4,No,Moderate,Vegetarian,Never,,6.4,7,159,6.6,148,76,102.2,,Low
9794,43,Male,Bhopal,27.1,Yes,Sedentary,Non-Vegetarian,Current,Occasional,6,6,172,7.2,148,90,108.2,Middle,Moderate
9796,38,Female,Hyderabad,26.6,No,Moderate,Vegetarian,Never,Occasional,6,7,307,9.9,130,88,107.4,High,High
9797,54,Female,Bengaluru,27,No,Sedentary,Non-Vegetarian,Never,,7.4,7,150,6.4,160,90,105.2,High,Low
9798,54,Male,Bhopal,24.3,Yes,Sedentary,Non-Vegetarian,Never,Regular,9,7,164,6.6,140,80,101.8,Low,Low
9801,44,Male,Bengaluru,23.5,No,Sedentary,Non-Vegetarian,,,6,6,195,7.1,140,80,103.5,Middle,Low
9804,37,Male,Chennai,18.5,No,Moderate,Vegetarian,Never,,7,7,118,5.6,125,88,90.1,,Low
9808,48,Male,Delhi,25.6,Yes,Moderate,Vegetarian,Never,Never,7,7,260,9.3,140,80,109.8,Middle,High
9809,18,Male,Hyderabad,20.2,No,Active,Vegetarian,Former,Never,7,6,134,6.1,111,80,95.3,Low,Low
9811,40,Male,Delhi,29.9,No,Sedentary,Vegetarian,Former,,7,8,172,6.3,156,82,124.8,Low,Low
9815,57,Female,Bengaluru,21.6,Yes,Moderate,Non-Vegetarian,Never,Never,6,9,141,6.3,151,100,92.1,High,Low
9818,46,Female,Chennai,22.2,No,Sedentary,Vegetarian,Never,Never,7,5,110,6.3,140,80,94.5,Middle,Low
9819,50,Female,Bengaluru,23.5,No,Active,Non-Vegetarian,Current,Occasional,6,10,153,5.6,160,100,97.5,High,Low
9820,40,Male,Delhi,26.2,Yes,Moderate,Non-Vegetarian,Former,Regular,7,8,186,7.5,148,90,110.9,Middle,High
9821,35,Female,Delhi,20.1,No,Moderate,Pescatarian,Former,Occasional,7,10,184,7.1,130,97,88,Middle,Moderate
9822,46,Female,Chennai,23.9,No,Sedentary,Non-Vegetarian,Never,Occasional,6,7,109,5.9,140,72,97.9,Low,Low
9823,43,Female,Chennai,22.5,Yes,Moderate,Non-Vegetarian,Never,,7.4,9,202,8.1,140,90,96,High,High
9824,56,Male,Hyderabad,16.8,No,Active,Pescatarian,,Never,7,8,160,6.9,160,86,87.4,High,Low
9827,39,Female,Hyderabad,24.5,No,Moderate,Non-Vegetarian,Never,Occasional,9,3,157,6.5,130,80,100.9,Middle,Low
9830,46,Male,Delhi,21,Yes,Moderate,Non-Vegetarian,Never,Never,7,6,162,6.8,148,80,98.7,Low,Moderate
9831,51,Male,Bengaluru,17.7,No,Sedentary,Vegetarian,Never,Never,5,2,101,6,121,80,87.9,High,Low
9834,43,Female,Bengaluru,18.7,No,Active,Vegetarian,Never,Occasional,6.4,7,156,6.5,144,90,83.5,Middle,Low
9837,42,Female,Hyderabad,23.1,No,Sedentary,Vegetarian,Never,,7,3,166,6.8,140,80,96.3,Middle,Low
9838,31,Male,Delhi,20.3,No,Active,Non-Vegetarian,Never,Never,8.5,2,199,7.7,130,78,99.8,Low,Moderate
9839,47,Male,Ahmedabad,29.6,Yes,Sedentary,Non-Vegetarian,Never,,7.4,7,162,6.7,154,100,122,Middle,Moderate
9842,43,Female,Ahmedabad,18.7,Yes,Active,Vegetarian,Never,,8,5,140,6.3,145,84,84.5,Middle,Low
9845,63,Male,Ahmedabad,16.8,No,Active,Non-Vegetarian,Never,Never,8,7,175,6.8,140,90,82.9,High,Low
9846,53,Male,Chennai,20.3,No,Active,Non-Vegetarian,Never,Never,8,6,215,7.9,140,92,96.5,Middle,Moderate
9849,35,Male,Bengaluru,26.2,No,Sedentary,Vegetarian,Former,,6,7,97,5.7,150,84,112.9,High,Low
9850,46,Female,Ahmedabad,32.6,Yes,Sedentary,Pescatarian,Never,Never,8,4,155,7.4,150,78,121.1,Middle,Moderate
9851,50,Male,Bengaluru,23.1,Yes,Active,Non-Vegetarian,Never,Never,6.5,8,190,6.8,149,90,102.3,Low,Moderate
9853,38,Male,Delhi,29,Yes,Sedentary,Vegetarian,Former,Occasional,7,7,168,6.5,150,78,116.5,High,Low
9854,41,Male,Delhi,24.2,Yes,Moderate,Non-Vegetarian,Current,Occasional,7,4,219,7.6,130,80,103.2,Middle,Moderate
9855,44,Female,Delhi,17.4,No,Sedentary,Non-Vegetarian,Never,Never,8,7,181,7.4,127,91,82.3,High,Moderate
9858,49,Female,Ahmedabad,20.8,Yes,Moderate,Vegetarian,Never,Never,8,2,144,6.5,140,84,91.2,Low,Low
9861,40,Female,Hyderabad,28.9,No,Sedentary,Non-Vegetarian,Never,Occasional,7,6,174,6.9,170,74,106.6,Middle,Moderate
9862,50,Female,Chennai,28.8,No,Moderate,Non-Vegetarian,Never,Never,9,7,158,6.7,132,86,111,Middle,Moderate
9864,40,Male,Bengaluru,25.5,No,Moderate,Pescatarian,Never,Never,7,5,161,6.7,120,80,113.3,Middle,Low
9865,58,Female,Hyderabad,24.1,No,Moderate,Non-Vegetarian,Never,,6,6,189,7.3,145,106,98,Middle,Moderate
9873,62,Male,Bengaluru,25.4,No,Sedentary,Vegetarian,Never,Never,8,6,164,6.7,150,90,106.8,Middle,Moderate
9875,48,Female,Chennai,24.2,Yes,Active,Non-Vegetarian,Never,,7,7,182,7.3,150,82,103.9,High,Moderate
9876,56,Female,Hyderabad,26,No,Moderate,Non-Vegetarian,Former,Never,8,8,233,8.2,140,110,104.6,Middle,High
9878,47,Female,Delhi,23.7,Yes,Moderate,Non-Vegetarian,Never,,7.5,5,149,6.6,140,79,102.9,Middle,Low
9880,38,Other,Hyderabad,23.3,No,Active,Non-Vegetarian,Never,Occasional,8,8,143,6.4,156,85,101.6,Middle,Low
9881,63,Female,Hyderabad,25.2,No,Moderate,Non-Vegetarian,Current,,8,7,188,7.5,146,97,105.6,Middle,Moderate
9883,28,Male,Bengaluru,18.8,No,Moderate,Non-Vegetarian,Current,,4,8,141,6,124,100,88.7,High,Low
9884,41,Male,Chennai,28,No,Moderate,Non-Vegetarian,Current,Never,8.5,5,219,8.5,132,90,111.7,Middle,Moderate
9887,54,Male,Ahmedabad,23.8,No,Moderate,Vegetarian,Never,Occasional,9.4,4,193,7.6,140,80,105.5,Low,High
9888,50,Male,Chennai,28.8,No,Active,Non-Vegetarian,Former,Never,8,4,199,7.3,144,80,113.9,Middle,Low
9889,68,Female,Delhi,23.1,No,Sedentary,Non-Vegetarian,Current,Never,6,7,147,6.5,160,100,94.6,Middle,Moderate
9890,47,Female,Bengaluru,23.1,Yes,Moderate,Vegan,Never,Never,7,7,198,8.1,150,91,95.5,High,High
9893,54,Female,Bengaluru,24.8,No,Moderate,Non-Vegetarian,Never,Never,8,5,221,7.2,129,96,106.2,Low,High
9894,49,Female,Bengaluru,23.5,No,Active,Vegetarian,Never,,6.9,7,172,6.6,130,80,95.5,Middle,Moderate
9897,48,Female,Bengaluru,26.4,No,Sedentary,Non-Vegetarian,Never,Occasional,7,9,160,6.6,140,100,105.8,High,Low
9899,27,Male,Ahmedabad,18.9,No,Active,Non-Vegetarian,Never,Never,9,4,114,5.9,140,76,88.9,Middle,Low
9900,39,Female,Delhi,25.7,No,Moderate,Non-Vegetarian,Never,Never,6,9,225,8.2,140,90,102.2,High,High
9902,36,Male,Ahmedabad,20.9,No,Moderate,Non-Vegetarian,Never,Never,9,4,140,6.6,114,84,95.1,Middle,Low
9903,31,Male,Delhi,19.7,No,Active,Non-Vegetarian,Never,Occasional,7,8,141,6.3,130,80,99,High,Low
9909,46,Female,Delhi,16.6,Yes,Moderate,Pescatarian,Never,Never,8,8,138,6.1,132,70,81.5,Middle,Low
9912,40,Male,Delhi,36.3,No,Sedentary,Non-Vegetarian,Former,Occasional,7.5,6,176,7,140,100,135.1,High,Moderate
9913,47,Male,Bengaluru,20.2,No,Moderate,Vegetarian,Never,Occasional,8,7,120,5.8,130,96,90.2,High,Low
9916,46,Male,Hyderabad,20.5,Yes,Active,Non-Vegetarian,Never,Occasional,7,9,168,7.2,140,100,96.3,Middle,High
9919,56,Female,Ahmedabad,22.2,No,Active,Non-Vegetarian,Current,,6.9,5,118,5.7,130,76,99.4,Middle,Low
9921,44,Male,Ahmedabad,20.8,No,Active,Non-Vegetarian,Never,,7.8,2,181,6.9,132,80,105.8,Middle,Moderate
9923,27,Male,Delhi,22,No,Moderate,Vegetarian,Never,Never,7.5,5,236,8.2,120,80,99.5,Middle,Low
9925,54,Male,Bengaluru,23.7,Yes,Moderate,Pescatarian,Never,Never,8,7,214,7.3,140,80,101.4,Middle,High
9930,51,Female,Delhi,18.4,No,Active,Vegetarian,Never,Occasional,8,7,188,7.1,130,70,85.5,Middle,High
9932,40,Male,Chennai,24.8,No,Active,Vegetarian,Never,,8,6,143,6.6,136,70,107.6,Middle,Low
9935,59,Female,Hyderabad,30.2,No,Moderate,Vegetarian,Never,Regular,6,8,198,8.1,152,90,115.3,Middle,High
9937,60,Female,Bhopal,24.5,Yes,Sedentary,Vegetarian,Current,Occasional,7,7,156,6.5,150,110,100.3,Middle,Moderate
9938,41,Female,Ahmedabad,25.3,No,Sedentary,Non-Vegetarian,Current,Never,8,4,147,6.8,122,80,100.2,Middle,Low
9940,28,Male,Bengaluru,16.5,No,Moderate,Non-Vegetarian,Current,Occasional,6.1,4,114,5.8,125,76,86,High,Low
9944,33,Female,Delhi,30.5,No,Sedentary,Non-Vegetarian,Never,,7,3,148,6.6,136,80,115,High,Low
9945,51,Female,Bengaluru,28,No,Moderate,Vegan,Never,Never,6.5,8,180,7.3,150,84,108.9,Middle,Moderate
9946,29,Female,Bhopal,27.4,No,Sedentary,Non-Vegetarian,Never,Never,5,7,150,6.3,145,80,107.4,Low,Low
9947,25,Male,Delhi,17.5,No,Active,Non-Vegetarian,Former,Never,7.5,4,146,6.7,136,70,91,Middle,Low
9948,48,Female,Delhi,20,No,Sedentary,Vegetarian,Never,Regular,6,8,181,7.2,150,70,90.7,Low,Moderate
9954,47,Male,Hyderabad,29.3,Yes,Sedentary,Non-Vegetarian,Former,Never,7,6,177,7.1,170,70,111.6,Low,Low
9957,38,Female,Chennai,17.2,Yes,Moderate,Vegetarian,Never,Never,8,7,172,7.5,130,80,81.1,Middle,Low
9958,50,Female,Chennai,18.8,No,Active,Non-Vegetarian,Never,,7,8,162,7.1,136,80,84.9,Low,Low
9963,36,Male,Bengaluru,18.3,No,Active,Non-Vegetarian,Former,,7,6,99,5.8,135,86,92.5,Middle,Low
9964,53,Male,Ahmedabad,29.1,No,Sedentary,Non-Vegetarian,Current,Occasional,7.7,3,176,6.9,144,75,120.4,Middle,Low
9965,22,Male,Bengaluru,27.9,Yes,Sedentary,Non-Vegetarian,Former,Occasional,7,7,158,6.6,148,90,109.7,High,Low
9966,46,Female,Delhi,29.6,No,Sedentary,Non-Vegetarian,Current,Never,9.2,3,177,6.9,164,88,108.9,,Moderate
9969,53,Male,Bhopal,19.8,No,Active,Vegetarian,Never,Occasional,9,3,153,6.9,151,80,94.3,Low,Low
9973,55,Male,Delhi,22,No,Active,Vegetarian,Never,Occasional,7,8,166,6.3,140,80,99.5,Low,Moderate
9979,43,Male,Chennai,19.6,No,Active,Vegan,Never,,8.6,3,182,6.9,140,84,97.3,Middle,Low
9981,45,Male,Bengaluru,24.5,Yes,Moderate,Vegetarian,Never,Occasional,7,7,211,7.4,160,88,108,Middle,Moderate
9982,50,Female,Hyderabad,28.9,No,Sedentary,Non-Vegetarian,Never,,6.5,4,162,7.1,140,90,104.8,Low,Low
9983,59,Female,Bengaluru,17,No,Active,Vegetarian,Former,Occasional,9,6,117,5.6,136,90,82.5,High,Low
9987,38,Male,Chennai,19.8,No,Active,Vegetarian,Never,Occasional,6.7,5,103,6.1,148,62,91.2,Low,Low
9989,47,Male,Bengaluru,28.8,Yes,Moderate,Non-Vegetarian,Former,Never,8,6,221,7.7,140,86,114.8,High,Moderate
9994,41,Male,Bengaluru,23.8,No,Sedentary,Non-Vegetarian,Never,,8,6,163,7.1,150,80,98.7,Middle,Low
9996,33,Female,Ahmedabad,17.5,Yes,Moderate,Pescatarian,Never,Never,7.7,5,118,5.7,120,88,80.7,Middle,Low
9997,30,Female,Ahmedabad,23.4,No,Moderate,Pescatarian,Never,Occasional,8,7,122,5.9,120,90,96.4,Middle,Low
9998,39,Male,Delhi,23.7,No,Moderate,Non-Vegetarian,Never,Regular,6,10,216,7.6,160,90,108.9,High,Moderate
9999,53,Male,Bengaluru,30.5,No,Sedentary,Vegetarian,Never,Occasional,7,8,191,6.8,149,84,123.4,High,Moderate
10000,46,Female,Bhopal,23.2,No,Sedentary,Non-Vegetarian,Never,Never,7.4,5,103,5.7,150,100,95.6,High,Low
10001,45,Female,Bengaluru,16,No,Active,Vegetarian,Never,Regular,6.5,5,109,5.8,117,80,81.3,Low,Low
10005,42,Male,Hyderabad,17.4,No,Active,Vegetarian,Current,Occasional,7.5,8,159,6.7,140,100,85.8,Middle,Low
10007,44,Female,Hyderabad,28.9,No,Sedentary,Non-Vegetarian,Never,Never,6,9,165,6.9,160,90,109,High,Low
10008,50,Male,Delhi,29.6,No,Sedentary,Non-Vegetarian,Never,Occasional,7.5,4,168,6.7,150,88,116.5,Middle,Low
10012,52,Male,Bhopal,18.6,No,Active,Non-Vegetarian,Never,Regular,6.9,7,232,8.1,120,80,89.3,Middle,High
10013,32,Female,Ahmedabad,22.9,Yes,Active,Non-Vegetarian,Current,,7,4,118,5.9,133,68,101.7,Low,Low
10014,56,Female,Delhi,18.6,No,Active,Non-Vegetarian,Current,,6.2,9,176,7.1,148,86,87.5,High,Low
10016,52,Male,Ahmedabad,28.3,No,Sedentary,Vegetarian,Current,Never,8.1,3,148,6.3,132,90,123.3,Middle,Low
10019,39,Female,Hyderabad,26.7,No,Moderate,Non-Vegetarian,Never,Occasional,7,5,201,7.3,121,92,108.3,Middle,Moderate
10021,34,Female,Delhi,21.1,No,Sedentary,Vegetarian,Never,Never,6,9,168,7.2,131,80,93.7,High,Low
10022,41,Male,Hyderabad,24,Yes,Sedentary,Vegetarian,Current,,7,9,167,6.6,140,86,104,,Low
10032,35,Female,Delhi,17,No,Moderate,Non-Vegetarian,,Never,8,8,136,6.6,124,80,82.9,High,Low
10033,53,Male,Delhi,17.6,No,Sedentary,Non-Vegetarian,Never,Never,8,10,190,7.3,130,90,86.8,High,Moderate
10035,33,Female,Hyderabad,17.2,No,Active,Non-Vegetarian,Current,Never,7,5,142,6.5,115,80,80.2,Middle,Low
10036,58,Female,Delhi,20.3,Yes,Active,Non-Vegetarian,Never,Never,8.2,3,196,8.2,140,97,89.9,High,High
10037,62,Female,Hyderabad,23.8,No,Moderate,Vegetarian,Never,,7,10,143,6.7,174,90,100.4,Middle,Low
10045,52,Male,Ahmedabad,25.5,No,Sedentary,Vegetarian,Never,Never,8,2,146,6.6,150,92,109.3,Low,Moderate
10056,47,Male,Ahmedabad,23.6,No,Moderate,Non-Vegetarian,Current,,7.5,4,155,6.7,130,80,104.7,Low,Low
10060,36,Female,Delhi,22.4,No,Active,Pescatarian,Never,Occasional,7,7,141,6.2,115,80,93.4,High,Low
10061,55,Male,Hyderabad,24.7,No,Sedentary,Non-Vegetarian,Never,Occasional,6,6,164,6.9,147,90,105.1,High,Low
10064,29,Male,Chennai,16.7,Yes,Active,Vegetarian,Never,,8,8,134,6,160,88,84.5,,Low
10065,44,Female,Hyderabad,21.3,No,Active,Non-Vegetarian,Former,,6.4,6,157,6.7,136,80,94.8,Low,Moderate
10067,43,Female,Hyderabad,15.8,No,Active,Non-Vegetarian,Never,Occasional,7,7,145,5.5,150,85,78.8,Middle,Low
10069,47,Female,Hyderabad,27,No,Sedentary,Non-Vegetarian,Never,Never,7,6,292,9.7,158,80,111.2,High,High
10070,39,Male,Bengaluru,21.7,Yes,Sedentary,Pescatarian,Former,Never,7,7,177,7.6,130,90,100.8,Middle,Moderate
10076,48,Female,Chennai,24.3,No,Sedentary,Non-Vegetarian,Never,,8,8,162,7.4,156,99,94.9,Middle,High
10079,57,Male,Bengaluru,24.2,Yes,Moderate,Vegetarian,Never,Never,7,10,186,6.7,140,80,105.9,Middle,Moderate
10081,27,Female,Delhi,21.8,Yes,Active,Vegetarian,Never,,5,5,187,7.5,130,95,91.5,High,High
10083,44,Female,Bengaluru,31.5,No,Sedentary,Vegetarian,Never,Occasional,8,10,199,7,160,100,120.1,High,Moderate
10084,37,Female,Delhi,21.8,No,Moderate,Vegetarian,Never,Never,6.4,7,117,5.9,126,90,95.1,Middle,Low
10086,55,Male,Ahmedabad,25.7,No,Sedentary,Vegetarian,Never,Never,4,8,142,6.6,144,120,105.3,High,Low
10087,44,Male,Hyderabad,23.5,Yes,Moderate,Vegetarian,Never,Never,5.5,6,211,8.2,120,98,106.7,Low,High
10089,39,Female,Delhi,26.1,Yes,Moderate,Vegetarian,Never,,7.8,8,185,6.7,140,100,105.2,Middle,Moderate
10090,41,Male,Ahmedabad,17.3,No,Active,Vegetarian,Current,Occasional,7,7,169,7.3,140,80,89.4,Low,Moderate
10093,18,Female,Ahmedabad,19.6,No,Active,Vegetarian,Never,Never,9,6,105,5.6,126,80,88.5,Middle,Low
10094,41,Female,Hyderabad,19.3,No,Active,Non-Vegetarian,Former,Regular,7,8,184,7.7,140,80,90.7,Middle,Moderate
10095,57,Female,Bhopal,22.2,Yes,Moderate,Non-Vegetarian,Current,Never,7.5,7,266,8.7,142,100,96.3,Low,High
10097,48,Female,Delhi,22.1,No,Active,Vegetarian,Never,Occasional,5,8,208,7.8,160,90,92.9,High,Moderate
10098,63,Female,Chennai,27,No,Sedentary,Vegetarian,Current,Never,5.9,6,193,7.2,150,90,110,Middle,Moderate
10102,51,Male,Ahmedabad,28.6,No,Sedentary,Vegetarian,Former,Never,8,5,215,7.9,130,82,117.4,Low,High
10103,27,Female,Hyderabad,27.9,No,Sedentary,Non-Vegetarian,Never,,7,5,131,5.9,130,80,105.5,Middle,Low
10105,62,Female,Delhi,28.6,No,Active,Vegetarian,Never,Never,8,6,181,7.4,162,84,111.4,Middle,Low
10106,52,Female,Hyderabad,28.7,No,Sedentary,Non-Vegetarian,Never,Never,8,5,186,6.9,160,96,118.4,Low,Low
10107,36,Male,Chennai,26.8,No,Sedentary,Non-Vegetarian,Never,Occasional,6.5,5,177,6.9,140,86,111.3,Middle,Low
10109,38,Male,Hyderabad,25.5,No,Moderate,Non-Vegetarian,Never,Occasional,7,5,210,7.7,132,90,112.7,High,Moderate
10110,41,Male,Chennai,33.1,No,Sedentary,Non-Vegetarian,Never,,7.1,7,136,6.1,149,100,132.1,High,Low
10111,39,Female,Bengaluru,17.6,No,Moderate,Vegetarian,Current,,7,7,106,5.6,140,90,85.4,Middle,Low
10116,48,Male,Ahmedabad,25,No,Moderate,Non-Vegetarian,Never,Never,8,9,184,6.5,140,90,106.4,Middle,Low
10119,43,Male,Bengaluru,20.1,No,Active,Vegetarian,Current,Never,6.7,9,209,7.4,144,81,96.6,High,Moderate
10122,48,Male,Ahmedabad,25.6,No,Moderate,Non-Vegetarian,Current,Never,9.5,4,248,8.9,124,90,107.1,Middle,High
10124,37,Female,Chennai,23.7,No,Active,Non-Vegetarian,Never,,7,7,172,7.1,140,96,96,High,Low
10126,59,Male,Ahmedabad,18.3,No,Active,Vegetarian,Never,Occasional,8,4,159,6.7,140,92,90.6,Middle,Low
10127,49,Male,Bengaluru,23.6,Yes,Moderate,Non-Vegetarian,Never,Never,6,8,163,7.4,136,86,101.2,High,Low
10134,57,Male,Hyderabad,28.3,No,Moderate,Non-Vegetarian,Current,Never,7,5,212,7.9,149,85,114.4,High,High
10136,40,Male,Hyderabad,18.8,Yes,Active,Non-Vegetarian,Never,Never,7,6,169,7.2,138,90,91.7,Middle,High
10138,31,Male,Chennai,18.7,Yes,Moderate,Vegetarian,Former,Occasional,7,5,160,6.9,150,80,89.2,Middle,Low
10141,59,Male,Chennai,20.8,No,Moderate,Vegetarian,Current,,8,8,251,8.1,140,110,97.2,Middle,High
10143,36,Male,Delhi,22.9,Yes,Active,Non-Vegetarian,Never,Never,7.3,5,206,7.2,120,70,99.5,Low,Moderate
10146,40,Male,Bengaluru,25,No,Sedentary,Non-Vegetarian,Current,Never,6,8,181,7.1,148,80,109.2,Middle,Moderate
10147,33,Male,Hyderabad,19.5,No,Moderate,Non-Vegetarian,Never,Never,7.5,7,157,6.5,124,90,98.7,Middle,Low
10148,61,Male,Chennai,19.4,No,Sedentary,Non-Vegetarian,Never,,9,7,247,9.2,156,79,92.2,Middle,High
10152,49,Male,Bengaluru,28.6,Yes,Sedentary,Non-Vegetarian,Never,Occasional,9,8,245,8.9,140,88,119.4,High,High
10153,44,Female,Delhi,16.4,No,Active,Non-Vegetarian,Never,,7,1,105,5.6,140,70,82.9,Middle,Low
10155,48,Male,Delhi,38.2,No,Moderate,Non-Vegetarian,Never,Regular,7,10,143,6.9,150,97,142.2,Middle,Low
10156,41,Female,Hyderabad,15.7,No,Moderate,Non-Vegetarian,Never,Regular,6,4,123,5.6,130,80,79.9,Middle,Low
10157,53,Male,Bengaluru,24.2,No,Sedentary,Vegetarian,,Occasional,9,9,154,6.4,144,86,106.8,Middle,Low
10158,50,Other,Hyderabad,25.2,No,Moderate,Non-Vegetarian,Current,Occasional,7,10,324,10.6,150,88,103,High,High
10161,52,Male,Ahmedabad,23.5,Yes,Active,Non-Vegetarian,Current,Never,7,2,202,7.8,143,82,98.6,Middle,High
10166,55,Male,Hyderabad,23.5,Yes,Moderate,Non-Vegetarian,Never,Occasional,4,9,180,7.6,140,92,99.4,High,Moderate
10170,51,Female,Bhopal,25.8,No,Active,Non-Vegetarian,Never,Never,6,6,158,7.2,155,100,108.5,Low,Low
10172,48,Male,Delhi,24.1,Yes,Moderate,Non-Vegetarian,Current,Regular,7.5,5,213,7.2,130,80,107.8,,Moderate
10173,45,Female,Hyderabad,17,No,Active,Non-Vegetarian,Never,Occasional,8,5,242,8.4,130,92,80.4,Middle,High
10174,47,Female,Delhi,23.3,No,Moderate,Vegetarian,Former,Never,8,8,163,6.4,140,90,100.3,High,Low
10176,68,Female,Hyderabad,32.3,No,Sedentary,Vegetarian,Never,,8,7,183,7.5,148,100,120.1,Low,High
10178,40,Male,Bhopal,28.4,No,Moderate,Vegetarian,Current,Never,8.5,5,115,5.9,136,80,116.3,Middle,Low
10180,39,Male,Delhi,22.3,No,Sedentary,Vegetarian,Never,Never,8,1,234,7.8,118,80,100.8,Middle,High
10181,35,Female,Bengaluru,22.3,Yes,Moderate,Non-Vegetarian,Never,,9.5,6,164,6.9,140,89,101,High,Low
10182,57,Female,Chennai,25.1,No,Moderate,Vegetarian,Never,Never,6,9,183,7.2,160,90,105,High,Low
10183,39,Female,Delhi,18.5,Yes,Active,Non-Vegetarian,Former,Never,7,6,168,6.9,108,76,85.3,High,Low
10185,45,Female,Delhi,25.5,Yes,Sedentary,Vegetarian,Never,,6.2,10,250,8,140,90,107.7,Middle,High
10186,18,Male,Bengaluru,20.8,No,Moderate,Non-Vegetarian,Never,Never,9.5,8,163,6.6,142,80,91.5,Middle,Low
10187,44,Male,Chennai,19.1,No,Moderate,Non-Vegetarian,Current,Occasional,6.5,6,211,7.1,150,89,90.6,High,Moderate
10190,27,Female,Bhopal,23.1,Yes,Sedentary,Vegetarian,Never,,9.6,2,171,6.5,136,84,102,Middle,Low
10193,40,Female,Hyderabad,16.7,No,Active,Non-Vegetarian,Never,,8.5,5,109,5.6,128,88,81.6,Middle,Low
10194,50,Male,Bengaluru,19,No,Active,Vegan,Never,Never,8,4,119,5.7,129,80,99.3,Low,Low
10195,61,Female,Bengaluru,23,No,Sedentary,Vegetarian,Current,,6.6,6,200,7.7,170,104,97.6,Middle,Low
10197,49,Female,Ahmedabad,34.1,Yes,Sedentary,Vegetarian,Never,,7,6,209,7.4,160,80,124.8,High,High
10198,41,Male,Ahmedabad,26.3,No,Moderate,Non-Vegetarian,Current,Never,8,5,204,7.1,170,76,112.7,Middle,Low
10202,45,Male,Delhi,22.8,Yes,Moderate,Vegetarian,Never,Never,7,6,151,6.3,130,90,103.9,Middle,Low
10205,52,Female,Delhi,25.4,No,Sedentary,Non-Vegetarian,Never,Occasional,7,5,184,7.1,150,90,106.6,Middle,Moderate
10206,33,Male,Ahmedabad,23.3,Yes,Moderate,Vegetarian,Current,Occasional,6,7,161,6.9,150,100,102.9,Middle,Low
10208,40,Male,Ahmedabad,20.2,No,Moderate,Vegetarian,Current,Occasional,8,3,105,5.8,128,80,94.8,Middle,Low
10210,44,Female,Delhi,26.3,No,Sedentary,Non-Vegetarian,Never,Never,7,4,159,6.9,140,80,107.5,Middle,Low
10214,63,Male,Delhi,21.4,No,Sedentary,Non-Vegetarian,Never,Never,7,8,181,7.2,140,100,100,High,Low
10216,37,Male,Bengaluru,23.4,Yes,Sedentary,Vegetarian,Never,Never,8,9,131,6.3,130,80,100,High,Low
10218,29,Male,Delhi,36.7,No,Sedentary,Non-Vegetarian,Never,Never,5.2,10,229,7.9,130,88,133.2,Middle,High
10219,35,Female,Ahmedabad,17.9,Yes,Active,Vegan,Current,Never,7.5,6,114,6.1,138,80,82,Low,Low
10225,31,Male,Ahmedabad,24.2,Yes,Moderate,Vegetarian,Never,Never,8.2,4,194,7.2,134,90,104.5,Low,High
10228,52,Female,Ahmedabad,24.4,Yes,Active,Non-Vegetarian,Never,Never,8,6,222,8.5,140,87,100.2,Middle,High
10229,52,Female,Bengaluru,20.2,No,Sedentary,Vegetarian,Never,,8.1,8,171,7.2,150,104,93.2,High,Moderate
10233,48,Female,Bhopal,15.9,No,Active,Non-Vegetarian,Current,,9.5,2,109,5.7,132,75,78.2,Middle,Low
10234,38,Male,Ahmedabad,25.1,Yes,Moderate,Non-Vegetarian,Never,Occasional,9.2,5,191,7.5,150,90,115.1,Middle,High
10235,34,Male,Ahmedabad,24.9,No,Sedentary,Vegetarian,Never,Never,8,6,154,6.9,152,84,101.3,Low,Low
10236,54,Male,Ahmedabad,17.8,No,Moderate,Vegetarian,Never,,6.1,7,156,6.8,144,81,89.7,Middle,Low
10237,38,Male,Hyderabad,17.3,Yes,Active,Vegetarian,Never,Regular,6,5,201,8,130,80,94.3,Middle,Moderate
10238,42,Female,Hyderabad,20.3,No,Moderate,Non-Vegetarian,Never,,7.5,10,144,6,140,90,91.9,High,Low
10239,36,Male,Ahmedabad,29.1,No,Active,Non-Vegetarian,Never,Regular,8,4,244,8.3,140,70,118.8,Middle,High
10242,44,Male,Bengaluru,21,No,Sedentary,Vegetarian,Never,Never,8,5,125,6,136,80,97.1,Low,Low
10243,49,Female,Delhi,18.1,No,Active,Non-Vegetarian,Current,,8.3,6,173,7,140,80,86.3,Middle,Low
10244,55,Female,Chennai,27.5,Yes,Sedentary,Vegetarian,Never,Occasional,6,6,167,6.1,164,100,108,Low,Moderate
10247,44,Male,Chennai,26.5,No,Sedentary,Non-Vegetarian,Never,Occasional,6.3,8,174,6.8,150,84,106.3,Low,Low
10249,38,Female,Bengaluru,22.9,Yes,Active,Non-Vegetarian,Current,,7.9,6,172,6.7,129,86,99.7,Middle,Moderate
10251,40,Female,Delhi,19.9,No,Sedentary,Non-Vegetarian,Never,Never,9.1,7,120,5.9,130,88,88.8,Middle,Low
10252,44,Female,Ahmedabad,22.7,Yes,Sedentary,Vegetarian,Never,Occasional,8,5,164,7.3,127,96,97.7,High,High
10258,49,Female,Chennai,18.7,No,Active,Vegetarian,Never,Occasional,7,5,151,6.5,128,84,86.6,Middle,Low
10259,44,Male,Ahmedabad,28.2,No,Sedentary,Vegetarian,Current,Occasional,8,3,164,6.5,130,80,114.6,Middle,Low
10260,43,Female,Chennai,23.8,No,Sedentary,Non-Vegetarian,Never,,5.5,9,209,8.6,150,100,102.1,Middle,High
10261,45,Male,Delhi,23.6,No,Sedentary,Non-Vegetarian,Former,Occasional,8,7,172,6.6,148,70,102.1,High,Low
10262,51,Female,Ahmedabad,18.6,Yes,Active,Vegetarian,Former,Occasional,7,2,111,5.6,141,78,88.5,,Low
10263,58,Male,Chennai,22.4,Yes,Sedentary,Vegetarian,Never,,8,9,184,6.8,150,98,95.7,High,Moderate
10265,48,Female,Bengaluru,27.3,Yes,Moderate,Vegetarian,Never,Never,7.5,6,218,7.8,142,80,112.8,Middle,High
10283,44,Male,Bengaluru,22.2,No,Moderate,Non-Vegetarian,Never,Never,7,6,153,6.2,140,92,100,Middle,Low
10284,51,Male,Ahmedabad,20.1,No,Active,Non-Vegetarian,Never,Never,7.2,9,153,6.6,140,80,96.5,Middle,Low
10288,61,Male,Chennai,23,Yes,Moderate,Vegan,Never,Never,6,7,217,7.6,150,110,96.3,High,High
10289,41,Male,Bengaluru,25.2,No,Moderate,Vegetarian,Never,Never,7,8,227,8.4,150,90,104.8,High,High
10290,53,Female,Chennai,28.9,No,Sedentary,Vegan,Former,Never,9,4,235,7.9,140,80,113.6,High,High
10298,36,Female,Ahmedabad,19.7,No,Moderate,Vegetarian,Never,Occasional,7,4,119,5.2,133,84,92.8,Low,Low
10301,24,Male,Hyderabad,19.5,No,Active,Non-Vegetarian,Never,Never,7.6,7,139,5.8,122,70,96.1,High,Low
10302,30,Female,Bhopal,22.1,No,Sedentary,Non-Vegetarian,Current,Occasional,8,6,158,6.5,130,80,97.1,Middle,Low
10305,42,Male,Hyderabad,23.2,No,Sedentary,Vegetarian,Never,Never,6,8,159,6.5,140,90,101.2,High,Low
10307,55,Male,Hyderabad,30.8,No,Sedentary,Vegan,Never,Occasional,6,8,164,6.5,160,100,123,High,Low
10308,47,Male,Hyderabad,28.5,Yes,Sedentary,Non-Vegetarian,Never,Regular,7,8,253,9.1,140,90,116.2,Low,High
10309,54,Female,Bengaluru,21.8,No,Sedentary,Vegetarian,Never,,7.5,5,159,6.7,136,80,95,Low,Low
10310,36,Male,Ahmedabad,17.8,No,Active,Vegetarian,,Occasional,7,6,134,6.2,144,80,87,Middle,Low
10318,36,Male,Ahmedabad,26.3,No,Moderate,Vegan,Never,,7,8,251,8.5,150,88,108.3,Low,High
10321,51,Male,Bhopal,22.6,No,Moderate,Vegetarian,Former,Never,7.5,5,155,6.3,132,80,101.3,Low,Low
10322,35,Female,Bengaluru,19.4,No,Active,Vegetarian,Current,Never,8,3,76,5.1,123,72,86.8,Middle,Low
10323,47,Female,Chennai,25,No,Moderate,Vegetarian,Never,Occasional,7,5,143,6.1,142,84,101.1,Middle,Low
10324,53,Female,Bengaluru,15.1,No,Active,Vegetarian,Never,Occasional,7,7,101,5.4,152,90,78.4,Low,Low
10325,53,Male,Hyderabad,25.7,No,Moderate,Non-Vegetarian,Never,Occasional,8.2,7,161,6.8,154,100,108.9,Middle,Moderate
10326,42,Male,Ahmedabad,19.2,Yes,Active,Non-Vegetarian,Never,Occasional,10,2,134,6.7,140,77,91.8,Middle,Low
10329,36,Male,Delhi,20.9,No,Sedentary,Non-Vegetarian,Former,Occasional,9,6,161,7.2,124,70,94.9,High,Low
10330,34,Female,Delhi,30.6,Yes,Sedentary,Vegetarian,,Occasional,7,10,180,7.5,148,100,115.6,Low,Moderate
10333,27,Female,Delhi,24.9,No,Active,Non-Vegetarian,Never,Never,7,8,147,5.9,156,100,111.5,Middle,Low
10334,45,Female,Hyderabad,26.8,Yes,Sedentary,Non-Vegetarian,Never,Occasional,7.1,8,162,6.7,149,96,112.1,High,Low
10336,53,Male,Hyderabad,21.5,No,Active,Vegetarian,Never,Regular,6,7,155,6.5,154,93,92.2,Middle,Low
10339,45,Male,Bengaluru,20.5,Yes,Moderate,Non-Vegetarian,Current,Occasional,6.5,6,225,8.2,144,96,96.3,Low,High
10342,29,Male,Hyderabad,16.4,Yes,Active,Non-Vegetarian,Never,Regular,8,4,260,8.3,130,80,86.9,Middle,High
10343,55,Male,Hyderabad,24.2,No,Moderate,Non-Vegetarian,Never,Occasional,8,6,118,5.8,144,100,106.7,Middle,Low
10346,39,Male,Ahmedabad,18.2,No,Active,Vegetarian,Never,Never,8,5,115,5.6,112,92,88,Low,Low
10350,59,Male,Ahmedabad,24.9,No,Sedentary,Vegetarian,Former,Never,11,3,169,7.1,140,82,112.7,Middle,Low
10353,60,Male,Bengaluru,27.7,No,Sedentary,Vegetarian,Never,Occasional,7,8,195,6.8,150,92,121.3,High,Low
10355,45,Male,Delhi,18.7,No,Sedentary,Non-Vegetarian,Current,Regular,7,8,156,6.5,129,80,91.9,High,Low
10358,32,Male,Chennai,29.5,No,Sedentary,Vegetarian,Never,Regular,7,6,147,6.2,140,80,123.2,Middle,Low
10359,61,Female,Hyderabad,29.4,Yes,Sedentary,Vegetarian,Never,,8,4,199,7.3,155,100,106.5,High,High
10365,50,Male,Bengaluru,20.8,No,Sedentary,Vegetarian,Never,Never,7,10,146,6.4,160,92,101.7,High,Low
10370,23,Male,Delhi,21.1,No,Active,Non-Vegetarian,,Never,6,8,116,5.7,136,92,98.6,High,Low
10371,47,Female,Bengaluru,27.2,No,Sedentary,Non-Vegetarian,Never,Occasional,7.2,7,164,6.7,150,80,106.8,High,Moderate
10372,54,Male,Chennai,22.8,No,Active,Vegetarian,Never,,6.6,7,176,6.6,170,90,105.1,Low,Low
10374,47,Female,Bengaluru,18.3,No,Active,Vegetarian,Never,Never,7.5,5,180,6.3,131,70,84.8,Middle,Low
10376,49,Male,Delhi,24.4,No,Moderate,Vegetarian,Current,Occasional,7,10,234,8.1,142,100,110.3,High,High
10378,48,Male,Delhi,23.4,No,Moderate,Non-Vegetarian,Never,Never,7.3,9,118,5.9,130,90,104.7,Low,Low
10380,59,Male,Bengaluru,24,No,Sedentary,Non-Vegetarian,Never,,6,4,167,7.5,134,78,101.7,High,Moderate
10381,20,Male,Bengaluru,21.1,Yes,Active,Non-Vegetarian,Current,Regular,6,9,200,7.4,136,90,96.4,Middle,Moderate
10382,47,Other,Bengaluru,18.7,No,Moderate,Vegetarian,Current,Occasional,8,9,241,8.1,160,83,83.4,High,High
10383,38,Male,Ahmedabad,28.4,Yes,Active,Vegetarian,Never,Occasional,7,7,158,6.8,140,84,118.4,Low,Low
10386,60,Male,Hyderabad,18.6,Yes,Active,Vegetarian,Never,Never,5,4,151,6.4,150,70,89,Middle,Low
10387,35,Female,Bengaluru,23.6,No,Moderate,Non-Vegetarian,Never,Never,7,6,182,7.1,140,86,103.1,Middle,Moderate
10390,44,Male,Ahmedabad,28.5,No,Moderate,Non-Vegetarian,Never,Occasional,7,8,150,6.4,130,96,113.5,Middle,Low
10392,40,Male,Bengaluru,23.9,No,Sedentary,Vegetarian,,Never,8.5,4,155,6.5,150,84,100.9,Middle,Low
10394,60,Male,Bengaluru,22.3,No,Active,Non-Vegetarian,Never,Regular,8,10,160,6.7,167,92,92.5,,Low
10399,46,Female,Ahmedabad,26.1,Yes,Sedentary,Non-Vegetarian,Current,Regular,7.5,5,165,7,148,88,108.3,High,Moderate
10400,35,Male,Bengaluru,25.3,No,Sedentary,Non-Vegetarian,Never,Occasional,8,5,173,7.2,142,84,109,High,Low
10402,58,Female,Delhi,31.1,No,Sedentary,Non-Vegetarian,Current,Never,6,9,271,8.5,170,90,117.5,High,High
10403,38,Female,Chennai,19.4,Yes,Active,Non-Vegetarian,Never,,7,8,190,6.7,140,76,86.1,Middle,Low
10406,52,Male,Delhi,21.1,No,Moderate,Non-Vegetarian,Never,Occasional,8.6,1,146,6.4,119,80,102.1,Middle,Low
10408,38,Male,Delhi,23.4,No,Moderate,Non-Vegetarian,Current,Occasional,6.8,7,134,6,130,80,102.3,Middle,Low
10411,63,Male,Delhi,20.8,Yes,Moderate,Vegetarian,Former,,5.7,3,175,6.8,141,80,95.9,Middle,Moderate
10413,48,Male,Hyderabad,24.4,Yes,Sedentary,Non-Vegetarian,Never,Never,7.7,5,184,7.1,138,70,103.7,High,High
10414,45,Male,Ahmedabad,23.7,Yes,Sedentary,Non-Vegetarian,Never,Never,7.3,10,163,6.4,150,81,102.4,Middle,Low
10417,43,Male,Bengaluru,24.1,Yes,Moderate,Vegetarian,Never,Regular,8,4,152,7.1,132,80,105.7,High,Low
10418,52,Female,Chennai,37.1,Yes,Sedentary,Vegetarian,Never,Occasional,7.4,5,207,8.6,140,80,128.4,Middle,High
10419,52,Male,Chennai,17.7,No,Moderate,Non-Vegetarian,Former,Never,7,7,120,5.9,156,89,91.1,Middle,Low
10421,36,Female,Delhi,24.3,No,Moderate,Vegetarian,Never,Occasional,5,10,168,7,140,90,97.6,High,Low
10422,48,Male,Chennai,22.2,Yes,Sedentary,Vegetarian,Current,,7,5,172,6.6,140,98,107,Middle,Low
10423,70,Male,Hyderabad,27.2,No,Sedentary,Non-Vegetarian,Former,Regular,7,8,200,7.5,170,90,114.8,Middle,Moderate
10424,62,Male,Hyderabad,24,No,Moderate,Vegetarian,Never,Regular,8,5,181,7.5,160,96,103.7,Middle,Moderate
10427,48,Female,Delhi,20,Yes,Moderate,Non-Vegetarian,Never,Never,6,10,173,6.9,140,96,88.9,High,Moderate
10428,52,Female,Ahmedabad,22.7,No,Active,Vegetarian,Never,Occasional,6.5,5,157,6.8,128,79,94.3,Middle,Low
10429,39,Female,Hyderabad,26.7,Yes,Sedentary,Non-Vegetarian,Never,,7,10,195,7.5,140,80,106,High,Moderate
10430,33,Female,Ahmedabad,19,No,Active,Non-Vegetarian,Current,Never,7,5,116,6,122,90,93,Low,Low
10431,50,Female,Hyderabad,24.7,No,Active,Non-Vegetarian,Never,Never,7,7,164,7.3,146,90,103.4,Middle,Moderate
10432,43,Female,Delhi,21.4,Yes,Active,Non-Vegetarian,Current,,7,3,189,7.9,130,83,90.2,Low,High
10433,54,Female,Hyderabad,33.1,Yes,Sedentary,Non-Vegetarian,Former,Occasional,9,4,156,6.4,150,100,120.5,High,Low
10435,51,Female,Delhi,20.6,Yes,Moderate,Vegetarian,Never,Never,6,7,199,7.3,124,90,90,High,High
10442,46,Male,Chennai,23.3,Yes,Active,Non-Vegetarian,Former,Regular,8,6,211,7.7,120,90,102.9,Low,Moderate
10445,52,Male,Chennai,24.7,No,Sedentary,Non-Vegetarian,Never,Never,8,6,183,6.2,164,108,105.4,High,Low
10448,24,Female,Ahmedabad,21.1,Yes,Active,Vegetarian,Never,,5,6,154,6.9,126,80,98.2,Low,Low
10449,61,Male,Ahmedabad,26.5,Yes,Sedentary,Vegetarian,Never,,7.5,5,202,7.4,145,84,109.7,Middle,Moderate
10451,41,Male,Chennai,23.6,Yes,Moderate,Non-Vegetarian,Current,Occasional,4,7,159,6.8,138,94,104.8,High,Low
10453,32,Female,Delhi,21.7,No,Active,Non-Vegetarian,Never,Occasional,7,5,161,6.9,140,80,95.7,Low,Moderate
10456,47,Female,Bengaluru,30.4,Yes,Sedentary,Vegetarian,Never,Never,7,6,146,5.9,140,90,112.9,High,Moderate
10462,37,Female,Bengaluru,17.8,Yes,Active,Non-Vegetarian,Never,Never,8,4,240,8.5,100,90,86.6,Middle,High
10466,52,Female,Ahmedabad,27.5,No,Sedentary,Vegetarian,Never,Never,7,5,175,6.7,150,80,111.3,Low,Moderate
10471,49,Female,Bengaluru,20.7,Yes,Moderate,Non-Vegetarian,,Occasional,7,8,182,6.8,140,90,92,Middle,Low
10473,38,Female,Hyderabad,23.7,No,Sedentary,Non-Vegetarian,Never,Never,9,8,176,7.4,144,90,100.2,High,Low
10484,45,Male,Hyderabad,22.9,No,Moderate,Vegetarian,Current,Occasional,5,8,137,6.3,130,90,97,High,Low
10485,50,Male,Bengaluru,19.2,No,Sedentary,Vegetarian,Never,Occasional,9,10,109,6,156,90,91.2,High,Low
10487,55,Female,Chennai,23,No,Sedentary,Non-Vegetarian,Never,Never,7,5,152,6.3,138,86,99.6,High,Low
10488,58,Female,Ahmedabad,25.1,No,Sedentary,Vegetarian,Never,,7,6,195,7.8,142,90,103,Low,High
10490,36,Male,Chennai,19.1,No,Active,Vegetarian,Current,Occasional,7,4,197,7.1,137,70,93.6,Low,Low
10494,51,Male,Delhi,19.1,No,Moderate,Non-Vegetarian,Never,Never,7,7,225,7.9,140,70,90.5,Middle,Moderate
10495,49,Male,Delhi,29.3,No,Moderate,Vegetarian,Never,Never,7,7,261,9.1,140,86,119,Middle,High
10496,58,Female,Delhi,22.7,No,Sedentary,Vegetarian,Current,,6,4,168,7.4,144,90,91.8,Middle,Moderate
10497,34,Female,Delhi,24.5,No,Active,Non-Vegetarian,Never,,7,8,109,5.3,144,86,98.6,High,Low
10500,53,Male,Delhi,29.2,No,Sedentary,Vegetarian,Current,Never,6.6,5,159,7.1,150,82,118.7,Middle,Moderate
10501,35,Male,Bengaluru,22.9,No,Active,Vegetarian,Never,Regular,9,4,113,6.2,130,80,95.3,,Low
10503,49,Male,Hyderabad,26.6,Yes,Sedentary,Vegan,Never,Never,5,10,218,7.6,156,90,112.5,Middle,High
10504,60,Male,Hyderabad,28.1,Yes,Sedentary,Vegetarian,Never,Regular,7,6,174,7,170,90,114.5,Low,High
10509,45,Female,Delhi,29.5,No,Moderate,Vegetarian,Never,Occasional,7,9,199,7,145,82,103.9,,Moderate
10518,35,Female,Bengaluru,21.6,No,Moderate,Vegetarian,Current,,4.5,10,114,5.7,144,100,93.7,Low,Low
10520,19,Female,Delhi,18.3,No,Moderate,Non-Vegetarian,Never,,8,4,194,7.3,110,70,88.4,Middle,Low
10521,61,Male,Bengaluru,24.4,No,Moderate,Non-Vegetarian,Former,Never,5,9,153,6.1,150,80,114.6,Middle,Low
10529,35,Male,Delhi,20,No,Moderate,Non-Vegetarian,Never,Never,7,7,154,6.8,140,90,92.5,High,Low
10531,36,Male,Ahmedabad,26.3,No,Moderate,Vegan,Never,Regular,7,7,130,6.3,150,80,108.2,Low,Low
10532,41,Male,Bhopal,19.9,No,Moderate,Non-Vegetarian,Never,Occasional,7,6,170,6.8,125,78,96.4,Middle,Low
10534,45,Female,Chennai,20.4,No,Active,Vegetarian,Never,Never,5,10,153,6.8,140,109,92.4,Middle,Low
10539,29,Female,Delhi,21.4,No,Active,Non-Vegetarian,Never,Occasional,7.5,5,114,5.8,130,90,95.5,Low,Low
10540,33,Male,Ahmedabad,27.7,Yes,Moderate,Non-Vegetarian,Never,Occasional,7,6,209,7.9,134,80,116.8,Middle,High
10541,43,Male,Bengaluru,18.4,Yes,Moderate,Non-Vegetarian,Never,Regular,8,5,163,6.9,140,80,93.2,Middle,Low
10542,44,Male,Bengaluru,18.3,No,Moderate,Vegetarian,Never,Occasional,6,10,191,7.8,150,90,91,Low,Low
10543,52,Male,Delhi,17.4,No,Active,Vegetarian,Never,Occasional,7,4,136,6.4,136,81,90,High,Low
10545,57,Male,Ahmedabad,27.9,Yes,Sedentary,Non-Vegetarian,Current,Occasional,9,4,151,7.2,152,87,113.8,Low,Moderate
10546,57,Female,Chennai,22,Yes,Moderate,Non-Vegetarian,Current,,6.5,9,181,7.2,136,90,97.9,High,Moderate
10547,61,Male,Bengaluru,22.7,Yes,Active,Non-Vegetarian,Never,,7,5,248,8.3,142,80,102.3,Middle,High
10551,44,Female,Delhi,21.1,No,Moderate,Vegetarian,Current,Never,8,7,206,7.6,156,84,91.4,Middle,Moderate
10554,32,Male,Chennai,21.5,Yes,Moderate,Non-Vegetarian,Never,,7,8,217,7.6,150,75,97.3,Middle,Moderate
10555,48,Male,Chennai,25.5,No,Moderate,Non-Vegetarian,Never,Occasional,7.1,6,108,5.7,160,96,107.3,Middle,Low
10558,47,Male,Bhopal,23.2,No,Sedentary,Non-Vegetarian,Never,Occasional,7,6,183,7.5,138,90,105,Middle,Moderate
10559,55,Female,Ahmedabad,21.3,No,Moderate,Vegetarian,Never,,6,8,115,5.8,150,76,99.4,Middle,Low
10561,54,Male,Chennai,21.3,Yes,Active,Non-Vegetarian,Current,Never,8,7,199,7.7,132,84,97.4,Middle,Moderate
10566,24,Female,Hyderabad,22.1,Yes,Moderate,Vegetarian,Never,Occasional,7.9,6,155,6.8,112,90,95.5,Middle,Low
10567,36,Male,Ahmedabad,27,Yes,Active,Non-Vegetarian,Never,Never,8,2,154,7,148,80,114.5,Low,Low
10568,49,Male,Hyderabad,22.8,No,Active,Non-Vegetarian,Current,Occasional,9,5,176,7.2,126,80,98.4,Middle,High
10570,22,Female,Ahmedabad,21.6,No,Active,Non-Vegetarian,Never,Never,8,3,114,5.8,120,70,96,Low,Low
10574,62,Male,Chennai,29.5,Yes,Sedentary,Vegetarian,Never,Never,7,8,260,8.2,160,90,116.8,Middle,High
10576,62,Male,Hyderabad,21.5,No,Moderate,Pescatarian,Current,,8,4,138,6.4,150,89,99.2,Low,Low
10578,36,Female,Bhopal,23.6,Yes,Active,Vegetarian,Current,,8,4,149,6.4,130,90,98.8,Middle,Low
10585,46,Male,Delhi,18.4,No,Active,Non-Vegetarian,Never,Occasional,6.8,7,158,6.3,132,80,94.2,Middle,Low
10595,60,Female,Chennai,25.7,No,Sedentary,Vegetarian,Current,,8,7,271,9.1,162,88,106.8,Middle,High
10597,32,Female,Delhi,21.7,No,Moderate,Non-Vegetarian,Former,Occasional,8,8,104,5.7,140,80,88.9,High,Low
10604,32,Female,Hyderabad,22.2,No,Active,Non-Vegetarian,Never,Never,7,9,163,6.5,132,80,91.9,Middle,Low
10605,49,Female,Hyderabad,19.7,No,Moderate,Non-Vegetarian,Never,Never,8,5,115,5.6,130,80,89.9,Middle,Low
10607,57,Female,Delhi,30.9,Yes,Moderate,Non-Vegetarian,Never,Occasional,7,6,255,9.4,170,100,114.4,Low,High
10608,42,Male,Bengaluru,24,No,Active,Non-Vegetarian,Never,Never,8,5,186,7.2,152,88,101.2,Middle,Low
10610,43,Female,Hyderabad,20.6,Yes,Active,Non-Vegetarian,Never,,8,7,140,6.2,150,80,93.6,Middle,Low
10611,59,Female,Delhi,24.5,Yes,Sedentary,Non-Vegetarian,Never,,8,6,242,8.5,132,90,102.5,High,High
10612,33,Female,Delhi,27.7,No,Moderate,Non-Vegetarian,Never,,7,8,185,6.3,132,88,110.7,Middle,Moderate
10613,39,Male,Delhi,20.4,No,Active,Vegetarian,Never,Never,7.5,3,136,6.3,122,82,98.1,Middle,Low
10614,45,Male,Delhi,23.7,Yes,Active,Vegetarian,Never,Occasional,8,4,215,8.6,140,80,102.6,Middle,High
10615,60,Female,Bengaluru,30.6,No,Moderate,Non-Vegetarian,Never,Occasional,6,9,192,7.4,154,100,110.4,Middle,High
10616,49,Female,Chennai,20.6,No,Active,Non-Vegetarian,Never,,6.5,5,215,8.3,150,88,87.6,Middle,High
10617,49,Male,Hyderabad,23.4,No,Sedentary,Non-Vegetarian,Never,Never,9,5,193,6.9,146,80,99.9,Middle,Low
10619,32,Male,Hyderabad,19,No,Active,Non-Vegetarian,Never,Never,7.7,9,179,7,128,88,92,Middle,Low
10622,45,Male,Bhopal,28.1,No,Sedentary,Non-Vegetarian,Current,Never,6,5,189,7.3,150,92,114.6,Middle,Moderate
10623,57,Male,Bengaluru,29.8,No,Moderate,Vegetarian,Never,Never,7.7,7,206,8.2,130,96,116.9,Middle,High
10625,29,Female,Delhi,17.8,Yes,Active,Pescatarian,Never,Occasional,8.3,4,118,5.9,130,80,84.4,High,Low
10627,41,Female,Chennai,21.4,Yes,Sedentary,Vegetarian,Never,Occasional,9,9,205,7.5,138,80,95.9,High,Moderate
10628,43,Male,Bengaluru,30.5,Yes,Sedentary,Non-Vegetarian,,Never,5,6,172,6.6,143,88,119,Middle,Moderate
10631,48,Female,Ahmedabad,19.3,Yes,Moderate,Non-Vegetarian,Never,,8.3,6,179,7.4,140,85,84.5,High,Low
10632,53,Female,Chennai,23.9,Yes,Moderate,Non-Vegetarian,Never,Occasional,6.4,7,204,7.7,140,90,103,Middle,High
10634,31,Female,Bengaluru,28.5,No,Sedentary,Non-Vegetarian,Never,Never,7,6,244,8.1,130,90,111,High,High
10636,46,Male,Hyderabad,26.4,No,Moderate,Vegetarian,Never,Occasional,7,6,165,6.5,128,89,108.5,Middle,Low
10638,43,Male,Bengaluru,19.3,Yes,Moderate,Vegetarian,Never,Occasional,6,5,214,7.5,152,82,92.5,Middle,Moderate
10639,55,Female,Chennai,20.2,No,Active,Non-Vegetarian,Never,,8.5,5,180,7.3,144,90,92.6,Low,Moderate
10640,49,Female,Chennai,31,No,Sedentary,Vegetarian,Never,Never,6.9,4,136,6,138,102,116,Middle,Low
10645,43,Male,Hyderabad,27.9,No,Sedentary,Vegetarian,Former,Occasional,7.5,9,167,6.4,148,88,109.2,High,Low
10646,64,Other,Hyderabad,27.9,No,Sedentary,Vegetarian,Current,Occasional,5,8,212,8,146,100,109.4,Middle,High
10647,32,Female,Delhi,22.7,No,Moderate,Vegetarian,Never,Never,6,10,148,6.6,150,100,96,Middle,Low
10648,72,Male,Delhi,27.4,No,Moderate,Non-Vegetarian,Never,Occasional,8,6,209,8.7,155,100,112.4,Low,High
10649,48,Female,Hyderabad,23.7,No,Active,Vegan,Current,Occasional,6,7,175,7.4,140,90,97,,Moderate
10651,67,Male,Delhi,21.2,Yes,Active,Non-Vegetarian,Never,Never,7,6,176,6.7,158,90,101.8,Middle,Low
10652,55,Female,Hyderabad,29.6,No,Sedentary,Non-Vegetarian,Former,,7,7,177,6.9,151,100,119.1,Middle,Low
10656,35,Male,Hyderabad,22.1,Yes,Active,Non-Vegetarian,Never,Never,8,6,146,6.1,130,94,101.1,Low,Low
10657,35,Male,Delhi,23.9,Yes,Moderate,Vegetarian,Current,Never,8,8,190,7.3,124,106,103.5,High,High
10658,29,Male,Delhi,26.4,Yes,Moderate,Non-Vegetarian,Never,Occasional,6.4,7,335,9.9,130,84,114,High,High
10660,38,Male,Delhi,20.7,No,Active,Non-Vegetarian,Never,Never,8.5,8,202,7.4,150,94,100.6,,Moderate
10661,33,Female,Hyderabad,19.7,No,Active,Vegetarian,Never,,9,9,197,6.7,136,100,89.3,Middle,Low
10662,57,Female,Delhi,19.4,Yes,Moderate,Non-Vegetarian,Never,,7.5,5,171,6.2,140,90,88.2,Middle,Low
10667,41,Female,Delhi,17.8,No,Active,Non-Vegetarian,Never,,7,4,185,6.8,140,90,87.2,Middle,Low
10672,45,Male,Bengaluru,21.7,No,Moderate,Vegetarian,Current,Never,7,6,189,7.1,142,90,100.1,Middle,Low
10675,43,Female,Hyderabad,27.9,No,Sedentary,Non-Vegetarian,Never,Never,7,7,178,6.8,140,90,108.5,High,Low
10677,34,Female,Delhi,20.4,No,Moderate,Non-Vegetarian,Former,Never,6,8,111,6,122,90,86.4,Middle,Low
10679,43,Male,Bengaluru,20.6,No,Sedentary,Non-Vegetarian,Never,,7.8,7,114,5.7,150,92,102.7,Middle,Low
10680,49,Male,Hyderabad,22.7,No,Sedentary,Vegetarian,Never,Occasional,8,8,154,6.5,140,80,106.6,High,Low
10683,57,Male,Delhi,19.1,No,Active,Non-Vegetarian,Never,Never,8,7,117,6.2,150,80,93.6,Low,Low
10684,62,Female,Bengaluru,21.4,Yes,Moderate,Vegetarian,Former,Occasional,8,4,179,7.1,136,90,92.7,High,High
10685,34,Female,Ahmedabad,24,No,Active,Vegetarian,Never,,8,4,207,7.4,129,92,97.7,Low,High
10687,38,Female,Ahmedabad,20.2,No,Active,Non-Vegetarian,Never,Occasional,8,6,119,5.7,137,90,89.3,Low,Low
10690,48,Female,Hyderabad,24.9,No,Sedentary,Non-Vegetarian,,Occasional,9,7,201,7.5,150,104,104.9,High,Moderate
10692,55,Female,Delhi,20.1,Yes,Moderate,Non-Vegetarian,Never,Never,7,7,154,6.8,140,76,90.9,Middle,Low
10693,37,Female,Ahmedabad,16.8,No,Active,Non-Vegetarian,Current,Never,8,2,175,6.6,116,70,82.4,Middle,Low
10695,41,Female,Chennai,21.1,No,Active,Non-Vegetarian,Never,Never,8,6,129,5.9,136,80,97.8,Middle,Low
10696,39,Male,Chennai,23.3,Yes,Moderate,Vegetarian,Never,Never,6,9,172,6.9,130,80,107.9,Middle,Moderate
10698,23,Male,Delhi,26.5,Yes,Moderate,Non-Vegetarian,Never,Never,8,8,155,6.4,130,92,111,Middle,Low
10700,26,Female,Bengaluru,20.2,No,Moderate,Vegetarian,Never,Occasional,9,6,207,7.9,130,84,90.9,High,Moderate
10704,35,Male,Hyderabad,18.8,Yes,Active,Vegetarian,Never,Never,8.9,6,198,7.2,142,83,92.7,Middle,Moderate
10705,38,Female,Chennai,16.8,Yes,Active,Vegetarian,Never,Never,7,7,152,6.1,150,80,80.8,High,Low
10706,54,Female,Bengaluru,19.8,No,Active,Vegetarian,Former,,8.4,7,157,6.4,150,86,90.6,Middle,Low
10708,30,Female,Hyderabad,30.5,Yes,Sedentary,Vegetarian,Never,,8,5,159,6.7,115,82,113.4,Middle,Moderate
10710,51,Male,Delhi,27.7,No,Sedentary,Non-Vegetarian,Current,,8,1,159,6.9,136,88,103.9,High,Low
10718,37,Female,Delhi,19.3,No,Active,Non-Vegetarian,Current,Occasional,8,3,107,5.8,122,89,87.9,Middle,Low
10720,61,Male,Delhi,26.3,Yes,Sedentary,Vegetarian,Never,Regular,8.5,5,191,8,152,87,108,Middle,Moderate
10721,50,Female,Delhi,28.6,No,Moderate,Vegetarian,Never,Never,8,5,198,7.4,150,90,110,High,High
10723,46,Female,Bengaluru,21.2,No,Sedentary,Non-Vegetarian,Never,Occasional,6.5,9,146,6.6,160,90,93.5,High,Low
10724,48,Male,Bhopal,19.4,No,Moderate,Non-Vegetarian,Never,Occasional,9,1,148,6.2,124,66,94.7,Middle,Low
10725,40,Male,Ahmedabad,23.6,Yes,Sedentary,Vegetarian,Current,Regular,9,4,241,7.8,164,80,102.6,Low,High
10726,45,Male,Delhi,21.8,Yes,Sedentary,Non-Vegetarian,Never,Occasional,6,4,148,6.4,150,88,96,Middle,Low
10727,48,Male,Bhopal,25.5,No,Sedentary,Non-Vegetarian,Never,Never,5,5,187,6.6,145,82,107.8,Low,Low
10728,36,Female,Ahmedabad,20.7,No,Moderate,Non-Vegetarian,Never,Never,9,4,106,5.8,123,80,93.3,Low,Low
10729,25,Female,Ahmedabad,21.4,Yes,Active,Vegetarian,Former,,7,5,163,7.3,160,82,90.9,Middle,Low
10730,47,Male,Hyderabad,24.1,Yes,Moderate,Non-Vegetarian,Never,Never,4.5,9,176,7.4,128,90,106.3,Middle,Low
10732,59,Female,Bengaluru,20.4,Yes,Active,Non-Vegetarian,Never,Never,7,8,197,7.6,150,81,91.3,Low,High
10734,49,Male,Ahmedabad,22.7,Yes,Sedentary,Vegetarian,Never,Occasional,8,5,239,8.5,140,82,100.7,Low,High
10736,18,Male,Bengaluru,25.1,No,Sedentary,Non-Vegetarian,Never,Never,7,4,101,6,122,70,108.7,Middle,Low
10737,29,Male,Delhi,18.7,No,Active,Non-Vegetarian,Never,Never,5.9,6,182,7.5,128,80,93,Middle,Moderate
10740,35,Male,Hyderabad,19.8,No,Moderate,Vegetarian,Never,Regular,7,7,146,6.4,150,90,95.9,Middle,Low
10742,45,Female,Delhi,24.8,No,Moderate,Vegetarian,Never,Never,6.7,8,156,6.6,140,90,97.6,Low,Low
10743,40,Female,Bengaluru,22.4,No,Sedentary,Non-Vegetarian,Never,,6,6,172,7.3,134,80,95.5,Middle,Moderate
10744,47,Female,Hyderabad,25.5,No,Moderate,Non-Vegetarian,Never,Never,6.7,7,210,7.7,148,80,105.1,Low,Moderate
10745,26,Male,Bengaluru,17.4,No,Active,Vegetarian,Never,,7,6,206,7.4,152,80,87.2,Middle,Low
10746,51,Female,Delhi,22.2,No,Moderate,Non-Vegetarian,Never,Never,9.5,4,109,5.3,136,70,95,Middle,Low
10747,51,Male,Bengaluru,22,No,Active,Vegetarian,,Never,9,2,146,6.3,130,90,99.6,Middle,Low
10751,52,Female,Ahmedabad,19.8,Yes,Moderate,Non-Vegetarian,Never,,6.5,7,259,8.6,140,100,88.3,Middle,High
10752,39,Male,Bengaluru,27.9,No,Sedentary,Non-Vegetarian,Current,Never,8,6,154,6.1,140,90,112.4,Low,Low
10753,29,Male,Hyderabad,21.5,Yes,Moderate,Non-Vegetarian,Never,Occasional,6.5,7,157,6.4,137,80,96.4,Low,Low
10754,37,Male,Bhopal,24.9,No,Moderate,Vegetarian,Never,Regular,8,6,192,7,136,90,99.6,,Moderate
10757,65,Female,Delhi,23.6,No,Sedentary,Non-Vegetarian,Never,,5.3,7,142,6.4,160,100,96.9,High,Low
10760,41,Female,Ahmedabad,23.8,No,Moderate,Non-Vegetarian,Current,Occasional,8,7,131,6.1,136,81,96.9,High,Low
10768,34,Female,Delhi,19.7,No,Active,Non-Vegetarian,Never,Occasional,8.5,6,153,6.2,130,80,89.1,Middle,Low
10770,35,Female,Ahmedabad,21.5,No,Active,Non-Vegetarian,Never,,7,5,212,7.4,136,88,97.5,Middle,Moderate
10771,51,Male,Bengaluru,19,Yes,Moderate,Non-Vegetarian,Never,Regular,9,1,118,5.6,118,90,91.9,Middle,Low
10772,35,Male,Delhi,21.9,No,Sedentary,Vegetarian,Never,Never,5.7,10,166,7.1,140,100,98.4,High,Low
10773,37,Male,Ahmedabad,20.8,Yes,Active,Non-Vegetarian,Never,Never,7.2,6,146,6.4,120,86,92.6,Middle,Low
10774,34,Female,Delhi,28.8,Yes,Sedentary,Vegetarian,Never,,7,4,159,7.2,148,84,117.9,Middle,Low
10778,71,Male,Bengaluru,21.4,Yes,Moderate,Non-Vegetarian,Current,,8,6,167,6.5,160,96,101.9,Middle,Low
10779,66,Male,Hyderabad,23.5,No,Sedentary,Non-Vegetarian,Current,Occasional,6,3,236,8.4,140,96,108.2,Middle,High
10781,42,Male,Bengaluru,21.5,No,Moderate,Non-Vegetarian,Never,Never,10,4,178,7,118,80,95.6,Middle,Low
10782,22,Female,Hyderabad,21.4,No,Active,Non-Vegetarian,Current,Never,6,6,113,5.7,130,84,95.9,High,Low
10784,52,Female,Delhi,29.3,No,Sedentary,Non-Vegetarian,Never,,7.5,7,200,7.8,148,90,113.7,High,High
10786,34,Female,Hyderabad,19.8,No,Active,Non-Vegetarian,Never,,5.9,6,181,6.5,160,100,89.3,Middle,Low
10787,52,Female,Ahmedabad,30.3,No,Sedentary,Vegetarian,Never,,7,6,187,7.1,140,100,120.9,Low,Moderate
10791,48,Male,Delhi,22.6,No,Moderate,Vegetarian,Never,Never,8,7,211,7.9,130,96,99.7,High,Moderate
10792,57,Female,Delhi,19.9,Yes,Active,Non-Vegetarian,Current,,6.6,5,166,6.1,138,100,90.5,Middle,Low
10793,55,Male,Hyderabad,23.8,No,Sedentary,Vegetarian,Never,Occasional,8,6,230,7.2,162,78,105.2,High,Low
10795,34,Male,Ahmedabad,19.6,No,Moderate,Vegetarian,Never,Never,7,4,156,6.8,120,85,91,Low,Low
10798,51,Male,Delhi,20.3,No,Moderate,Non-Vegetarian,Never,Never,6,5,88,5.3,140,92,92.4,Middle,Low
10799,53,Female,Delhi,19.5,No,Active,Non-Vegetarian,Never,Never,5,10,163,6.6,140,84,90.2,High,Low
10801,47,Female,Ahmedabad,27.7,No,Sedentary,Non-Vegetarian,Never,,6,8,192,6.9,154,100,101.9,Middle,Moderate
10804,58,Female,Bengaluru,29.1,Yes,Moderate,Non-Vegetarian,Never,Occasional,8,6,255,8.9,160,100,116.2,Middle,High
10805,38,Other,Delhi,20.6,No,Moderate,Non-Vegetarian,Never,Never,8,8,212,8.2,150,70,95.6,High,High
10806,50,Female,Delhi,26.3,Yes,Sedentary,Non-Vegetarian,Never,,6,5,232,9,148,80,109.8,Middle,High
10807,42,Male,Bhopal,27.5,No,Sedentary,Non-Vegetarian,Former,Never,6.3,7,162,6.7,152,88,107.7,High,Low
10808,49,Female,Bhopal,17.9,No,Active,Vegetarian,Never,Never,9,5,180,7.6,128,80,84.5,Low,Moderate
10810,45,Male,Delhi,18.2,Yes,Active,Non-Vegetarian,Current,,9,3,175,6.8,135,76,91.3,Middle,Low
10813,49,Female,Hyderabad,19.7,Yes,Moderate,Non-Vegetarian,Never,,6,6,195,7.9,144,80,91.3,Low,High
10814,51,Male,Chennai,25.2,No,Sedentary,Non-Vegetarian,Current,Occasional,5,5,234,9.1,129,88,108.2,Low,High
10816,40,Male,Bhopal,25.2,No,Moderate,Non-Vegetarian,Never,Occasional,6.1,3,279,9,150,94,108.5,Low,High
10821,44,Male,Ahmedabad,21.6,No,Sedentary,Pescatarian,Never,Occasional,7.5,6,178,6.7,130,90,99.4,Middle,Moderate
10822,41,Female,Chennai,21.5,No,Moderate,Non-Vegetarian,Never,Never,7,3,139,6,124,80,95.5,High,Low
10828,43,Female,Delhi,15,Yes,Active,Vegetarian,,,8,6,162,6.3,137,72,76.8,Middle,Low
10831,23,Male,Delhi,23.8,No,Sedentary,Vegetarian,Former,Never,7,10,253,9.8,140,91,101.4,Middle,High
10834,56,Female,Chennai,29.9,Yes,Sedentary,Non-Vegetarian,Never,Never,8,8,217,8.2,144,94,118.5,Middle,High
10835,34,Male,Ahmedabad,16.3,Yes,Active,Vegetarian,Never,Never,7,5,120,5.8,112,87,90.2,Low,Low
10836,57,Male,Delhi,27.4,No,Sedentary,Vegetarian,Never,Occasional,8.3,2,150,6.6,141,80,109.9,Low,Low
10837,64,Male,Bhopal,26.1,No,Active,Non-Vegetarian,Never,Never,5.4,5,191,7.6,140,89,111.6,Low,High
10839,46,Male,Bengaluru,19.7,No,Active,Non-Vegetarian,Never,Regular,5,7,181,7.6,140,92,95.4,High,Moderate
10840,51,Male,Ahmedabad,23.6,No,Sedentary,Non-Vegetarian,Former,Occasional,6.8,5,228,7.7,139,88,103.1,High,High
10841,51,Female,Ahmedabad,19.3,No,Moderate,Vegetarian,Never,,6,5,169,7.2,150,90,89.5,Middle,Moderate
10843,33,Male,Hyderabad,26.3,No,Sedentary,Non-Vegetarian,Never,Never,7,2,202,7.3,120,90,114.7,High,High
10844,57,Male,Chennai,28.6,No,Moderate,Non-Vegetarian,Never,Never,5.7,9,174,7.1,140,104,121.9,High,Moderate
10845,45,Female,Hyderabad,25.5,Yes,Moderate,Non-Vegetarian,,Never,7.5,6,179,7.2,160,95,99.8,High,Moderate
10847,48,Male,Chennai,30.3,No,Sedentary,Non-Vegetarian,Never,Never,5,10,157,6.5,160,100,120.8,Low,Moderate
10854,45,Male,Delhi,16.7,No,Moderate,Non-Vegetarian,Never,Occasional,8,8,174,7.1,144,80,83.9,Middle,Low
10856,46,Male,Bhopal,23,Yes,Moderate,Non-Vegetarian,Never,Occasional,7,4,171,6.6,130,100,104.4,Low,Low
10857,50,Male,Delhi,24.7,No,Sedentary,Non-Vegetarian,Current,Occasional,7,9,212,8.2,150,82,104.1,Middle,High
10858,32,Male,Hyderabad,16.9,No,Active,Vegetarian,Never,Occasional,7.2,7,153,6.4,130,70,86.2,Middle,Low
10859,46,Female,Delhi,28.6,Yes,Sedentary,Vegetarian,Never,Regular,8,4,157,6.7,160,88,107.5,Middle,Low
10860,55,Male,Delhi,23.6,No,Sedentary,Non-Vegetarian,Former,Occasional,7.8,6,154,7.2,136,88,102.4,Middle,Low
10861,43,Female,Delhi,18,Yes,Moderate,Non-Vegetarian,Never,,7.1,8,202,7.2,140,88,86.5,High,Low
10863,48,Female,Chennai,22.6,No,Moderate,Vegetarian,Never,,10,7,120,5.7,150,90,96.7,High,Low
10864,54,Female,Delhi,31.9,No,Sedentary,Non-Vegetarian,Never,,5.5,8,212,7.9,160,97,120.7,High,High
10866,37,Male,Ahmedabad,18.3,Yes,Moderate,Vegetarian,Never,Never,8,5,204,7.7,120,82,90.9,High,High
10867,54,Female,Bengaluru,18.3,No,Moderate,Vegetarian,Never,Never,8,7,214,7.6,146,84,89.6,Low,Moderate
10871,41,Male,Ahmedabad,25,No,Active,Non-Vegetarian,Never,,9,4,188,7,140,87,104.8,Middle,Low
10872,43,Female,Hyderabad,23.1,No,Sedentary,Pescatarian,Never,Occasional,7.4,7,182,7.3,140,80,97.9,High,Moderate
10875,29,Female,Hyderabad,20,No,Active,Non-Vegetarian,Never,,7,6,105,5.6,130,74,86.9,Middle,Low
10876,31,Male,Ahmedabad,29.3,No,Sedentary,Vegetarian,Never,Occasional,5.2,10,195,7.5,136,90,115.5,High,Moderate
10877,47,Female,Ahmedabad,21.6,No,Sedentary,Non-Vegetarian,Never,,7,3,143,6.6,136,79,92.1,Middle,Low
10878,43,Male,Hyderabad,26,No,Active,Vegetarian,Never,Occasional,7,6,207,6.6,160,90,110.6,High,Moderate
10882,42,Male,Ahmedabad,23.2,No,Sedentary,Vegetarian,Never,Never,8.5,3,121,6,134,68,104.7,Middle,Low
10883,48,Female,Chennai,19.9,No,Moderate,Vegetarian,Never,Occasional,9,4,114,5.9,160,80,87.5,Middle,Low
10884,57,Female,Delhi,24.8,No,Moderate,Non-Vegetarian,Current,Never,7,6,171,6.5,146,90,101.2,High,Low
10885,47,Female,Chennai,25.3,Yes,Sedentary,Non-Vegetarian,Current,Never,8,9,225,8.4,154,90,106.5,High,High
10887,29,Male,Chennai,19.9,No,Moderate,Vegetarian,Never,Never,8,5,109,5.6,123,80,96,Middle,Low
10888,47,Female,Ahmedabad,28.8,Yes,Sedentary,Vegetarian,Never,,8,5,168,6.6,150,90,105.7,High,Moderate
10889,47,Female,Ahmedabad,19.3,No,Active,Non-Vegetarian,Never,,7.9,6,109,5.7,130,80,87.3,Low,Low
10893,67,Male,Delhi,22.5,No,Moderate,Non-Vegetarian,Never,Occasional,5,7,142,6.4,152,80,102.3,Middle,Moderate
10896,53,Male,Chennai,22.6,Yes,Moderate,Non-Vegetarian,Never,Occasional,7.5,9,144,6,170,86,103.8,High,Low
10899,53,Female,Delhi,22.3,No,Moderate,Vegetarian,Never,,8,7,158,6.9,165,80,93.2,Middle,Low
10900,34,Female,Bengaluru,15.4,No,Active,Vegetarian,Never,,6,6,155,6.2,140,70,77.1,Middle,Low
10902,45,Female,Bengaluru,22.1,Yes,Sedentary,Vegetarian,Never,,8,9,147,7,150,100,94.5,Middle,Low
10903,39,Male,Bhopal,19.3,No,Active,Vegetarian,Never,Occasional,9,3,112,5.5,130,88,91.2,Middle,Low
10904,32,Male,Delhi,22.7,No,Moderate,Vegetarian,Former,Occasional,7,3,161,6.6,130,80,104.3,Low,Low
10905,60,Female,Bengaluru,28.4,Yes,Sedentary,Vegetarian,Never,Occasional,6.3,7,178,6.5,159,90,108.2,High,Moderate
10907,36,Female,Delhi,21.9,No,Sedentary,Non-Vegetarian,Never,,8,7,225,7.6,130,90,94,High,Moderate
10908,46,Female,Hyderabad,19.1,No,Active,Vegetarian,Never,Occasional,8,8,194,7.6,120,96,90.8,,Low
10909,51,Male,Bengaluru,19.8,No,Active,Vegetarian,Never,Occasional,6.3,6,113,5.9,152,88,89.5,High,Low
10911,53,Female,Bengaluru,25.8,No,Sedentary,Vegetarian,Never,Never,9,1,98,5.3,140,80,106.9,Middle,Low
10912,46,Male,Delhi,20.1,No,Active,Non-Vegetarian,Never,Occasional,7,7,182,7.1,140,90,96.2,Middle,Moderate
10913,29,Female,Bhopal,24.2,No,Active,Non-Vegetarian,Current,Never,8,6,163,6.6,140,72,99.7,Low,Low
10914,50,Male,Bengaluru,31.5,No,Moderate,Non-Vegetarian,Never,Never,7.5,5,164,7.3,144,100,125.2,Middle,Moderate
10916,49,Female,Bengaluru,25.2,No,Sedentary,Non-Vegetarian,Current,Occasional,7,6,163,6.3,136,84,101.3,Middle,Low
10917,54,Male,Delhi,21.1,No,Active,Vegetarian,Former,Occasional,8,3,155,7,130,90,96.8,Middle,Moderate
10920,52,Male,Bengaluru,24.6,No,Active,Non-Vegetarian,Never,Occasional,7.5,8,153,6.4,130,100,105.1,Middle,Low
10922,28,Male,Ahmedabad,30.9,No,Moderate,Vegetarian,Never,Never,8,2,138,6.4,136,80,119.7,High,Low
10926,51,Male,Delhi,33.5,No,Sedentary,Vegetarian,Never,Occasional,7,6,129,6.2,134,96,128.7,High,Low
10928,39,Female,Chennai,23.9,Yes,Moderate,Non-Vegetarian,,,6,9,201,8,148,86,100.3,Middle,High
10930,52,Male,Delhi,18.7,No,Active,Non-Vegetarian,Never,Never,7,6,119,5.4,140,95,90.8,High,Low
10931,49,Female,Hyderabad,19.6,No,Active,Vegetarian,Never,Never,6,6,158,6,140,80,89.2,Middle,Low
10934,47,Male,Delhi,16.7,No,Active,Non-Vegetarian,Current,Occasional,7.5,10,141,6,140,100,89.8,Low,Low
10937,46,Female,Hyderabad,26.5,No,Active,Non-Vegetarian,Never,Occasional,5,4,200,7.3,140,76,108.1,Middle,High
10938,43,Female,Bhopal,29,No,Sedentary,Vegetarian,Never,Never,7.6,7,178,6.7,150,90,110,Middle,Moderate
10939,18,Female,Bhopal,24.4,No,Sedentary,Non-Vegetarian,Never,Never,7,6,157,6.1,124,90,104.7,Middle,Low
10940,48,Female,Bengaluru,26.4,Yes,Moderate,Non-Vegetarian,Never,Never,6,8,188,7.4,138,92,100.6,Middle,Moderate
10941,41,Male,Delhi,19.1,No,Moderate,Non-Vegetarian,Current,Occasional,9,3,163,7.2,140,76,96.7,Middle,Low
10943,41,Male,Ahmedabad,16.4,Yes,Active,Non-Vegetarian,Never,Never,8,5,214,7.1,120,64,82.2,Low,Low
10945,46,Male,Bengaluru,17.2,No,Active,Vegetarian,Never,Never,7.5,6,204,7.5,134,90,85.3,Middle,High
10947,44,Male,Delhi,20.1,Yes,Active,Non-Vegetarian,Never,Never,5.2,9,180,6.7,140,80,92,High,Low
10949,45,Male,Hyderabad,15,Yes,Moderate,Non-Vegetarian,Current,Never,7,6,156,6.9,140,70,84.5,Middle,Moderate
10952,41,Female,Bhopal,28,No,Moderate,Vegan,Never,Never,8.7,7,159,6.5,140,90,114.5,Low,Low
10953,31,Female,Ahmedabad,23.1,Yes,Active,Non-Vegetarian,Current,,9.5,1,177,7.4,120,88,96.6,Low,Low
10956,55,Female,Hyderabad,24.7,No,Sedentary,Vegetarian,Current,,8,5,138,6.5,143,84,99,High,Low
10958,55,Male,Hyderabad,20.8,No,Active,Pescatarian,Former,Occasional,7,6,157,7.1,144,94,96.9,Low,Low
10960,46,Female,Ahmedabad,19.4,No,Active,Non-Vegetarian,Never,Never,8,5,187,7.1,140,72,91.1,Middle,Moderate
10962,43,Male,Ahmedabad,27.3,No,Sedentary,Non-Vegetarian,Current,Occasional,9,2,102,5.3,114,70,108.4,,Low
10964,56,Female,Hyderabad,20,No,Moderate,Non-Vegetarian,Current,Occasional,6.5,7,151,6.4,146,98,90.5,High,Low
10972,60,Male,Bengaluru,25.2,No,Moderate,Non-Vegetarian,Former,Never,5,8,157,7.1,150,90,106.2,Middle,Low
10973,31,Female,Chennai,17.9,No,Active,Non-Vegetarian,Never,,6,10,138,6.6,144,90,82.2,Middle,Low
10974,50,Female,Delhi,23.3,No,Sedentary,Non-Vegetarian,Current,,7,6,132,6.2,140,76,95.2,Middle,Low
10975,42,Male,Delhi,21.2,No,Sedentary,Non-Vegetarian,Never,Never,6,8,236,8,140,80,101.3,Low,High
10976,44,Female,Hyderabad,21.3,Yes,Active,Vegetarian,Never,,7,8,221,7.9,140,80,92.3,Middle,High
10978,58,Female,Delhi,24,Yes,Sedentary,Non-Vegetarian,Never,Never,8,4,191,7,148,92,103.9,High,Moderate
10979,30,Female,Bengaluru,20,No,Moderate,Vegetarian,Never,Occasional,8,6,118,5.9,132,80,89.6,Middle,Low
10980,49,Male,Delhi,24.5,Yes,Moderate,Non-Vegetarian,Never,Never,6.5,7,227,7.6,144,90,101.3,,Moderate
10983,57,Male,Ahmedabad,25.6,Yes,Moderate,Vegetarian,Current,Never,7,8,195,7.7,146,80,112.8,Middle,High
10984,58,Male,Bhopal,30.6,Yes,Sedentary,Non-Vegetarian,Never,Never,9,6,185,7,148,100,118.4,Middle,Moderate
10986,61,Female,Bhopal,27.2,No,Sedentary,Vegetarian,Current,,10,3,199,7.5,143,90,106.3,Low,High
10990,44,Male,Delhi,17.7,Yes,Active,Vegetarian,Current,Never,7,6,166,6.1,140,80,86.6,High,Low
10991,57,Male,Bengaluru,28.8,No,Sedentary,Vegetarian,Former,Never,7,8,220,7.6,150,84,114.5,High,High
10992,40,Female,Ahmedabad,21.4,No,Moderate,Vegetarian,Never,Occasional,8.1,10,207,8.2,140,90,92.3,Low,High
10993,46,Female,Delhi,22,Yes,Sedentary,Vegetarian,Never,Never,9,10,188,7.8,130,80,93.6,Middle,Moderate
10995,42,Male,Bengaluru,15,Yes,Active,Vegan,Never,Never,5.2,10,179,6.8,120,88,83.3,Low,Moderate
11000,53,Male,Bengaluru,22.6,No,Active,Non-Vegetarian,Never,Never,6.5,7,179,7.2,151,80,105.3,Middle,Low
11001,40,Male,Bhopal,21.8,No,Moderate,Non-Vegetarian,Never,Never,8,3,123,5.8,120,90,97.8,Middle,Low
11002,41,Female,Hyderabad,15.6,No,Active,Non-Vegetarian,Current,Never,6,8,180,6.8,130,80,78.8,Middle,Low
11004,46,Female,Delhi,28.5,No,Sedentary,Vegetarian,Never,Never,6.5,5,148,6.5,130,81,109.9,Low,Low
11012,52,Female,Ahmedabad,25.2,Yes,Sedentary,Vegetarian,Never,Never,8,8,204,7.5,147,80,102.4,Middle,High
11013,45,Female,Ahmedabad,30.8,No,Moderate,Vegetarian,Current,Never,8,4,195,7.7,140,84,116.3,Low,Moderate
11014,44,Female,Chennai,22,No,Moderate,Non-Vegetarian,Never,Never,8,8,152,6.9,138,80,90.6,Low,Low
11015,42,Female,Bengaluru,22.5,No,Sedentary,Non-Vegetarian,Current,Never,8,6,145,6.1,140,76,98.3,High,Low
11017,42,Male,Bengaluru,15,Yes,Active,Non-Vegetarian,Former,Never,6,7,200,7.8,140,80,85.4,High,Moderate
11018,35,Male,Chennai,18.6,No,Active,Non-Vegetarian,Never,Occasional,7.6,8,210,7.5,151,80,94.4,Middle,Low
11021,52,Female,Delhi,15.2,Yes,Active,Non-Vegetarian,Former,Never,8,6,172,6.6,136,84,77.8,Low,Low
11022,27,Male,Delhi,24.3,Yes,Active,Vegetarian,Never,Occasional,8,7,187,7.6,140,80,106.3,Middle,Moderate
11025,62,Male,Delhi,25.4,No,Sedentary,Non-Vegetarian,Never,Occasional,8,5,151,7,160,90,112.8,High,High
11026,36,Female,Delhi,24.5,No,Moderate,Non-Vegetarian,Never,,7,7,185,7.4,150,89,102.7,Middle,Low
11027,56,Female,Bengaluru,27.3,Yes,Moderate,Non-Vegetarian,Never,Never,7,7,252,8.5,140,87,104.3,Middle,High
11029,55,Male,Bhopal,23.8,Yes,Active,Vegetarian,Never,,6,3,214,8.1,146,90,105.1,Middle,High
11032,57,Male,Chennai,19.5,No,Active,Pescatarian,Never,Occasional,8,6,177,7.2,144,80,93,High,Moderate
11033,28,Female,Chennai,24.3,No,Sedentary,Non-Vegetarian,Never,,9,2,111,5.9,120,80,102.7,Middle,Low
11035,36,Male,Delhi,20.2,No,Moderate,Pescatarian,Never,Occasional,6,7,191,7.2,126,88,94.8,Middle,Moderate
11037,61,Other,Ahmedabad,22.5,Yes,Sedentary,Non-Vegetarian,Never,Never,6,3,176,7.6,124,110,96,Middle,Moderate
11038,44,Male,Ahmedabad,24.6,No,Moderate,Vegetarian,Never,Never,7.7,2,153,6.8,120,76,99.6,Middle,Low
11039,71,Female,Chennai,21.6,No,Sedentary,Non-Vegetarian,,Never,8,5,141,6.6,168,78,93.8,Middle,Low
11040,42,Female,Hyderabad,27.3,Yes,Moderate,Non-Vegetarian,Never,,7,9,193,7.2,140,80,101.5,High,Low
11043,44,Female,Bengaluru,20.8,Yes,Moderate,Non-Vegetarian,Never,Occasional,8.9,7,151,6,130,92,91.6,Middle,Moderate
11045,59,Male,Ahmedabad,26.6,No,Moderate,Vegetarian,Current,Occasional,7,6,178,8,150,80,120.3,Middle,Moderate
11048,42,Male,Ahmedabad,26.2,No,Sedentary,Non-Vegetarian,Current,Occasional,7.6,6,158,7.1,152,90,107.5,Middle,Low
11051,41,Male,Hyderabad,16.5,No,Sedentary,Vegetarian,Never,Occasional,8,7,165,6.4,138,76,85.1,High,Low
11056,44,Male,Delhi,24.8,Yes,Sedentary,Vegetarian,Never,Occasional,9,4,207,8.1,150,100,105.6,Middle,High
11058,48,Male,Bengaluru,26.8,Yes,Sedentary,Vegetarian,,Never,8,5,196,6.7,146,80,113.1,Middle,Moderate
11059,46,Female,Delhi,26.7,No,Moderate,Non-Vegetarian,Never,,7,5,164,7.4,140,94,112.9,Middle,Low
11060,40,Male,Bhopal,21.1,Yes,Active,Non-Vegetarian,Never,Occasional,5.5,7,167,7,136,80,100.5,Middle,Low
11061,46,Female,Bengaluru,26.2,No,Sedentary,Non-Vegetarian,Never,Occasional,6.8,6,192,7,130,100,107.8,Middle,Moderate
11062,48,Male,Chennai,29.5,No,Sedentary,Non-Vegetarian,Never,Never,7.3,7,171,7.8,132,90,112.3,High,Moderate
11063,38,Male,Chennai,19.7,Yes,Active,Non-Vegetarian,Never,,6.5,7,216,7.8,105,80,94.2,,Moderate
11066,50,Male,Ahmedabad,23.6,No,Moderate,Vegetarian,Never,Occasional,7,7,163,6.8,144,80,102.3,Middle,Low
11067,48,Male,Hyderabad,22.7,Yes,Moderate,Vegetarian,Never,Never,5.8,8,168,6.6,150,100,98.6,Low,Moderate
11069,43,Male,Bengaluru,19.6,Yes,Moderate,Vegetarian,Never,,6,9,159,6.5,140,90,97.5,Middle,Low
11071,50,Female,Delhi,18.3,No,Active,Vegetarian,Never,Occasional,6.9,7,151,6.6,142,88,85.5,Middle,Low
11072,35,Male,Delhi,21,Yes,Moderate,Pescatarian,Never,Regular,7.5,7,159,6.5,144,77,94.1,High,Low
11073,35,Male,Delhi,21.6,No,Active,Non-Vegetarian,Current,,7,5,112,6,130,92,98.7,High,Low
11079,49,Female,Ahmedabad,26.8,Yes,Sedentary,Vegetarian,Never,Regular,9,5,149,6.5,150,83,107.2,High,Low
11080,39,Male,Ahmedabad,24.7,No,Active,Vegetarian,Never,Never,7.4,5,117,5.9,130,84,103.2,Middle,Low
11082,18,Male,Bengaluru,16,Yes,Active,Non-Vegetarian,Current,Occasional,7,6,117,5.6,127,76,85.9,Middle,Low
11084,43,Female,Bengaluru,26.4,Yes,Sedentary,Non-Vegetarian,Never,Occasional,6.8,7,178,6.6,150,80,101,Middle,Moderate
11091,53,Male,Delhi,23.5,Yes,Moderate,Non-Vegetarian,Never,Never,7,9,167,6.6,140,72,101.7,Middle,Moderate
11092,49,Male,Bengaluru,27.5,Yes,Sedentary,Non-Vegetarian,,Never,7,10,222,7.8,140,100,113.6,Middle,High
11093,51,Female,Chennai,35,No,Sedentary,Non-Vegetarian,Never,,9,5,245,7.7,130,85,131.1,Low,High
11094,48,Female,Ahmedabad,23.5,Yes,Moderate,Non-Vegetarian,Current,,6,8,236,7.8,148,88,100.3,Low,High
11098,54,Female,Chennai,22.9,Yes,Moderate,Vegetarian,Never,,6,9,165,6.4,154,80,95.9,Low,Low
11100,61,Female,Bengaluru,24.3,No,Sedentary,Non-Vegetarian,Never,Occasional,7,4,224,8,140,90,95.2,Low,High
11101,47,Female,Ahmedabad,25.7,No,Sedentary,Vegetarian,Never,,7.5,5,162,6.7,140,73,107.1,Middle,Low
11104,58,Male,Hyderabad,27,No,Moderate,Vegetarian,Never,Never,8,9,173,6.9,159,104,108.9,High,Moderate
11105,47,Female,Ahmedabad,29.9,Yes,Moderate,Vegetarian,Never,Occasional,6,8,187,7.8,140,90,115.2,Middle,Low
11108,40,Female,Bhopal,17,Yes,Moderate,Vegetarian,Current,,7.1,6,152,6.8,120,90,82.4,Low,Low
11112,29,Male,Delhi,20.6,No,Active,Non-Vegetarian,Never,Regular,5,9,150,6.5,140,97,99.1,High,Low
11114,44,Female,Hyderabad,27.7,No,Sedentary,Non-Vegetarian,Current,Occasional,8.5,7,165,6.7,160,88,108.4,Middle,Moderate
11116,46,Female,Bengaluru,25,Yes,Sedentary,Pescatarian,Never,,9,6,150,6.9,120,88,105.9,High,Moderate
11117,48,Male,Hyderabad,27.1,No,Moderate,Vegetarian,Never,Regular,7.6,6,247,8.8,143,80,111.3,High,High
11120,51,Male,Bengaluru,23.5,No,Sedentary,Vegetarian,Current,Occasional,7.8,4,109,5.8,152,75,105.2,High,Low
11123,55,Male,Ahmedabad,27.8,Yes,Moderate,Non-Vegetarian,Never,Never,5.5,4,180,7,140,92,109.2,Low,Moderate
11127,49,Female,Delhi,24.1,Yes,Active,Non-Vegetarian,Never,Regular,7,6,143,6.1,160,86,98.2,Middle,Low
11128,43,Female,Delhi,26,No,Moderate,Vegetarian,Never,Never,6.5,8,192,7.2,152,100,101.2,Low,Moderate
11129,62,Male,Ahmedabad,27.3,Yes,Sedentary,Non-Vegetarian,Never,,7,3,224,7.7,140,100,106.2,Middle,High
11138,38,Female,Ahmedabad,19.7,No,Active,Non-Vegetarian,Never,,6,4,114,5.9,146,84,88.5,Middle,Low
11140,57,Female,Delhi,20.7,No,Moderate,Vegetarian,Never,,8,7,244,8.4,140,100,89.1,Low,High
11142,47,Female,Delhi,22.7,Yes,Sedentary,Vegetarian,Former,Never,6,10,248,9.2,140,90,93.4,High,High
11147,42,Female,Delhi,26,No,Active,Non-Vegetarian,Never,,7,10,148,7.2,153,90,104.9,Middle,Low
11149,45,Female,Ahmedabad,26.1,Yes,Sedentary,Vegetarian,Never,,8,7,170,7.5,164,100,105.5,Low,Moderate
11150,37,Female,Hyderabad,21.6,No,Active,Non-Vegetarian,Never,Occasional,9,7,142,6.2,148,90,89.7,Low,Low
11152,55,Male,Delhi,28.1,No,Moderate,Vegetarian,Never,Never,8,8,227,8.4,160,90,114.5,Middle,High
11153,36,Male,Chennai,25.2,No,Sedentary,Non-Vegetarian,Former,Never,6,7,185,7.1,148,70,112.5,Middle,Low
11155,32,Female,Bengaluru,17.1,No,Active,Vegan,,Occasional,7,5,118,6.1,127,93,82.7,Middle,Low
11157,58,Female,Hyderabad,26.8,No,Sedentary,Non-Vegetarian,Never,Occasional,6,7,175,6.9,170,100,102.5,Middle,Moderate
11158,52,Male,Delhi,22.9,Yes,Active,Non-Vegetarian,Never,Never,6.4,8,149,6.5,150,100,97.5,Low,Low
11159,47,Female,Delhi,19.5,No,Active,Vegetarian,Current,Never,7,8,181,7.9,132,90,91.1,High,Moderate
11160,31,Male,Bengaluru,25.5,No,Active,Non-Vegetarian,Never,Never,6,4,145,6.8,128,86,107.8,High,Low
11161,30,Male,Delhi,22.4,No,Active,Vegan,Current,Never,6,9,115,5.7,136,80,98.9,High,Low
11162,48,Male,Chennai,28.8,Yes,Sedentary,Non-Vegetarian,Never,Never,6.4,8,192,7.2,150,93,120,High,High
11163,27,Female,Bhopal,26.6,No,Sedentary,Non-Vegetarian,Never,Occasional,6.5,7,174,7,140,84,111.2,Middle,Low
11165,26,Female,Bengaluru,15.7,No,Moderate,Vegetarian,Never,Never,6.9,10,193,7.2,140,84,78.6,,Low
11167,37,Female,Bhopal,18.9,No,Moderate,Vegetarian,Never,Never,6.4,9,170,6.7,120,90,86.2,Middle,Low
11168,36,Female,Bengaluru,23.4,No,Moderate,Non-Vegetarian,Never,Occasional,5.5,7,221,8.1,124,80,96.5,Middle,Moderate
11172,59,Male,Hyderabad,23.8,No,Active,Non-Vegetarian,Never,Occasional,7.5,6,178,6.9,150,100,99.1,Middle,Moderate
11174,48,Male,Bengaluru,27.1,No,Sedentary,Non-Vegetarian,Former,Occasional,7,6,135,5.8,140,90,115.1,Middle,Low
11180,58,Male,Bhopal,29.2,No,Sedentary,Non-Vegetarian,Current,Never,8.5,1,153,6.3,138,85,123.6,Middle,Low
11182,42,Male,Bengaluru,28.9,No,Moderate,Vegetarian,Never,Never,6,6,157,6.5,150,89,116.1,High,Moderate
11183,48,Male,Bhopal,21.5,No,Sedentary,Non-Vegetarian,Never,Occasional,6.7,4,143,6.3,140,84,99.8,Low,Low
11187,38,Female,Bhopal,21.6,No,Active,Non-Vegetarian,Former,,7,3,163,6.6,135,76,97.8,Middle,Low
11189,42,Female,Bhopal,25.9,No,Sedentary,Vegetarian,Never,Occasional,7.3,6,178,7.5,125,81,109.7,Low,Low
11190,34,Male,Bengaluru,20.3,Yes,Sedentary,Vegetarian,Never,Occasional,8,4,109,5.6,124,82,95.3,Middle,Low
11191,51,Female,Chennai,20.4,No,Moderate,Non-Vegetarian,Never,Occasional,7,6,152,6.9,141,84,93.2,Low,Low
11193,53,Female,Chennai,22.2,No,Active,Vegan,,,8,7,184,6.9,152,100,95.7,,Low
11197,25,Female,Bengaluru,25.1,Yes,Sedentary,Non-Vegetarian,Never,,8,9,134,6.2,130,78,102.6,Middle,Low
11199,47,Male,Bengaluru,17.9,Yes,Moderate,Non-Vegetarian,Never,Never,7,4,114,5.9,120,80,90,Middle,Low
11202,34,Male,Delhi,29.2,Yes,Moderate,Vegetarian,Current,Never,8,5,175,7,130,88,113.6,High,Low
11203,56,Male,Bengaluru,25.9,No,Sedentary,Vegetarian,Current,Regular,6.9,9,195,7,160,101,111,Middle,Low
11207,47,Female,Chennai,24.7,No,Moderate,Non-Vegetarian,Never,,6,7,165,6.9,145,90,103.7,High,Moderate
11208,47,Female,Delhi,24.8,Yes,Moderate,Vegetarian,Current,Occasional,8,8,203,7.7,150,87,100.9,Middle,High
11209,44,Male,Delhi,24.4,No,Moderate,Non-Vegetarian,Never,Never,6.5,8,192,7.7,140,100,103.9,Low,Moderate
11210,37,Female,Delhi,16,Yes,Active,Non-Vegetarian,Never,Never,5,10,147,6.9,130,80,82.8,High,Low
11213,45,Female,Bhopal,24,Yes,Sedentary,Non-Vegetarian,Never,,8,6,194,7.4,140,92,101.4,Low,High
11215,59,Female,Bhopal,22.6,Yes,Sedentary,Vegan,Never,Never,8,5,179,7.5,150,90,97.1,Middle,Moderate
11218,63,Female,Delhi,28.8,No,Moderate,Non-Vegetarian,Never,,8.1,8,247,8.1,140,80,116.8,Middle,High
11221,35,Female,Chennai,21.1,Yes,Active,Non-Vegetarian,Never,,8,7,191,7.4,144,94,94.2,High,Moderate
11222,57,Male,Chennai,22.1,Yes,Active,Vegetarian,Never,Occasional,5,6,178,7.4,140,85,98.2,Middle,Moderate
11223,50,Female,Delhi,25.4,No,Moderate,Non-Vegetarian,Never,Occasional,8,10,210,8.1,142,90,105.2,Middle,Moderate
11224,32,Male,Hyderabad,20,No,Active,Non-Vegetarian,Never,Never,8,3,200,8,112,74,95.7,Middle,Moderate
11225,39,Female,Delhi,27.4,No,Moderate,Non-Vegetarian,Never,,8,7,158,6.5,120,97,108.6,Middle,Low
11229,51,Male,Ahmedabad,21,Yes,Moderate,Vegetarian,Never,Occasional,8.4,6,127,6,140,90,99.2,Middle,Moderate
11233,50,Male,Delhi,24.7,No,Moderate,Non-Vegetarian,Never,Occasional,6.3,10,189,7.6,164,93,103.8,High,Low
11234,54,Male,Hyderabad,22.3,No,Moderate,Non-Vegetarian,,Never,7,7,132,6.3,172,88,102.6,Middle,Low
11236,45,Male,Bengaluru,21.4,No,Active,Non-Vegetarian,Current,Occasional,8,6,213,7.3,140,84,95.8,High,Moderate
11237,33,Female,Hyderabad,17.6,No,Active,Vegetarian,Never,Occasional,6,6,93,5.3,130,76,80.6,High,Low
11239,65,Female,Bengaluru,21.2,No,Sedentary,Non-Vegetarian,Never,,7,5,179,6.9,145,84,90.3,High,Moderate
11242,35,Female,Delhi,29.2,No,Moderate,Vegetarian,Current,Occasional,5,8,200,8.1,130,80,109.1,Middle,Moderate
11245,39,Male,Chennai,24.7,No,Moderate,Vegetarian,Never,Never,7.3,5,208,7,128,92,106.2,Low,Moderate
11247,57,Male,Delhi,25.4,No,Moderate,Non-Vegetarian,Never,Never,7,9,164,7.1,170,84,112.2,High,Moderate
11252,56,Female,Chennai,21.5,No,Active,Non-Vegetarian,Never,Regular,9,2,208,7.2,136,88,90.3,Middle,High
11254,58,Male,Bengaluru,21.8,Yes,Active,Non-Vegetarian,Former,Never,6.7,10,211,7.5,140,100,101.4,Middle,High
11255,55,Male,Delhi,27.5,No,Active,Vegetarian,Never,Never,6.5,8,182,7.4,160,100,110.4,Middle,High
11256,51,Male,Ahmedabad,22.5,Yes,Sedentary,Vegetarian,Never,Never,10,6,156,6.7,156,100,98.3,Middle,Low
11260,52,Male,Hyderabad,25.5,No,Moderate,Non-Vegetarian,Current,Occasional,7,5,223,7.9,150,88,105,Low,High
11263,59,Female,Hyderabad,24.1,No,Active,Vegetarian,Current,,8,6,205,7.3,150,100,105,Low,High
11264,29,Male,Hyderabad,21.9,No,Moderate,Non-Vegetarian,Never,Never,5,6,127,6.3,140,70,96.7,Middle,Low
11266,32,Male,Hyderabad,21.6,Yes,Active,Non-Vegetarian,Never,Occasional,7,7,119,6.1,133,80,99,Middle,Low
11270,36,Male,Bengaluru,21.8,Yes,Moderate,Non-Vegetarian,Never,Never,8,4,116,5.8,130,64,98,Middle,Low
11272,40,Male,Ahmedabad,17.4,No,Active,Non-Vegetarian,,Never,6,4,116,6.2,110,84,88.7,Low,Low
11273,41,Male,Bengaluru,24.3,No,Active,Non-Vegetarian,Never,Occasional,7.5,6,166,6.7,133,87,108.3,High,Low
11275,37,Male,Hyderabad,26.7,No,Active,Non-Vegetarian,Current,Never,7,5,148,6.7,150,80,112.4,Middle,Low
11282,45,Male,Bhopal,28.3,No,Active,Non-Vegetarian,Never,Occasional,8,2,144,5.8,146,80,109.9,High,Low
11284,46,Female,Bhopal,28.2,Yes,Sedentary,Non-Vegetarian,Former,,7,6,161,6.4,140,80,113.9,Low,Moderate
11286,43,Male,Delhi,20.5,Yes,Sedentary,Non-Vegetarian,Never,Never,7,6,102,5.6,132,80,93.5,Middle,Low
11288,37,Female,Hyderabad,20.3,Yes,Active,Non-Vegetarian,Never,Occasional,6.5,5,170,6.8,140,91,89.9,Middle,Low
11289,39,Male,Hyderabad,34.5,No,Sedentary,Vegetarian,Current,Occasional,7,7,201,8,130,101,127.9,Low,High
11290,31,Male,Delhi,20.7,No,Moderate,Vegetarian,Never,Never,6,6,142,6.7,128,80,95.5,,Low
11291,39,Female,Delhi,22.6,No,Active,Non-Vegetarian,Never,,7.3,8,166,7.1,144,90,94,Low,Low
11293,41,Male,Delhi,24.1,Yes,Sedentary,Vegetarian,Never,Never,7,7,225,8,130,76,104.4,High,High
11294,34,Female,Chennai,20.6,Yes,Active,Pescatarian,Current,,6,8,179,7.3,136,80,90.3,Middle,Moderate
11297,45,Female,Hyderabad,26.7,No,Sedentary,Vegetarian,,Never,7,7,195,7.5,147,80,108.9,High,High
11299,54,Female,Bengaluru,19.8,Yes,Active,Vegetarian,Never,Occasional,6,10,312,9.1,160,80,90.9,Low,High
11301,56,Male,Bhopal,29.2,Yes,Moderate,Non-Vegetarian,Former,Never,6,6,198,8.2,151,89,122,Middle,Moderate
11302,52,Male,Chennai,25.5,No,Sedentary,Non-Vegetarian,Never,Never,6.5,6,158,6.1,140,108,106.1,,Low
11304,22,Female,Hyderabad,28,No,Moderate,Pescatarian,Never,Never,7,2,138,6.5,134,80,108.7,Middle,Low
11308,34,Female,Delhi,28,Yes,Active,Non-Vegetarian,Never,Occasional,8,9,181,6.7,150,90,110.8,Low,Low
11311,56,Male,Chennai,27.7,Yes,Moderate,Vegetarian,Never,,7,7,207,7.8,152,90,119.1,High,Moderate
11312,49,Female,Bengaluru,22.1,No,Sedentary,Non-Vegetarian,Never,Never,9,5,176,6.5,140,96,94.6,Middle,Low
11320,39,Female,Bhopal,20.2,No,Moderate,Non-Vegetarian,Never,Regular,7.5,6,144,6.1,120,92,89.6,Middle,Low
11321,65,Male,Bengaluru,30.1,Yes,Sedentary,Non-Vegetarian,Never,Never,6.8,8,285,8.1,150,92,114.1,High,High
11322,58,Male,Delhi,20.6,Yes,Active,Vegetarian,Never,Never,7,8,195,7.4,150,90,99.4,Middle,Moderate
11325,54,Male,Delhi,21.4,No,Moderate,Pescatarian,Never,Never,8.6,5,147,6.6,150,82,100.4,Low,Low
11329,41,Female,Bhopal,21.9,No,Moderate,Non-Vegetarian,Never,Occasional,7,7,255,8.6,130,90,96.8,Middle,High
11331,49,Female,Hyderabad,24.8,Yes,Sedentary,Non-Vegetarian,Never,,5,7,214,7.4,160,100,100.2,High,Moderate
11332,45,Female,Bengaluru,18.4,No,Active,Non-Vegetarian,Former,Occasional,6.4,10,212,7.9,143,80,85.3,Middle,Moderate
11333,55,Male,Bengaluru,17.4,No,Moderate,Non-Vegetarian,Current,Occasional,8,6,196,6.5,140,83,88.4,High,Moderate
11334,37,Male,Bengaluru,17.9,Yes,Active,Non-Vegetarian,Never,,6,8,149,6.8,120,94,89.6,Middle,Low
11336,47,Male,Delhi,16.9,No,Active,Vegetarian,Never,Never,8,7,138,6.2,140,90,87.5,Low,Low
11341,57,Male,Delhi,21.4,No,Sedentary,Non-Vegetarian,Never,Never,7,5,181,7.5,140,86,102,High,Moderate
11342,47,Female,Chennai,17,No,Moderate,Vegan,Never,Regular,8,5,119,5.3,134,80,83.7,Low,Low
11345,55,Male,Hyderabad,25,Yes,Sedentary,Vegetarian,Current,Never,5,10,167,6.4,170,95,107,High,Moderate
11346,53,Male,Delhi,26.1,Yes,Active,Vegetarian,,Occasional,7.5,5,172,7.1,148,90,112.5,Middle,Moderate
11347,52,Female,Delhi,20.7,No,Moderate,Vegetarian,Current,,6,6,191,7.7,140,80,93.1,Middle,Moderate
11351,32,Female,Hyderabad,19.7,Yes,Active,Vegetarian,Never,Regular,8,4,216,7.6,130,83,89.6,Middle,Low
11352,48,Male,Delhi,33.1,Yes,Moderate,Pescatarian,Never,Regular,6,10,171,6.8,138,110,130.2,High,Moderate
11353,35,Male,Bengaluru,29.4,No,Sedentary,Non-Vegetarian,Never,Never,7,7,163,6.8,146,100,116.9,Middle,Moderate
11354,34,Female,Hyderabad,30.4,No,Moderate,Vegetarian,Never,,8,6,143,6.4,140,75,119.7,Middle,Low
11355,38,Male,Chennai,25.4,No,Sedentary,Non-Vegetarian,Never,Never,6,6,159,6.8,132,80,109.7,Middle,Low
11357,62,Female,Hyderabad,28.8,No,Sedentary,Non-Vegetarian,Current,,6.1,8,304,9.9,140,98,116.9,High,High
11358,50,Female,Hyderabad,22.8,No,Active,Non-Vegetarian,Never,Occasional,8,5,180,7.1,140,80,96.8,High,Moderate
11359,51,Male,Bengaluru,20.6,No,Moderate,Non-Vegetarian,Never,Occasional,7,9,143,6.1,140,85,98.3,High,Low
11360,57,Female,Hyderabad,23.1,Yes,Sedentary,Non-Vegetarian,Never,Never,5,8,167,6.8,140,92,98.9,Middle,Low
11361,35,Male,Ahmedabad,24.8,Yes,Active,Non-Vegetarian,Never,Occasional,8,3,198,7.7,130,84,107.1,Low,High
11366,43,Female,Bengaluru,24,No,Moderate,Vegetarian,,,6.1,9,169,6.8,130,90,105.2,Middle,Low
11367,59,Female,Ahmedabad,22.2,Yes,Active,Non-Vegetarian,Current,,7,10,157,7.1,150,92,96.5,High,Moderate
11368,35,Female,Bhopal,23.1,Yes,Sedentary,Non-Vegetarian,Current,Never,9,5,188,7.2,100,70,97.1,High,Low
11371,43,Male,Ahmedabad,22.3,No,Moderate,Non-Vegetarian,Never,Occasional,7,5,161,6.4,140,80,104.5,Low,Low
11374,45,Female,Ahmedabad,25.2,No,Moderate,Non-Vegetarian,Current,,6,7,148,6.7,140,80,109.4,High,Low
11375,45,Male,Delhi,18.9,No,Moderate,Vegetarian,Never,Occasional,8,6,151,6.2,136,88,94.4,Middle,Low
11378,39,Female,Chennai,24.6,No,Moderate,Vegetarian,Current,Occasional,8,9,166,6.6,150,88,103.3,High,Low
11379,45,Female,Hyderabad,26.2,Yes,Sedentary,Non-Vegetarian,Never,,8.3,7,183,7.4,120,90,108,Middle,Moderate
11380,58,Male,Ahmedabad,16.4,No,Active,Non-Vegetarian,Never,Never,7,4,151,6.2,150,80,84,Middle,Moderate
11386,66,Female,Bengaluru,28,Yes,Sedentary,Vegetarian,Never,Occasional,7,5,156,6.9,150,90,109.1,High,Moderate
11389,45,Male,Chennai,21,Yes,Moderate,Vegetarian,Never,,6.5,8,172,6.5,140,84,95.7,Middle,Low
11391,35,Male,Ahmedabad,27.8,Yes,Sedentary,Non-Vegetarian,,Never,8,10,150,6.8,140,90,115,High,Low
11397,54,Male,Hyderabad,34.1,No,Sedentary,Vegetarian,Current,Occasional,7,10,172,7.5,160,96,126.5,,Moderate
11398,39,Male,Delhi,20.6,No,Moderate,Non-Vegetarian,Former,Never,7,10,153,6.2,130,92,97.3,Middle,Low
11399,53,Male,Delhi,26.2,No,Sedentary,Vegetarian,Current,Never,8,6,155,6.7,140,80,106.1,High,Low
11400,53,Male,Ahmedabad,19,No,Active,Vegan,Never,Never,8.9,7,179,7.2,148,90,91.1,High,Moderate
11401,55,Male,Bengaluru,22,Yes,Active,Vegetarian,Never,Never,6,9,201,7.8,150,91,101.4,,High
11402,30,Male,Delhi,21,No,Active,Non-Vegetarian,Never,Never,7.9,5,145,6.4,120,80,96.6,Middle,Low
11403,36,Male,Ahmedabad,19.9,No,Active,Vegetarian,Never,Occasional,7,5,152,6.7,140,80,92.9,Middle,Low
11404,37,Male,Bengaluru,19.7,No,Sedentary,Vegetarian,Never,Never,6,7,167,6.5,140,88,90.1,High,Moderate
11408,37,Female,Delhi,19,Yes,Moderate,Vegetarian,Never,Never,7,9,159,6.9,150,92,89.3,Middle,Moderate
11410,46,Female,Bhopal,34,Yes,Moderate,Non-Vegetarian,Never,,7,7,185,7.1,160,96,123.3,High,Moderate
11411,45,Female,Bhopal,24.5,No,Sedentary,Non-Vegetarian,Never,Occasional,8,5,185,7.1,132,80,102.9,Low,Moderate
11412,18,Male,Chennai,18.8,Yes,Moderate,Non-Vegetarian,Never,Regular,6,8,140,6.6,130,100,90.6,High,Low
11414,50,Female,Ahmedabad,20.1,Yes,Sedentary,Non-Vegetarian,,Occasional,7,2,185,7.7,144,75,89.7,Low,High
11416,44,Male,Hyderabad,21.8,No,Sedentary,Non-Vegetarian,Never,Occasional,5,7,147,6.4,152,84,98,High,Low
11418,56,Female,Ahmedabad,32.2,No,Sedentary,Pescatarian,Never,Occasional,9,3,217,8.1,150,90,112.2,Low,High
11419,47,Male,Chennai,24.9,No,Moderate,Non-Vegetarian,Never,Regular,5,10,225,7.7,140,91,105.2,High,High
11420,40,Female,Delhi,28.8,No,Sedentary,Non-Vegetarian,Former,Never,7.8,5,153,6.4,160,86,108.3,Middle,Low
11423,49,Male,Bengaluru,33.8,Yes,Sedentary,Non-Vegetarian,Never,Occasional,6.7,8,175,7.2,156,90,132.2,Middle,Moderate
11424,61,Female,Bengaluru,22.9,No,Moderate,Non-Vegetarian,Former,,6,10,246,8.4,156,90,102,High,High
11425,41,Male,Chennai,19.6,Yes,Moderate,Non-Vegetarian,Never,Never,8,8,214,7.7,152,87,98.4,Middle,Moderate
11427,19,Male,Delhi,24,No,Moderate,Non-Vegetarian,Never,Never,6,5,117,5.7,130,88,106.8,Middle,Low
11428,46,Male,Chennai,20.2,Yes,Moderate,Vegetarian,Never,Occasional,8,7,163,6.3,128,70,95.3,High,Low
11429,58,Male,Bengaluru,26.8,Yes,Moderate,Non-Vegetarian,Never,Occasional,8.2,4,167,6.5,144,80,107.2,Middle,Low
11430,45,Female,Ahmedabad,21.4,No,Active,Non-Vegetarian,Current,Occasional,7,5,132,6.6,143,100,92.3,Middle,Low
11431,40,Female,Delhi,16.7,No,Moderate,Vegetarian,Former,Never,5.7,10,198,7.1,138,90,76.4,High,Moderate
11432,39,Female,Ahmedabad,23,Yes,Active,Vegetarian,Never,Occasional,5,7,191,6.9,110,70,92.4,Low,Moderate
11436,46,Male,Bhopal,31.3,Yes,Moderate,Non-Vegetarian,Never,Never,8,4,287,9.5,150,85,125.8,,High
11438,37,Female,Delhi,21.3,Yes,Active,Non-Vegetarian,Never,,7.5,5,159,6.4,125,80,87.8,Middle,Moderate
11439,48,Male,Ahmedabad,23.3,No,Sedentary,Vegetarian,Never,Never,8.4,4,256,7.9,150,80,104.1,Middle,High
11441,56,Female,Hyderabad,29.9,No,Sedentary,Non-Vegetarian,Never,,7,7,151,6.7,148,100,117.8,Middle,Moderate
11442,59,Male,Chennai,19.3,No,Active,Vegetarian,Never,Occasional,8,8,155,7,144,90,95.2,High,Low
11443,51,Female,Delhi,18.5,No,Active,Non-Vegetarian,Current,,8,4,107,5.8,140,80,80.3,Low,Low
11446,40,Male,Bengaluru,25.4,No,Sedentary,Non-Vegetarian,Never,Never,7,10,176,6.5,136,90,109.4,High,Low
11449,42,Female,Delhi,16.6,No,Active,Non-Vegetarian,Current,,6,10,165,6.7,170,80,79.5,High,Low
11450,40,Female,Ahmedabad,21,No,Moderate,Non-Vegetarian,Never,Regular,8,2,108,5.7,140,80,94.2,Low,Low
11451,50,Male,Hyderabad,21.1,No,Active,Non-Vegetarian,Never,,8,8,212,8.1,142,100,102.6,Middle,High
11453,26,Female,Chennai,22,Yes,Moderate,Vegetarian,Never,,6.5,8,168,6.9,123,80,95.4,Low,Low
11457,28,Male,Bhopal,21.9,Yes,Sedentary,Vegetarian,Former,Never,8,7,153,6.2,140,90,100.1,High,Low
11460,49,Female,Chennai,23,No,Active,Non-Vegetarian,Never,Regular,6,4,161,7,130,82,97.5,Middle,Low
11461,38,Female,Delhi,19.9,No,Moderate,Non-Vegetarian,Current,Occasional,8,10,147,7,150,84,90.4,Middle,Low
11463,51,Male,Ahmedabad,27.6,Yes,Sedentary,Non-Vegetarian,Current,Never,7.5,3,140,6.3,150,100,113.6,Middle,Low
11464,37,Female,Hyderabad,29.9,Yes,Active,Vegetarian,Current,Occasional,7,6,268,8.5,143,84,119.6,High,High
11465,24,Female,Hyderabad,22.7,Yes,Moderate,Non-Vegetarian,Never,Occasional,7,6,152,6.1,124,89,100.5,High,Low
11468,48,Male,Delhi,18.9,Yes,Moderate,Vegetarian,Never,,7,7,152,6.7,141,90,90.2,High,Moderate
11471,40,Female,Chennai,25.9,No,Active,Non-Vegetarian,Never,Occasional,7.9,4,144,6.3,142,90,107.5,Middle,Low
11473,44,Female,Delhi,25.3,Yes,Sedentary,Non-Vegetarian,Never,Never,7,9,178,6.8,148,90,105,High,High
11475,37,Male,Bengaluru,23.6,Yes,Active,Non-Vegetarian,Never,Never,6.5,7,174,7.1,130,94,107.5,Middle,Low
11476,30,Female,Delhi,20.4,No,Sedentary,Vegetarian,Never,Never,7.1,7,165,7,140,83,93,Middle,Moderate
11478,62,Male,Bengaluru,31.3,No,Sedentary,Vegetarian,Current,Occasional,6,7,252,8.4,160,96,122.2,Middle,High
11480,36,Female,Bengaluru,19.5,Yes,Sedentary,Non-Vegetarian,Former,,8,5,117,5.8,121,82,87.1,High,Low
11481,63,Male,Chennai,22.3,No,Moderate,Vegetarian,Current,Never,6,9,165,7.2,160,90,99.5,Middle,Moderate
11482,44,Female,Delhi,22.4,Yes,Moderate,Non-Vegetarian,Never,,8,9,173,6.5,147,94,93.3,Middle,Moderate
11484,43,Female,Delhi,19.9,No,Active,Non-Vegetarian,Never,,5,7,109,5.7,144,93,92.1,Low,Low
11486,56,Female,Hyderabad,22.9,No,Sedentary,Non-Vegetarian,Never,Regular,7.5,6,148,6,146,80,100.4,Middle,Low
11487,40,Male,Ahmedabad,22,Yes,Active,Vegetarian,Current,Never,8,8,144,6.8,156,80,100.1,Low,Low
11491,45,Male,Hyderabad,24.2,No,Moderate,Vegetarian,Never,Occasional,8,6,171,6.9,134,90,106.6,Middle,Low
11493,70,Female,Bhopal,25.6,Yes,Sedentary,Non-Vegetarian,Never,Never,8,4,214,8,140,90,107.1,Low,High
11494,45,Female,Chennai,20.5,Yes,Active,Non-Vegetarian,Never,,6,8,203,7,149,84,89.3,,High
11495,45,Male,Delhi,25.1,No,Sedentary,Vegetarian,Never,,6.4,8,190,7.7,160,80,106,High,Moderate
11496,39,Female,Ahmedabad,24.9,No,Active,Vegetarian,Former,,7,5,181,7.3,140,97,103.3,Middle,Moderate
11497,43,Male,Bengaluru,29.9,No,Sedentary,Non-Vegetarian,,,6,10,179,7.2,150,90,122.3,High,Moderate
11498,51,Female,Hyderabad,17.3,Yes,Active,Vegetarian,Never,Never,10,7,126,6.3,150,80,80.6,Middle,Low
11500,43,Female,Bengaluru,26.4,No,Sedentary,Vegetarian,Never,Never,9,9,111,6,128,90,108.5,High,Low
11502,49,Female,Bhopal,19.5,No,Moderate,Pescatarian,Never,,6.9,6,141,6.3,130,80,88.2,High,Low
11504,39,Male,Chennai,19.9,No,Moderate,Vegetarian,Never,Occasional,8,4,149,6.7,120,80,96.8,Middle,Low
11505,36,Male,Chennai,17.5,Yes,Sedentary,Non-Vegetarian,Current,Occasional,7.1,7,141,6.1,140,72,85.3,High,Low
11509,38,Female,Chennai,17.7,Yes,Active,Non-Vegetarian,Never,,6.8,7,221,8.2,117,70,82.2,Low,High
11510,60,Female,Hyderabad,27.5,Yes,Sedentary,Vegetarian,Never,Never,6.9,7,187,7.5,154,86,116.1,High,High
11512,60,Female,Delhi,24.2,No,Active,Non-Vegetarian,Never,,7,7,176,7.4,160,96,105.1,,Moderate
11516,44,Male,Chennai,20.8,No,Sedentary,Vegetarian,Never,Never,5.2,7,156,6.1,140,100,95.1,Middle,Low
11517,50,Male,Delhi,24.6,No,Active,Non-Vegetarian,Never,Never,7,6,153,6.1,135,100,106.2,Middle,Low
11521,35,Male,Bengaluru,18.6,No,Moderate,Non-Vegetarian,Never,Never,5.5,8,231,7.9,132,90,92.5,,Moderate
11525,43,Male,Delhi,23.4,No,Sedentary,Vegetarian,Current,Never,7,3,110,5.9,140,84,102.7,Middle,Low
11528,50,Female,Hyderabad,23.4,No,Moderate,Vegetarian,,Occasional,6,9,172,7.3,150,92,101.1,High,Low
11529,48,Male,Delhi,20.2,No,Active,Vegetarian,Never,Occasional,8,9,194,7.1,140,84,94.8,Low,High
11531,47,Male,Ahmedabad,22.3,Yes,Sedentary,Vegan,Never,Never,7,10,232,7.9,155,84,101,High,High
11533,46,Male,Delhi,18.6,Yes,Active,Non-Vegetarian,Never,Occasional,7,9,400,11.7,142,90,94.2,High,High
11534,37,Female,Hyderabad,25.7,No,Sedentary,Non-Vegetarian,Current,Never,7,10,223,8.7,140,80,105.9,High,High
11535,35,Female,Chennai,17.8,Yes,Active,Non-Vegetarian,Current,,8,7,132,6.5,120,80,83.9,Middle,Low
11536,38,Male,Delhi,24.2,No,Moderate,Non-Vegetarian,Never,Never,7.5,5,153,6.8,143,70,106.9,High,Low
11537,38,Male,Delhi,20.8,Yes,Moderate,Non-Vegetarian,Never,,9,3,247,8.6,136,80,96.4,Middle,High
11546,27,Female,Chennai,22.7,No,Sedentary,Non-Vegetarian,Never,,7,6,204,7.5,126,80,95.8,Middle,Low
11549,25,Male,Delhi,18.2,Yes,Active,Vegetarian,Former,Never,7.5,6,168,7.2,140,70,85.2,Middle,Moderate
11554,41,Female,Hyderabad,17.8,Yes,Active,Vegetarian,Former,Occasional,6.6,7,171,7.3,140,96,80.8,Middle,Low
11555,38,Female,Bhopal,19.7,No,Active,Vegetarian,Former,Occasional,7,6,116,5.4,140,100,89.9,Middle,Low
11556,49,Female,Delhi,24,No,Moderate,Non-Vegetarian,Never,Occasional,8,6,177,7.4,133,88,99.2,Low,Moderate
11557,45,Male,Bhopal,31.1,No,Sedentary,Non-Vegetarian,,Never,9,1,210,7.5,140,80,124.5,Low,Moderate
11558,34,Male,Chennai,25.2,No,Active,Non-Vegetarian,Never,Never,5,5,229,7.5,140,90,111.5,Middle,Moderate
11559,59,Male,Delhi,21.4,No,Active,Vegetarian,Never,Occasional,7,7,161,6.8,160,94,99.9,Middle,Low
11561,56,Female,Bengaluru,16.2,Yes,Moderate,Non-Vegetarian,Current,,6.5,10,211,7.3,150,86,79.6,Middle,Low
11562,36,Male,Delhi,26.8,No,Sedentary,Vegetarian,Never,Never,7,8,149,6.9,140,90,108.8,Middle,Low
11563,31,Female,Delhi,20.9,No,Active,Non-Vegetarian,Never,Never,7,7,105,5.4,150,80,91.6,Middle,Low
11566,55,Female,Ahmedabad,30.1,Yes,Sedentary,Non-Vegetarian,Never,Occasional,6,5,262,8.7,138,90,111,Middle,High
11568,59,Female,Hyderabad,20.2,Yes,Active,Non-Vegetarian,Never,Regular,7.7,3,144,6,140,94,91.8,High,Low
11573,43,Male,Bengaluru,21.6,No,Active,Non-Vegetarian,Current,Occasional,9,7,167,7.5,144,87,93,High,Moderate
11576,56,Female,Bengaluru,25.7,Yes,Active,Non-Vegetarian,Never,Occasional,7,5,176,7,144,94,108.6,Middle,Moderate
11577,55,Male,Delhi,20.9,Yes,Active,Vegetarian,Never,Never,6.5,4,147,6.6,156,90,98.8,Low,Low
11582,56,Female,Bhopal,25.3,No,Sedentary,Vegan,Never,Never,6,7,182,6.8,140,92,101.5,Middle,High
11584,40,Male,Bengaluru,15.4,No,Active,Non-Vegetarian,Current,,8.7,6,150,6.4,120,80,86.2,Low,Low
11589,48,Male,Delhi,26.8,No,Sedentary,Vegan,Never,Occasional,8,7,251,9.3,140,82,110.9,High,High
11594,33,Male,Chennai,26,No,Moderate,Non-Vegetarian,Former,Occasional,6,7,197,7.8,132,90,108.5,High,Low
11595,59,Male,Hyderabad,27.1,No,Active,Vegetarian,Never,Occasional,5,4,250,8,147,88,112.3,Low,High
11596,45,Male,Chennai,24,No,Sedentary,Non-Vegetarian,Never,Never,6,8,160,6.8,140,90,100.9,Middle,Low
11597,32,Male,Delhi,18.7,No,Active,Non-Vegetarian,Never,Never,8,1,164,6.9,142,70,90.5,Middle,Low
11598,18,Female,Chennai,17.7,No,Active,Vegetarian,Never,Regular,7.2,6,199,6.9,122,90,85.4,,Low
11599,40,Male,Hyderabad,30,No,Sedentary,Non-Vegetarian,Current,Never,7,5,178,7.6,130,90,120.2,Middle,High
11601,30,Female,Bengaluru,17.9,No,Sedentary,Vegetarian,Former,,7.2,3,173,6.9,130,80,88.9,Middle,Low
11603,47,Male,Hyderabad,15.9,No,Active,Non-Vegetarian,Never,Occasional,8,9,146,6.5,150,90,86.5,Middle,Low
11604,55,Female,Chennai,31.1,Yes,Sedentary,Non-Vegetarian,Never,,8,4,138,6.5,144,95,112.7,Middle,Moderate
11605,45,Female,Bengaluru,22.2,No,Moderate,Non-Vegetarian,Never,,7.3,9,152,6.9,155,100,95.4,High,Low
11610,46,Female,Bengaluru,22.7,Yes,Sedentary,Non-Vegetarian,Never,Occasional,8,7,218,7.8,129,90,98.3,Middle,High
11612,25,Male,Bhopal,15.3,No,Active,Vegetarian,Never,Occasional,8,5,113,5.8,120,73,88.1,Low,Low
11614,35,Female,Bhopal,30,No,Sedentary,Non-Vegetarian,Never,Never,7.9,7,165,6.9,150,87,117,Middle,Moderate
11615,46,Female,Bengaluru,28.5,No,Moderate,Non-Vegetarian,Never,Regular,6,7,205,8,140,100,114.1,High,High
11620,44,Male,Ahmedabad,18.7,No,Active,Vegetarian,Former,Occasional,7,6,151,5.9,150,74,95.9,Middle,Low
11622,37,Female,Bhopal,26.3,No,Moderate,Non-Vegetarian,,Never,6,7,181,6.8,122,90,108.1,Low,Moderate
11623,53,Male,Hyderabad,15.5,No,Active,Pescatarian,Current,Regular,7,6,165,6.5,140,80,82.2,Middle,Low
11624,48,Male,Bhopal,22.7,Yes,Moderate,Non-Vegetarian,Never,Never,7,5,206,7.3,140,90,100.9,High,Moderate
11627,49,Male,Ahmedabad,21.2,No,Moderate,Non-Vegetarian,Never,Never,5,7,207,7.2,140,88,97.5,Low,High
11629,39,Female,Delhi,27.4,Yes,Active,Non-Vegetarian,Never,Occasional,6.3,8,154,6.7,132,90,112,High,Low
11631,30,Male,Chennai,25.3,No,Moderate,Non-Vegetarian,Never,Never,8,2,164,6.4,140,80,106.6,High,Low
11632,46,Female,Bengaluru,24.2,Yes,Sedentary,Non-Vegetarian,Never,Regular,7,7,179,6.9,160,90,97.5,Low,Moderate
11633,22,Female,Bengaluru,17.5,Yes,Active,Non-Vegetarian,Never,Occasional,6,6,103,5.7,120,78,84.9,Middle,Low
11635,45,Male,Chennai,22.3,Yes,Moderate,Vegetarian,Never,Occasional,8,7,366,11.8,150,82,95.1,Middle,High
11636,47,Female,Ahmedabad,19.8,Yes,Sedentary,Vegetarian,Never,Never,8,4,208,7.8,140,80,91.1,Middle,Moderate
11637,44,Female,Bengaluru,28,No,Sedentary,Non-Vegetarian,Former,,7.5,9,171,6.9,140,96,112.1,Middle,Low
11640,48,Female,Chennai,23.4,Yes,Moderate,Non-Vegetarian,Current,Occasional,9,4,168,7.2,150,80,96,Middle,Moderate
11641,56,Male,Chennai,27.9,Yes,Sedentary,Pescatarian,,Never,8,7,179,7,152,90,110.4,Middle,High
11642,53,Female,Delhi,23.1,Yes,Moderate,Vegetarian,Current,Occasional,7.5,8,146,6.4,129,80,98.1,Middle,Low
11644,18,Male,Bhopal,23.9,No,Sedentary,Non-Vegetarian,Former,Never,7,7,151,6.4,140,76,107.3,Low,Low
11649,47,Female,Delhi,17.9,No,Active,Non-Vegetarian,Never,Never,7,9,198,7.6,130,92,84.7,High,Moderate
11650,50,Male,Chennai,23.5,Yes,Moderate,Vegetarian,Never,Occasional,6.3,10,251,8.6,152,100,103.7,High,High
11656,58,Male,Delhi,21.9,Yes,Moderate,Non-Vegetarian,Never,Occasional,8,5,140,5.9,150,83,96.4,Middle,Low
11657,43,Female,Ahmedabad,23.7,No,Moderate,Non-Vegetarian,Former,Occasional,7,6,149,6.2,130,90,98.4,Middle,Low
11659,41,Male,Delhi,20.2,Yes,Moderate,Non-Vegetarian,Never,Never,7.5,9,186,7.4,150,104,96.9,Low,Low
11663,33,Female,Ahmedabad,33.5,No,Sedentary,Vegetarian,Never,Never,9.1,6,173,6.8,140,90,127.1,,Low
11665,45,Male,Bengaluru,21.9,No,Active,Non-Vegetarian,Never,Occasional,7,9,146,6.2,140,80,106,Middle,Low
11669,53,Male,Chennai,27.3,No,Moderate,Non-Vegetarian,Current,Occasional,8,3,191,7.5,140,90,117,High,Moderate
11673,27,Male,Bhopal,18.3,No,Active,Non-Vegetarian,Never,Never,4,8,159,7.3,133,90,88.4,High,Low
11674,34,Male,Chennai,29.1,Yes,Sedentary,Non-Vegetarian,Never,Regular,8.5,9,226,8.1,150,100,116.6,High,High
11675,25,Male,Chennai,22.2,No,Active,Pescatarian,Never,Occasional,5,9,168,6.8,123,84,104.2,High,Low
11678,51,Female,Bhopal,19.2,No,Active,Non-Vegetarian,Never,Occasional,8,1,180,7,140,74,89.2,Low,Moderate
11679,43,Female,Hyderabad,23.9,No,Active,Non-Vegetarian,Former,Occasional,5,6,174,7.4,132,80,102.9,Middle,Moderate
11684,49,Male,Delhi,21.8,No,Moderate,Non-Vegetarian,Never,Regular,8,5,171,6.4,121,88,102.6,Middle,Low
11699,53,Female,Chennai,19.9,No,Active,Non-Vegetarian,Never,Occasional,7,7,182,7.4,124,86,90.2,High,Low
11703,32,Male,Delhi,18.4,No,Active,Non-Vegetarian,Never,,7.9,6,144,6.3,130,90,90.5,Middle,Low
11709,49,Female,Chennai,25.4,No,Sedentary,Non-Vegetarian,Current,,7,9,234,8.4,146,100,106.5,Middle,High
11710,45,Male,Hyderabad,20.8,No,Sedentary,Non-Vegetarian,Current,Occasional,7.5,8,187,7.4,140,88,91.4,Middle,Low
11712,62,Female,Hyderabad,22.7,No,Moderate,Non-Vegetarian,Never,,8.5,6,237,8.5,168,84,99.7,High,High
11713,39,Female,Delhi,17.5,No,Moderate,Non-Vegetarian,Never,Never,7.1,9,110,5.9,130,90,87.8,Middle,Low
11714,50,Male,Delhi,20.8,No,Moderate,Vegetarian,Current,Regular,8,8,361,10.5,143,90,95.1,Middle,High
11716,21,Female,Delhi,23,No,Active,Non-Vegetarian,Never,Regular,8.5,5,191,8.4,124,80,95.5,Middle,Moderate
11721,64,Female,Delhi,20.7,Yes,Moderate,Non-Vegetarian,Current,Occasional,8,9,162,6.4,150,84,89.8,High,Low
11722,42,Female,Delhi,20.2,Yes,Moderate,Vegetarian,Never,,7,5,160,7.5,130,85,90.8,High,Moderate
11723,53,Male,Delhi,29.6,Yes,Sedentary,Non-Vegetarian,Current,Occasional,7.3,4,210,7.3,160,87,120.1,High,Moderate
11726,44,Male,Chennai,23.8,Yes,Sedentary,Vegan,Current,,7.5,7,233,8.2,160,84,103,Middle,High
11729,50,Male,Chennai,21.9,Yes,Moderate,Non-Vegetarian,Current,Never,5.5,8,186,7.3,148,100,98.5,High,Moderate
11730,41,Male,Hyderabad,19.5,No,Moderate,Non-Vegetarian,Never,Occasional,7.5,7,192,7.6,142,90,90.8,Middle,Moderate
11735,47,Male,Chennai,22.6,No,Moderate,Vegetarian,Never,Regular,8,4,139,5.9,130,72,102.8,Low,Low
11736,55,Male,Chennai,19.8,Yes,Active,Non-Vegetarian,Current,Never,8,5,231,8.3,144,84,97.6,Middle,High
11737,57,Male,Ahmedabad,24.4,Yes,Moderate,Pescatarian,Never,,7,3,191,7.5,150,77,103.5,Middle,Moderate
11738,39,Male,Chennai,24,No,Moderate,Non-Vegetarian,Never,Never,7.5,4,113,6,140,84,104.7,Middle,Low
11741,49,Male,Ahmedabad,19.7,No,Moderate,Vegetarian,Never,Occasional,7,7,252,8.8,122,70,91.2,High,High
11743,47,Male,Chennai,22.8,Yes,Moderate,Non-Vegetarian,Never,,5,6,155,6.2,130,90,102,High,Low
11746,34,Female,Bhopal,22.6,No,Moderate,Vegetarian,Former,Occasional,6.5,3,108,5.6,130,90,98.6,Middle,Low
11748,18,Female,Bengaluru,23.2,No,Moderate,Vegetarian,Never,Occasional,8,5,189,7.1,104,80,99.4,Middle,Moderate
11749,46,Female,Chennai,27.9,No,Sedentary,Non-Vegetarian,Never,,5,9,196,7.3,146,100,107.9,High,High
11753,36,Female,Delhi,21.6,No,Active,Non-Vegetarian,Current,,6.7,9,129,6.2,148,80,93.2,High,Low
11756,28,Female,Hyderabad,19.5,No,Sedentary,Non-Vegetarian,Current,Never,7.1,9,138,6.3,130,80,93.5,Middle,Low
11759,62,Female,Bengaluru,20.6,Yes,Moderate,Non-Vegetarian,Never,Occasional,8,9,177,6.8,140,84,93.7,Middle,Moderate
11761,51,Male,Bengaluru,33,Yes,Sedentary,Vegetarian,Never,Never,8,10,204,7.5,160,95,122.3,Middle,High
11762,38,Female,Delhi,18.8,No,Active,Vegetarian,Never,,7,4,129,6.2,119,86,87,Middle,Low
11768,38,Male,Delhi,19.8,No,Active,Non-Vegetarian,Current,Occasional,8.5,6,153,6.3,128,80,94.4,Middle,Low
11770,34,Male,Hyderabad,19.9,No,Moderate,Non-Vegetarian,Former,,6,9,170,7.4,130,78,96,High,Low
11771,25,Female,Bhopal,25.3,No,Moderate,Vegetarian,Never,Never,4.6,3,83,5.1,123,90,105.5,Low,Low
11772,50,Female,Bengaluru,28.6,Yes,Sedentary,Vegetarian,Never,Occasional,7.5,7,182,7.4,146,80,108.8,Middle,Moderate
11774,50,Female,Ahmedabad,21.7,No,Moderate,Non-Vegetarian,Never,,8,6,189,7.9,136,86,94.4,Middle,High
11776,47,Male,Hyderabad,28.2,Yes,Sedentary,Vegetarian,Never,Occasional,7,6,208,7.4,148,92,111.4,Middle,Moderate
11777,35,Male,Delhi,24.3,No,Sedentary,Non-Vegetarian,Never,Never,5,7,152,6.4,130,90,107,Low,Low
11782,39,Female,Chennai,20.3,No,Moderate,Non-Vegetarian,Never,,6,6,101,5.5,130,80,91.2,Middle,Low
11784,46,Female,Bengaluru,24,Yes,Moderate,Vegetarian,Current,,8.3,7,143,6.6,140,100,99,Low,Low
11787,49,Female,Hyderabad,19.1,Yes,Active,Non-Vegetarian,,Never,6.8,7,175,6.7,164,90,89.8,Middle,Moderate
11788,45,Male,Bengaluru,22.3,Yes,Sedentary,Vegetarian,Current,Occasional,6,3,137,6.1,120,80,96.3,,Low
11791,25,Female,Bengaluru,22.7,No,Moderate,Vegetarian,Never,,7,4,175,6.8,126,80,97.4,Low,Moderate
11792,42,Male,Bengaluru,19.2,No,Active,Non-Vegetarian,Never,Never,8,6,107,5.6,136,92,94.1,Middle,Low
11793,47,Female,Bhopal,28.7,No,Sedentary,Non-Vegetarian,,Never,7.4,9,180,7.4,130,90,110.9,Middle,Moderate
11794,54,Male,Bengaluru,19.2,No,Sedentary,Non-Vegetarian,Current,Occasional,7,9,165,6.4,130,82,92.3,Middle,Low
11800,34,Female,Delhi,17.7,No,Moderate,Non-Vegetarian,Current,Regular,8,9,137,6,136,91,88.4,High,Low
11801,64,Male,Bengaluru,23.7,No,Moderate,Non-Vegetarian,Never,Never,7.4,4,161,7.1,147,90,100.1,High,Moderate
11803,43,Female,Hyderabad,24.6,No,Moderate,Vegetarian,Never,,9,4,169,6.9,150,82,102.4,Low,Low
11805,59,Male,Bengaluru,28,Yes,Moderate,Non-Vegetarian,Never,Never,6,6,140,6.2,145,90,107.9,Middle,Low
11806,49,Male,Bengaluru,26.9,No,Sedentary,Non-Vegetarian,Current,Regular,7,8,146,5.9,140,87,115.6,Middle,Low
11808,51,Female,Bhopal,17.4,Yes,Moderate,Non-Vegetarian,Never,Never,8.4,2,231,7.9,140,92,80.9,Low,High
11809,27,Male,Bengaluru,17.9,No,Active,Vegetarian,Never,Occasional,8,5,127,6.1,140,82,89.9,High,Low
11810,45,Male,Delhi,17.6,No,Moderate,Non-Vegetarian,Never,Never,6.5,7,184,6.7,138,84,90.8,High,Low
11812,48,Male,Delhi,26.7,No,Sedentary,Non-Vegetarian,Never,Never,7,4,143,6.4,146,80,111.4,Middle,Low
11813,57,Male,Delhi,24.1,No,Sedentary,Vegetarian,Never,Occasional,8.3,7,148,6.7,160,87,100.4,Middle,Low
11815,43,Female,Chennai,22.2,Yes,Moderate,Vegetarian,Never,,7.6,5,186,7.6,140,90,96,Middle,Moderate
11817,34,Female,Ahmedabad,27.8,No,Sedentary,Vegetarian,Never,Occasional,8,4,187,6.8,110,100,110.6,Middle,Low
11818,60,Female,Delhi,25.9,Yes,Sedentary,Vegetarian,Former,Regular,5.5,10,216,6.9,144,90,104.4,High,High
11819,49,Male,Bhopal,30.2,Yes,Sedentary,Vegetarian,Never,Never,6.5,6,369,11.5,148,90,117.9,Middle,High
11820,31,Male,Bengaluru,20.7,Yes,Active,Vegetarian,Never,Occasional,6,5,209,7.7,130,84,98.1,High,Moderate
11823,39,Male,Hyderabad,20.6,Yes,Sedentary,Vegetarian,Never,Occasional,9,4,181,7,102,70,94.3,Low,Moderate
11825,43,Female,Bengaluru,24.4,Yes,Moderate,Pescatarian,Never,Occasional,8,5,182,7.5,130,100,103.7,Middle,Low
11826,36,Female,Ahmedabad,16.4,No,Active,Vegetarian,Current,Never,8.5,2,183,6.7,130,80,78.9,Low,Low
11827,35,Female,Hyderabad,20.9,Yes,Active,Vegetarian,Former,Occasional,8,8,169,6.8,142,80,89,High,Low
11828,47,Male,Chennai,21.9,No,Sedentary,Vegetarian,Current,Regular,6,9,162,7.2,140,80,100.7,High,Moderate
11829,40,Male,Hyderabad,20,No,Sedentary,Non-Vegetarian,Never,Occasional,6.3,8,164,6.7,137,92,93,High,Low
11830,37,Female,Ahmedabad,19.4,Yes,Active,Pescatarian,Former,Never,7.5,4,149,6.1,120,76,88.5,Middle,Low
11832,46,Male,Hyderabad,18.9,No,Active,Pescatarian,Never,Never,8,5,146,7.1,160,80,94.7,Low,Low
11836,45,Male,Ahmedabad,18.3,No,Active,Non-Vegetarian,Never,Never,8,5,157,6.7,144,86,91.3,Middle,Low
11841,47,Female,Chennai,18.7,Yes,Sedentary,Non-Vegetarian,Current,Occasional,7.5,3,187,7.5,130,70,87,Middle,Moderate
11842,42,Female,Chennai,21,Yes,Active,Non-Vegetarian,Never,,6,6,164,6.9,160,88,94.2,Middle,Low
11848,32,Female,Hyderabad,26.2,No,Sedentary,Vegetarian,Former,,6.5,4,167,7.2,135,100,105.1,Middle,Moderate
11853,54,Male,Ahmedabad,21.3,Yes,Active,Non-Vegetarian,Never,Occasional,7,3,162,6.9,154,80,105.3,Middle,Moderate
11854,63,Male,Chennai,18.5,No,Moderate,Non-Vegetarian,Current,Occasional,7,9,196,7.4,160,90,91.7,High,Moderate
11858,37,Female,Bengaluru,20.1,Yes,Moderate,Vegetarian,Never,Never,7.5,10,162,7,130,90,92.6,Middle,Moderate
11859,54,Female,Hyderabad,25.6,Yes,Sedentary,Non-Vegetarian,Current,Occasional,9,3,194,6.7,170,81,104.3,Middle,Moderate
11861,44,Female,Hyderabad,20.9,No,Moderate,Non-Vegetarian,Former,,7,6,163,6.4,116,80,91.8,Middle,Low
11862,37,Female,Delhi,15.9,No,Active,Non-Vegetarian,Never,Never,6.5,7,187,8,136,82,77.7,Middle,Moderate
11865,53,Male,Hyderabad,24.8,Yes,Moderate,Pescatarian,Never,Never,6,5,215,8.9,140,90,102.6,Middle,High
11866,31,Female,Bengaluru,17,No,Active,Vegetarian,Never,Never,7.8,5,110,5.8,126,90,82.2,High,Low
11867,54,Male,Chennai,22.2,Yes,Active,Non-Vegetarian,Never,Never,6,9,175,6.5,160,80,103.9,Middle,Low
11869,53,Female,Hyderabad,27.1,Yes,Sedentary,Vegetarian,Former,Occasional,9,5,227,8.2,150,100,106.7,Middle,High
11873,42,Other,Ahmedabad,27.2,Yes,Sedentary,Vegetarian,Never,Never,8,4,188,7.5,132,80,107.2,Low,Low
11874,49,Male,Bengaluru,26.8,No,Sedentary,Non-Vegetarian,Never,Never,8,5,142,6.3,140,90,116.7,High,Low
11876,31,Male,Delhi,31.7,Yes,Sedentary,Non-Vegetarian,Never,,5,5,162,6.8,132,90,128.7,Low,Low
11879,56,Male,Bengaluru,24.7,No,Sedentary,Vegetarian,Current,Never,7,7,163,6.5,152,81,106.1,Middle,Low
11880,44,Male,Delhi,19.7,No,Active,Non-Vegetarian,Never,Occasional,8,6,165,6.8,130,80,84.2,High,Low
11881,52,Male,Ahmedabad,23.7,No,Moderate,Non-Vegetarian,Never,Never,8,6,136,5.8,150,100,108.1,Low,Low
11882,57,Male,Delhi,25.6,Yes,Sedentary,Non-Vegetarian,Never,Regular,7,9,232,7.9,140,100,114.1,Low,High
11884,44,Female,Delhi,15.4,No,Active,Vegetarian,Never,,7,9,248,8.4,116,84,82.2,Low,High
11885,55,Male,Bengaluru,35.3,Yes,Sedentary,Vegetarian,Current,Never,6.2,8,235,8.4,170,110,126.9,Middle,High
11887,57,Female,Delhi,31,Yes,Sedentary,Vegetarian,Never,,7,6,174,7.1,144,83,114.1,High,Moderate
11889,46,Male,Delhi,19.3,No,Moderate,Non-Vegetarian,Never,Never,5.2,7,137,6.3,140,100,91.8,Middle,Low
11891,51,Male,Bengaluru,17.4,Yes,Active,Vegan,Former,,8,9,114,6,120,87,87,,Low
11892,36,Female,Delhi,21.3,Yes,Active,Vegetarian,,Occasional,6.8,8,204,8,147,89,94.5,Middle,Moderate
11893,56,Female,Ahmedabad,20.8,Yes,Sedentary,Vegetarian,Never,,7,5,174,6.4,140,80,87.4,Low,Low
11894,39,Female,Bengaluru,16.3,No,Active,Vegetarian,Never,Regular,9,7,164,6.5,140,90,79,Middle,Low
11895,45,Female,Delhi,20.2,No,Active,Vegetarian,Former,Occasional,6,7,118,5.6,140,76,91.2,High,Low
11896,51,Female,Bengaluru,26.6,Yes,Sedentary,Vegetarian,Never,Never,6,6,167,6.7,140,90,102,High,Moderate
11902,43,Male,Hyderabad,27.9,No,Moderate,Vegetarian,Never,Occasional,8,5,120,5.9,136,85,115.9,Middle,Low
11903,31,Female,Delhi,28.2,Yes,Moderate,Vegetarian,Current,Occasional,9,5,189,7.4,128,88,112.8,Middle,High
11911,60,Male,Ahmedabad,20.9,Yes,Active,Vegetarian,Current,Never,7,8,161,6.7,140,92,97.2,Low,Low
11918,48,Male,Delhi,22.4,Yes,Moderate,Non-Vegetarian,Never,Occasional,5,7,180,6.9,140,90,105.7,Low,Low
11921,53,Female,Bengaluru,22,No,Active,Non-Vegetarian,Never,,6.5,8,238,7.8,140,90,97.4,Middle,High
11924,39,Male,Delhi,21.3,Yes,Moderate,Vegetarian,Current,Never,6,7,168,6.3,140,90,103.4,Middle,Low
11928,46,Female,Bengaluru,24.2,Yes,Sedentary,Vegetarian,Never,Occasional,7,8,150,6.7,129,80,103.3,Middle,Low
11929,47,Male,Bengaluru,27.7,No,Sedentary,Non-Vegetarian,Current,Occasional,7,7,188,7.5,140,80,112.3,Middle,High
11931,51,Female,Chennai,21.6,No,Active,Vegetarian,Current,,9,3,216,7.7,130,90,94.7,Middle,Moderate
11932,28,Female,Delhi,15,No,Active,Non-Vegetarian,Current,Never,6,4,147,6.8,115,80,77.5,Middle,Low
11933,53,Female,Bengaluru,19.2,No,Moderate,Vegetarian,Never,Regular,6,10,160,6.6,140,95,88.6,Middle,Low
11935,33,Male,Delhi,18.6,No,Active,Non-Vegetarian,Never,Occasional,7,4,147,6.4,141,80,91.3,Middle,Low
11938,45,Male,Bengaluru,26,No,Sedentary,Vegetarian,Never,Never,8,6,205,8.1,138,80,109.6,High,High
11939,45,Male,Hyderabad,20.7,No,Moderate,Vegetarian,Never,,7,8,116,5.7,130,90,97.3,,Low
11940,37,Male,Bhopal,24.6,Yes,Active,Non-Vegetarian,Never,Occasional,8,1,147,6.5,132,83,105.5,Low,Low
11943,53,Male,Ahmedabad,21.5,No,Sedentary,Vegetarian,Never,Never,6,7,147,6.6,147,92,99.2,Low,Low
11944,50,Female,Delhi,26.7,No,Moderate,Non-Vegetarian,Never,Regular,4.7,7,177,7.2,140,96,105.9,Low,Low
11949,43,Male,Ahmedabad,22.7,Yes,Sedentary,Vegetarian,Current,Occasional,7.9,6,149,6.8,132,87,99.1,Middle,Low
11950,40,Female,Hyderabad,31.1,Yes,Moderate,Vegetarian,Current,,8.1,4,193,7.4,150,88,108.1,Middle,Low
11953,46,Male,Bengaluru,22,Yes,Moderate,Non-Vegetarian,Current,Occasional,5.5,9,192,6.8,141,87,103.3,Middle,Moderate
11956,36,Female,Chennai,24.5,Yes,Active,Non-Vegetarian,Never,Occasional,7.5,8,178,7.5,140,109,102.8,High,Moderate
11959,52,Female,Bhopal,36,No,Sedentary,Vegetarian,Current,Occasional,8,1,177,6.7,132,98,126.4,Middle,Low
11960,52,Male,Delhi,22.8,No,Moderate,Non-Vegetarian,Current,Never,8,7,199,7.4,140,104,100.5,Middle,Low
11962,48,Female,Bengaluru,20.3,No,Active,Vegetarian,Never,Occasional,7,6,153,6.3,147,84,87.5,High,Low
11964,44,Other,Delhi,23.6,No,Sedentary,Vegetarian,Never,,9,2,112,5.6,148,80,98.6,Middle,Low
11967,66,Male,Delhi,28.4,No,Moderate,Pescatarian,Never,Never,9.5,8,176,7.4,150,89,114.1,Middle,Moderate
11969,49,Female,Hyderabad,23.1,No,Moderate,Vegetarian,Former,,7,7,194,7.8,140,86,97.2,High,Low
11970,18,Female,Delhi,22.9,No,Moderate,Vegetarian,Current,,7.6,7,208,7.4,130,78,99,High,Moderate
11971,45,Female,Bengaluru,19.5,No,Moderate,Non-Vegetarian,Current,,7,7,191,7.9,146,90,89.5,Middle,Moderate
11972,32,Female,Hyderabad,20.1,No,Sedentary,Vegetarian,Never,Occasional,8.5,9,152,6.2,137,70,85.4,High,Low
11974,42,Male,Delhi,17.4,No,Sedentary,Vegetarian,Current,Never,7,10,145,6.3,148,82,87.8,High,Low
11975,47,Female,Ahmedabad,24.2,No,Sedentary,Pescatarian,Never,Occasional,6,6,135,6.2,140,92,97.7,,Low
11978,22,Male,Chennai,19.9,No,Active,Non-Vegetarian,Never,Never,8,6,162,7.6,136,76,94.1,Low,Low
11979,49,Female,Hyderabad,25.1,No,Sedentary,Vegetarian,Never,Never,7,9,132,6,148,84,103.3,High,Low
11981,27,Male,Ahmedabad,22.3,No,Moderate,Vegetarian,Never,Regular,6.5,6,214,6.9,128,92,106.8,Middle,Low
11982,39,Female,Delhi,21.3,No,Active,Non-Vegetarian,Never,,6,6,161,7,134,81,94,Low,Low
11983,22,Female,Ahmedabad,20.6,No,Moderate,Vegetarian,Never,Regular,7,5,116,5.4,120,80,91.4,Middle,Low
11986,34,Male,Bengaluru,26.2,No,Sedentary,Non-Vegetarian,Never,Occasional,7,9,200,7.6,130,80,109.2,High,Moderate
11987,52,Male,Bhopal,27,No,Sedentary,Non-Vegetarian,Never,Never,8.1,5,214,8.1,140,92,113.6,Middle,High
11988,55,Female,Hyderabad,23.2,Yes,Moderate,Vegetarian,Never,,5.5,6,190,7,150,88,100.3,Middle,Moderate
11989,20,Male,Hyderabad,29.3,Yes,Sedentary,Non-Vegetarian,Never,Never,7,6,170,7.3,150,70,118.5,Middle,Low
11991,45,Female,Chennai,25,No,Active,Non-Vegetarian,Never,,9,4,152,6.3,150,94,103.2,Low,Low
11992,40,Female,Bengaluru,20.7,No,Sedentary,Vegetarian,Never,Occasional,8,10,182,6.9,138,88,90.6,High,Low
11993,50,Female,Ahmedabad,23.3,No,Moderate,Vegetarian,Never,Never,7,4,206,6.9,148,92,95.2,Middle,Low
11994,51,Male,Bengaluru,25.7,No,Sedentary,Vegetarian,Never,Never,10,2,291,9.6,150,84,108.7,Low,High
11998,39,Female,Delhi,23.9,No,Moderate,Vegetarian,Current,Never,7,5,142,6.7,120,80,105.1,Middle,Low
11999,53,Male,Bengaluru,29.3,Yes,Sedentary,Pescatarian,Never,Regular,8.2,6,203,7.2,159,84,115.3,Middle,High
12000,46,Female,Bengaluru,22.5,No,Moderate,Vegetarian,Never,,5,8,155,6.5,130,80,98,Middle,Low
12004,55,Male,Chennai,22.7,No,Active,Non-Vegetarian,Current,Never,7.1,7,159,6.8,152,80,104.1,High,Low
12006,53,Female,Delhi,24,Yes,Moderate,Vegetarian,Never,Never,7,7,220,7.7,162,78,104.8,Middle,High
12013,41,Male,Delhi,17.4,No,Moderate,Non-Vegetarian,Never,Occasional,7,8,162,7.1,138,85,86,Low,Low
12014,43,Female,Delhi,23.2,No,Moderate,Non-Vegetarian,Never,,8.3,5,169,7.3,120,100,98.8,Low,Low
12015,50,Female,Hyderabad,25.5,Yes,Sedentary,Vegetarian,Never,Never,7.1,3,152,6.7,140,90,100.5,High,Low
12017,52,Male,Hyderabad,24.2,No,Active,Non-Vegetarian,Never,,7.5,8,175,6.6,140,89,104.7,Low,Low
12019,44,Male,Hyderabad,17.5,No,Moderate,Non-Vegetarian,Former,Never,7,7,172,6.3,130,88,88,High,Low
12021,48,Male,Delhi,17.8,No,Active,Non-Vegetarian,Current,Never,7,6,230,7.9,133,90,87.9,Middle,Moderate
12023,55,Female,Chennai,22.1,Yes,Active,Non-Vegetarian,Never,Never,7.7,5,150,6.8,140,80,92.1,Middle,Low
12024,45,Male,Hyderabad,30.9,No,Sedentary,Vegetarian,Never,Occasional,8,3,155,6.8,140,100,129.7,Middle,Low
12028,28,Male,Bengaluru,27.6,Yes,Moderate,Non-Vegetarian,Former,Never,6.5,4,110,5.9,124,80,115.5,Middle,Low
12030,42,Female,Bengaluru,18.7,Yes,Sedentary,Vegetarian,Current,Never,9,7,150,6.3,140,65,88.7,High,Low
12031,51,Male,Delhi,29.9,No,Moderate,Non-Vegetarian,Never,Never,7.1,7,187,7.7,160,100,118.1,Middle,Moderate
12032,30,Male,Hyderabad,25.4,Yes,Sedentary,Non-Vegetarian,Never,Never,7,8,179,6.6,136,80,109,Middle,Moderate
12035,30,Male,Hyderabad,21.8,No,Moderate,Vegetarian,Never,Never,7,5,120,6.2,140,96,100,Middle,Low
12036,47,Female,Bhopal,23.7,No,Sedentary,Vegetarian,Never,,7,3,154,6.5,140,84,100.8,,Low
12037,53,Male,Hyderabad,20.4,Yes,Moderate,Non-Vegetarian,Current,Never,8,7,227,7.8,150,96,97.3,Middle,High
12038,18,Female,Bengaluru,24.8,Yes,Sedentary,Vegetarian,Current,,7,8,153,6.3,140,84,97.1,High,Low
12041,47,Female,Bengaluru,18.3,No,Moderate,Vegetarian,Never,Never,5.6,10,149,6.3,137,80,85.7,High,Low
12043,50,Male,Ahmedabad,24.8,No,Active,Vegetarian,Current,Never,7.5,3,131,5.9,150,90,104.6,Low,Low
12045,31,Male,Ahmedabad,24.9,No,Moderate,Non-Vegetarian,Never,Occasional,7.3,3,149,6.5,120,68,110.2,Low,Low
12046,34,Female,Ahmedabad,20.8,No,Moderate,Vegetarian,Never,,8,6,182,6.9,140,80,89.7,Low,Moderate
12047,36,Female,Delhi,25.1,No,Active,Non-Vegetarian,Never,Occasional,8,5,193,7.6,137,80,101.7,High,Moderate
12048,53,Female,Delhi,26.5,No,Moderate,Vegetarian,Never,,7.5,5,205,6.8,150,97,107.9,Middle,High
12049,31,Male,Delhi,21.6,No,Sedentary,Pescatarian,Never,Occasional,6,9,179,6.8,122,90,96.6,Low,Low
12050,55,Male,Chennai,24.7,Yes,Moderate,Non-Vegetarian,Never,Never,6,9,165,6.7,140,90,105.6,Middle,Low
12052,24,Male,Delhi,22.5,Yes,Moderate,Vegetarian,Never,Occasional,7,6,198,7.7,140,90,97.9,High,High
12053,38,Male,Hyderabad,20,No,Active,Non-Vegetarian,Never,Occasional,8,7,173,6.7,148,80,95.9,Middle,Low
12054,54,Male,Chennai,30.1,No,Moderate,Non-Vegetarian,Current,Occasional,6,9,167,6.9,160,100,122,Middle,Moderate
12056,46,Male,Bengaluru,27.3,No,Sedentary,Non-Vegetarian,Current,Never,8,2,134,6.3,130,80,110.9,Middle,Low
12057,44,Female,Bengaluru,22.8,No,Sedentary,Vegetarian,Never,Never,7.5,8,199,8.2,150,100,100.3,Low,Moderate
12059,47,Female,Ahmedabad,24.1,No,Active,Vegetarian,Never,Never,8.5,3,144,6.2,118,80,94.2,Low,Low
12061,51,Male,Delhi,22.9,No,Active,Non-Vegetarian,Never,Occasional,8,6,169,7.1,140,80,102.9,Low,Moderate
12063,54,Female,Delhi,26,No,Sedentary,Non-Vegetarian,Never,Never,8.3,9,176,6.9,150,104,103.3,High,Low
12065,35,Female,Bengaluru,25.1,No,Active,Non-Vegetarian,Former,,7.5,7,245,8.2,130,100,103.4,Middle,High
12068,55,Female,Ahmedabad,26.1,No,Active,Non-Vegetarian,Never,,9,5,167,6.8,150,81,99,Low,Moderate
12069,29,Male,Ahmedabad,22.5,No,Sedentary,Pescatarian,Current,Regular,7.3,6,208,8.4,124,88,103.7,Middle,High
12071,35,Female,Hyderabad,28.3,No,Sedentary,Vegetarian,Never,,8,6,171,6.7,120,86,107.8,High,Low
12075,41,Female,Chennai,26.9,No,Sedentary,Vegetarian,Never,,7,6,204,7.4,150,70,99.9,Middle,Moderate
12076,46,Male,Ahmedabad,16.7,No,Moderate,Non-Vegetarian,Never,Never,5,5,113,5.9,130,80,87.8,Middle,Low
12078,49,Male,Bengaluru,29,Yes,Moderate,Non-Vegetarian,Current,,7.8,8,208,8.2,142,102,113,High,High
12079,39,Female,Bengaluru,19.2,No,Sedentary,Vegetarian,Current,Occasional,7.6,7,112,5.7,140,90,90.5,Low,Low
12080,57,Female,Delhi,28.8,No,Moderate,Non-Vegetarian,Never,Never,7,9,169,7.1,150,90,108.3,Low,Moderate
12081,37,Female,Bhopal,18.2,No,Active,Non-Vegetarian,Never,Never,8,1,94,5.5,120,72,81.3,Middle,Low
12083,41,Female,Chennai,25.7,No,Sedentary,Non-Vegetarian,Never,Occasional,6.9,8,317,9.8,150,89,103.4,High,High
12084,44,Female,Delhi,17.6,No,Active,Vegetarian,Never,Never,8.2,7,152,6.5,130,80,85.4,Middle,Low
12088,50,Female,Ahmedabad,24.1,No,Sedentary,Non-Vegetarian,Never,,5.6,8,172,7.4,150,88,100.2,Middle,Low
12092,31,Female,Ahmedabad,24.5,Yes,Sedentary,Non-Vegetarian,Never,Occasional,9.2,2,145,5.9,130,80,100.4,Middle,Low
12095,52,Female,Delhi,21.9,No,Sedentary,Non-Vegetarian,Former,,5.9,7,93,5.3,122,80,93.2,High,Low
12098,46,Female,Ahmedabad,20.6,No,Active,Vegetarian,Never,Occasional,5.5,4,157,7.2,150,90,94.1,Middle,Low
12099,25,Male,Ahmedabad,22.6,Yes,Active,Vegetarian,Never,Never,9,2,201,7.2,120,75,99,Middle,Low
12101,36,Female,Ahmedabad,31.1,Yes,Moderate,Vegetarian,Never,Occasional,7,5,215,8.2,144,102,111.3,Middle,High
12105,53,Male,Ahmedabad,22.8,No,Active,Non-Vegetarian,Former,Never,8,3,127,6.5,150,84,104,Middle,Low
12114,62,Male,Delhi,21.3,No,Moderate,Non-Vegetarian,Never,,6,8,165,7.2,166,92,98.4,High,High
12117,60,Male,Chennai,18.8,Yes,Active,Non-Vegetarian,Former,Never,8,5,143,6.2,148,80,93.7,Middle,Low
12118,55,Male,Hyderabad,32.3,No,Sedentary,Vegan,Former,Never,8,3,208,8.7,120,94,128.2,High,High
12119,58,Male,Bengaluru,25.7,No,Active,Non-Vegetarian,Never,Never,6,4,398,9.3,130,80,105.9,Middle,High
12120,49,Female,Chennai,25.9,No,Sedentary,Non-Vegetarian,Never,Occasional,7,10,166,6.8,148,90,111.1,High,Low
12121,45,Female,Bengaluru,33.2,Yes,Sedentary,Non-Vegetarian,Never,Occasional,9,4,156,6.3,130,100,133,High,Low
12124,51,Male,Chennai,18.8,No,Active,Vegetarian,Former,Occasional,5.5,6,130,6.1,150,78,90.9,Middle,Low
12127,39,Male,Bengaluru,18.1,No,Moderate,Vegetarian,Former,Occasional,8,5,176,6.9,130,87,92.9,Low,Low
12130,49,Male,Bengaluru,23.6,No,Active,Non-Vegetarian,Never,Occasional,6.4,6,174,7.1,153,80,106.4,High,Moderate
12131,35,Female,Bhopal,17.7,Yes,Moderate,Non-Vegetarian,Never,,7,7,138,6.5,130,80,83,High,Low
12133,40,Female,Chennai,30.1,No,Sedentary,Non-Vegetarian,Never,Occasional,6,8,155,5.9,156,100,120.3,Low,Moderate
12135,55,Male,Delhi,20.5,No,Sedentary,Vegetarian,Former,Never,8.5,7,166,7,128,86,96.1,High,Low
12136,54,Male,Chennai,26,Yes,Sedentary,Vegetarian,Former,Occasional,6,3,158,6.7,150,90,110.6,Middle,Moderate
12137,50,Female,Chennai,31.3,Yes,Moderate,Non-Vegetarian,Never,Occasional,7,9,195,6.9,156,100,116.4,Low,Moderate
12139,53,Male,Bhopal,25.5,Yes,Moderate,Pescatarian,Never,Never,8,3,143,6.5,150,70,110.4,Low,Low
12143,62,Male,Ahmedabad,24.4,Yes,Sedentary,Vegetarian,Current,Occasional,7,4,223,7.1,150,98,105.4,Middle,High
12145,47,Female,Chennai,22.7,Yes,Moderate,Vegetarian,Never,Never,6.7,8,169,6.7,140,90,98.7,High,Moderate
12147,28,Male,Delhi,22.4,No,Active,Vegetarian,Current,Never,9.1,3,120,6.1,120,80,96.4,Middle,Low
12149,53,Male,Delhi,24.5,No,Active,Non-Vegetarian,Never,Occasional,8,5,99,5.5,150,80,100.9,Middle,Low
12151,28,Male,Hyderabad,19,No,Active,Vegetarian,Former,Occasional,8.4,8,144,6.6,120,80,94.8,Middle,Low
12153,36,Female,Delhi,22.1,No,Moderate,Vegetarian,Current,Never,7.5,5,110,6,120,89,96.7,High,Low
12155,51,Female,Ahmedabad,24,No,Active,Vegetarian,Current,,9,3,110,5.7,130,84,103.6,Low,Low
12156,52,Male,Delhi,20,Yes,Sedentary,Non-Vegetarian,Never,Never,7,5,164,6.7,120,80,98.6,High,Low
12157,48,Female,Ahmedabad,24.4,Yes,Moderate,Non-Vegetarian,Never,Never,8.2,7,158,6.9,130,92,102.8,Middle,Low
12159,46,Female,Ahmedabad,30.1,Yes,Sedentary,Non-Vegetarian,Former,Occasional,7.2,8,174,7.4,150,90,124.3,High,Moderate
12162,41,Female,Bengaluru,17.3,Yes,Active,Vegetarian,Never,,9,5,181,6.7,130,84,84.7,Low,Moderate
12165,32,Male,Bhopal,18.5,No,Active,Vegan,Current,Occasional,9,2,118,6.1,140,80,89,Middle,Low
12166,50,Male,Ahmedabad,29.2,Yes,Sedentary,Vegetarian,Never,Never,9,3,171,6.8,130,100,123.6,Middle,Low
12167,53,Female,Bengaluru,24.8,Yes,Moderate,Vegetarian,Never,,5.5,8,174,7.1,160,96,98.5,High,Moderate
12169,55,Female,Hyderabad,22.2,Yes,Moderate,Non-Vegetarian,Never,Regular,7,8,325,10.1,160,80,94.7,Low,High
12172,47,Female,Delhi,32.3,Yes,Sedentary,Non-Vegetarian,Current,Occasional,6,7,206,7.4,150,92,119.2,High,High
12176,57,Male,Ahmedabad,25.4,No,Sedentary,Vegetarian,Never,Occasional,7.6,6,171,6.9,160,100,108.9,Middle,Moderate
12180,49,Male,Bengaluru,19.1,Yes,Active,Vegetarian,Never,Occasional,6,7,145,6,140,86,87.3,Middle,Low
12184,47,Female,Hyderabad,24,No,Active,Vegetarian,Never,Never,8,3,150,6.3,144,88,99.4,Middle,Low
12186,26,Female,Bhopal,24.4,No,Sedentary,Non-Vegetarian,Never,,8.6,5,173,6.9,124,80,105.7,Low,Low
12187,49,Female,Delhi,24.9,Yes,Moderate,Vegetarian,Current,Occasional,9.5,7,171,6.6,130,100,98.2,Middle,Moderate
12191,50,Female,Hyderabad,23.6,No,Moderate,Vegetarian,Never,Regular,9.1,3,199,7.2,140,104,98.9,Low,High
12193,44,Male,Delhi,20.1,No,Moderate,Vegetarian,Former,Occasional,7.7,8,141,6.5,136,98,96.7,Middle,Low
12196,43,Male,Ahmedabad,15,No,Moderate,Non-Vegetarian,Never,Never,7,8,194,7.2,128,82,85.1,Low,Low
12198,60,Male,Chennai,23.1,Yes,Moderate,Non-Vegetarian,Never,Never,7.2,6,218,7.4,170,70,104.1,Middle,High
12202,25,Female,Bengaluru,19.6,No,Moderate,Vegetarian,Never,,8,4,99,5.6,110,80,88.9,High,Low
12205,40,Male,Bengaluru,23.6,No,Moderate,Non-Vegetarian,,,7,8,148,7.3,140,100,104.2,Middle,Low
12209,47,Male,Delhi,20.5,Yes,Moderate,Non-Vegetarian,Never,Occasional,7,5,148,6.5,137,80,95.5,High,Moderate
12210,41,Female,Ahmedabad,18.2,No,Active,Non-Vegetarian,Never,Never,7.5,9,134,6.4,160,80,82,Middle,Low
12211,34,Male,Hyderabad,25.2,No,Active,Vegetarian,Never,Never,7.6,8,181,7.1,144,80,112.2,Middle,Moderate
12212,61,Female,Bhopal,23.1,Yes,Sedentary,Non-Vegetarian,Never,,7.5,6,146,6.7,152,92,97.3,Middle,Moderate
12213,18,Female,Ahmedabad,23.7,No,Moderate,Vegetarian,Current,,7.5,6,188,7.5,130,86,99.6,Middle,Moderate
12214,37,Male,Ahmedabad,16.2,Yes,Active,Vegan,Never,Never,7.3,8,214,7.7,121,90,84.8,High,Moderate
12216,52,Male,Hyderabad,28.3,No,Sedentary,Non-Vegetarian,Current,Occasional,6,8,187,7.6,140,80,114,Middle,Moderate
12217,42,Female,Delhi,22,Yes,Sedentary,Non-Vegetarian,Former,,5,10,190,6.9,161,100,95.5,High,Low
12222,46,Female,Hyderabad,20.7,No,Moderate,Non-Vegetarian,Never,Never,6,5,185,7.3,136,90,94.7,High,Moderate
12223,45,Male,Bengaluru,22.3,No,Active,Vegetarian,Current,Occasional,8,6,188,7.8,140,68,99.1,Middle,Moderate
12225,53,Male,Delhi,22.4,Yes,Active,Non-Vegetarian,Never,Never,7.8,5,213,7.9,148,92,93.9,Middle,High
12226,38,Female,Bengaluru,19.2,Yes,Active,Non-Vegetarian,Never,,8,5,180,6.9,120,77,85,Middle,Moderate
12228,43,Female,Delhi,19.2,Yes,Sedentary,Non-Vegetarian,Current,Occasional,8,6,117,6.1,140,94,87.8,High,Low
12232,50,Male,Delhi,25.2,No,Moderate,Vegetarian,Never,Occasional,5,9,157,6.2,160,84,109.4,High,Low
12234,50,Female,Ahmedabad,16.6,No,Moderate,Vegetarian,Never,Never,8.9,2,217,8,140,70,84.8,Low,Moderate
12235,60,Female,Bengaluru,28.2,No,Sedentary,Non-Vegetarian,Never,,6,8,152,7.3,153,90,107.6,High,Low
12237,26,Female,Chennai,18.7,No,Active,Non-Vegetarian,Never,,6,6,210,7.5,130,80,90.6,High,Low
12238,38,Female,Bhopal,26.7,Yes,Sedentary,Non-Vegetarian,Never,Never,10,6,244,7.8,150,90,106.6,High,High
12240,60,Female,Bengaluru,24.6,Yes,Active,Vegetarian,Never,,7,6,173,6.9,130,110,102.2,High,Moderate
12241,47,Female,Hyderabad,25.5,Yes,Sedentary,Non-Vegetarian,Never,Occasional,10,5,340,9.3,140,100,104,Middle,High
12249,51,Other,Ahmedabad,26,Yes,Moderate,Vegetarian,Never,Never,8,4,157,6.4,160,82,105.1,High,Moderate
12250,46,Male,Delhi,22.2,No,Moderate,Vegetarian,Current,Occasional,7.7,4,108,5.8,137,78,101.4,Middle,Low
12255,33,Male,Hyderabad,22.5,No,Moderate,Vegetarian,Never,Never,6.5,10,219,9,130,100,103.9,,Moderate
12257,40,Female,Bengaluru,16.6,Yes,Moderate,Vegetarian,Never,Never,6,10,144,6,144,87,83.8,Middle,Low
12258,22,Male,Delhi,19.8,No,Sedentary,Vegetarian,Never,Never,6,10,153,6.4,129,86,95.8,High,Low
12262,52,Female,Delhi,21.8,No,Active,Non-Vegetarian,Former,Never,10,5,146,6.5,124,68,95.3,Middle,Low
12263,33,Male,Delhi,24.9,No,Active,Vegetarian,Never,Occasional,7.8,6,141,6.2,132,100,113.3,Middle,Low
12264,55,Female,Chennai,32.7,No,Moderate,Vegetarian,Never,Occasional,7,5,180,7.8,160,90,122.5,Low,High
12270,54,Female,Chennai,19.9,Yes,Moderate,Vegetarian,Never,Never,9,6,195,7.6,140,90,90.6,Low,High
12273,62,Female,Ahmedabad,24.7,Yes,Sedentary,Non-Vegetarian,Never,,8,3,199,7.4,130,83,100.5,Middle,Moderate
12275,49,Female,Chennai,20.1,No,Active,Vegetarian,Current,Occasional,6,7,182,7.1,140,90,87.2,High,Low
12278,57,Other,Delhi,23,No,Sedentary,Non-Vegetarian,Never,Occasional,6,10,209,7.7,152,89,96.1,Low,High
12280,30,Male,Bengaluru,25.1,No,Moderate,Non-Vegetarian,Current,Occasional,7,7,206,7,133,83,114.6,Middle,Low
12281,23,Female,Delhi,28.3,No,Sedentary,Non-Vegetarian,,Never,7.5,7,191,7,136,80,111.5,Middle,Low
12282,54,Male,Bengaluru,22.8,No,Moderate,Non-Vegetarian,,Occasional,7,5,161,6.8,128,90,107,Middle,Low
12284,36,Female,Chennai,27.1,No,Moderate,Non-Vegetarian,Never,,7,7,265,8.8,128,98,110,Middle,High
12287,59,Female,Hyderabad,29.7,No,Sedentary,Non-Vegetarian,Never,,8,6,169,7.4,170,90,117.6,Middle,Low
12288,40,Female,Bengaluru,25.1,No,Sedentary,Pescatarian,Never,,7,5,176,6.9,129,80,100.2,Low,Low
12290,37,Female,Chennai,17.3,No,Moderate,Non-Vegetarian,Never,,8,5,112,5.7,144,96,84.4,Middle,Low
12291,48,Male,Delhi,25.2,No,Sedentary,Non-Vegetarian,Never,Never,9,4,132,6.1,136,88,104.1,Low,Low
12298,56,Male,Delhi,28.3,No,Sedentary,Vegetarian,Never,Never,5,9,202,7.6,152,100,116.8,High,Moderate
12303,43,Male,Delhi,31.7,No,Sedentary,Non-Vegetarian,Never,Occasional,4,5,154,7.1,134,90,122,High,Low
12304,55,Male,Ahmedabad,22.3,Yes,Moderate,Vegetarian,Never,Never,8.7,4,204,7.8,140,100,105.5,Middle,Moderate
12306,48,Male,Hyderabad,26.9,No,Active,Non-Vegetarian,Never,Never,9,6,171,7,140,92,113.7,Middle,Moderate
12307,52,Male,Bengaluru,21.5,Yes,Active,Non-Vegetarian,Never,Occasional,7,5,152,6.3,130,80,100.1,Low,Moderate
12313,40,Male,Chennai,20.9,No,Active,Non-Vegetarian,Current,Occasional,7,5,116,5.7,140,70,97.5,Low,Low
12314,36,Female,Chennai,20.1,No,Active,Vegetarian,Current,Occasional,8,7,115,5.6,118,87,88,High,Low
12316,48,Male,Hyderabad,19.2,Yes,Active,Non-Vegetarian,Never,Occasional,7,6,162,6.7,151,84,90.7,Middle,Low
12317,32,Female,Delhi,23.7,No,Active,Vegetarian,Never,Occasional,7,5,146,6.3,142,86,101.1,Middle,Low
12320,48,Female,Ahmedabad,19.9,Yes,Active,Non-Vegetarian,Current,Regular,9,1,185,7.7,110,78,88,,Moderate
12322,38,Male,Ahmedabad,24.8,Yes,Sedentary,Non-Vegetarian,Never,Occasional,6.6,8,230,7.7,120,88,104.2,,High
12323,32,Female,Hyderabad,27.5,No,Active,Non-Vegetarian,Never,Occasional,8,8,132,6.3,140,92,107.1,Middle,Low
12325,44,Male,Delhi,21.5,No,Active,Non-Vegetarian,Never,Occasional,8,7,151,7.1,138,104,103.5,Middle,Low
12326,45,Female,Ahmedabad,21.3,No,Moderate,Vegetarian,Never,Regular,8,10,146,6.6,160,100,92.7,Low,Low
12327,31,Male,Hyderabad,16.2,No,Active,Vegetarian,Never,Never,9,6,170,6.9,140,88,85.3,Middle,Low
12335,21,Male,Delhi,24.2,No,Active,Non-Vegetarian,Never,Never,5,10,316,10.5,144,84,105.1,Middle,High
12336,42,Female,Ahmedabad,20.3,Yes,Active,Non-Vegetarian,Never,Occasional,7,3,252,8.4,140,88,93.6,Low,High
12339,62,Male,Hyderabad,22.1,No,Active,Non-Vegetarian,Never,,7,7,133,6.3,146,110,96.7,Middle,Low
12342,46,Male,Chennai,26.6,Yes,Moderate,Non-Vegetarian,Never,Occasional,6.5,6,167,7.2,156,90,114.3,Middle,Low
12344,52,Male,Hyderabad,22.8,No,Moderate,Non-Vegetarian,Never,,7.5,5,225,8.5,136,80,98.7,High,High
12345,47,Male,Delhi,34,No,Sedentary,Vegetarian,Never,,6,10,174,6.9,160,94,131.1,High,Low
12346,56,Female,Bengaluru,22.9,Yes,Moderate,Vegetarian,Never,Never,8,4,164,6,136,90,99.4,Middle,Low
12347,50,Female,Hyderabad,23.4,Yes,Sedentary,Vegetarian,Never,,6,6,218,7.8,138,80,99.4,Middle,High
12350,45,Female,Delhi,29.1,No,Sedentary,Non-Vegetarian,Never,,7.5,8,166,6.6,137,100,108.4,High,Low
12351,48,Male,Delhi,19.1,Yes,Active,Vegetarian,Never,Occasional,5.5,6,181,7,136,80,93.1,Low,Low
12352,64,Male,Delhi,36.2,No,Sedentary,Vegan,Never,Never,5,10,214,7.4,158,94,129.7,High,High
12353,19,Female,Bhopal,24.1,No,Active,Vegetarian,Never,Occasional,7.5,5,142,6.2,132,80,97,Middle,Low
12354,50,Female,Delhi,30.4,No,Sedentary,Non-Vegetarian,Never,Never,5.8,8,216,7.8,150,96,116.5,High,Moderate
12355,36,Male,Bengaluru,25.9,No,Moderate,Vegetarian,Former,Regular,6.2,9,189,7.5,146,80,112.9,High,Moderate
12356,47,Female,Ahmedabad,15,Yes,Active,Vegetarian,Former,,9,4,194,7.5,140,80,78.2,Low,Moderate
12357,43,Male,Chennai,28.9,Yes,Sedentary,Vegan,Never,Occasional,7.5,7,248,8.8,140,95,115,High,High
12361,34,Male,Bengaluru,16.1,No,Moderate,Vegetarian,Never,Occasional,6.5,9,184,7,126,86,84.1,High,Moderate
12362,42,Male,Hyderabad,25.3,No,Active,Non-Vegetarian,Current,Never,9.2,9,166,6.9,140,94,106.8,Middle,Moderate
12363,54,Male,Hyderabad,24.3,No,Moderate,Vegetarian,Never,Never,8,7,133,5.8,135,92,106.6,Middle,Low
12364,45,Female,Hyderabad,16.6,No,Active,Vegetarian,Never,Never,6,5,111,6,137,80,81.3,Low,Low
12377,61,Male,Bengaluru,21.3,No,Active,Non-Vegetarian,Never,Occasional,7.2,7,164,6.9,151,80,98.2,Middle,Moderate
12379,54,Male,Hyderabad,18.1,No,Moderate,Vegetarian,Current,Never,8,9,219,7.5,156,90,90.6,High,Moderate
12381,52,Male,Bengaluru,25.8,No,Sedentary,Non-Vegetarian,Never,Never,7,6,147,5.9,130,100,112.2,High,Low
12384,49,Female,Hyderabad,26.5,No,Sedentary,Pescatarian,Never,Occasional,6,10,157,6.4,178,100,105.7,High,Low
12385,59,Male,Delhi,24,No,Moderate,Vegetarian,Never,,5.1,9,144,6.3,150,81,103.2,Middle,Low
12386,59,Female,Delhi,31.8,Yes,Moderate,Vegan,Current,Never,7,9,195,7.3,160,88,117.6,Middle,Moderate
12390,59,Male,Chennai,25.2,No,Sedentary,Non-Vegetarian,Never,Occasional,7,10,178,7.3,156,90,108.4,Middle,Moderate
12391,44,Male,Bhopal,26.3,No,Sedentary,Vegetarian,Never,Occasional,9,5,182,7.2,139,90,109.1,,Moderate
12392,27,Male,Delhi,21.3,No,Sedentary,Non-Vegetarian,Never,Occasional,7,10,192,7.3,152,90,99.7,Middle,Low
12393,37,Female,Hyderabad,24.4,No,Moderate,Non-Vegetarian,Current,Never,7,3,147,6.4,140,80,102.4,High,Low
12395,61,Male,Hyderabad,26.8,No,Moderate,Vegan,Never,Never,9,6,321,10.3,150,88,110.7,Middle,High
12396,54,Female,Hyderabad,29.3,Yes,Sedentary,Vegetarian,Never,Never,7,10,203,8,156,98,120,High,High
12397,24,Male,Bhopal,21.2,Yes,Sedentary,Non-Vegetarian,Current,Occasional,9,2,112,5.6,120,84,98.2,Low,Low
12398,66,Female,Bengaluru,31.9,No,Sedentary,Non-Vegetarian,Never,,6.5,8,185,7.1,179,110,118.5,High,High
12408,50,Male,Delhi,18.6,No,Active,Non-Vegetarian,Current,Never,6,10,147,6.6,140,80,93.2,High,Low
12410,34,Female,Hyderabad,21.5,No,Moderate,Vegetarian,Never,Occasional,8,6,117,6.5,130,80,94.4,High,Low
12415,40,Female,Ahmedabad,21.8,No,Active,Non-Vegetarian,Never,,7,2,147,6.4,124,80,96,Middle,Low
12417,47,Female,Delhi,21.9,Yes,Active,Non-Vegetarian,Former,Regular,6,6,168,6.9,155,84,89.8,Middle,Moderate
12420,54,Male,Delhi,25.2,No,Active,Non-Vegetarian,Never,Occasional,7,8,176,6.4,148,88,110.3,High,Moderate
12422,35,Female,Bengaluru,23.6,Yes,Active,Non-Vegetarian,Never,,8.5,6,142,6.1,130,88,98.2,Middle,Low
12424,49,Female,Bhopal,29.1,No,Sedentary,Vegetarian,Never,Occasional,7,4,196,7.2,140,88,106.3,Low,Moderate
12425,53,Female,Chennai,22.1,No,Sedentary,Non-Vegetarian,Current,Occasional,8,6,157,6.3,160,100,98.7,Middle,Low
12427,33,Male,Ahmedabad,26.5,Yes,Active,Non-Vegetarian,Current,Occasional,7.6,6,156,6.3,141,80,109.4,Low,Low
12429,47,Male,Bhopal,16.8,No,Moderate,Non-Vegetarian,Never,Regular,7,7,159,6.7,150,99,85.7,High,Low
12432,35,Female,Hyderabad,21.6,Yes,Moderate,Non-Vegetarian,Never,,8.6,6,144,6.5,140,100,90.3,High,Low
12440,48,Female,Chennai,28.6,Yes,Sedentary,Non-Vegetarian,Never,Never,7,8,257,8.6,150,90,112.2,Middle,High
12442,42,Male,Ahmedabad,22,No,Active,Non-Vegetarian,Never,Never,9,1,107,5.7,120,88,102.9,Low,Low
12443,42,Female,Bengaluru,20.2,No,Moderate,Vegetarian,Never,Occasional,7,9,176,6.9,132,108,90.2,High,Moderate
12444,36,Female,Delhi,19.5,Yes,Active,Vegetarian,Never,Occasional,8,4,153,6.4,136,88,89.5,Middle,Low
12445,56,Male,Chennai,21.4,No,Moderate,Non-Vegetarian,Never,Occasional,6,5,168,7.2,132,92,102.4,Middle,Moderate
12446,40,Male,Ahmedabad,24.3,No,Sedentary,Non-Vegetarian,Never,Never,6.5,6,148,6.7,124,80,104.9,High,Low
12447,46,Female,Chennai,19.6,No,Sedentary,Non-Vegetarian,Current,,6.5,8,173,6.5,130,90,91.5,Low,Low
12448,21,Male,Delhi,19.1,No,Active,Non-Vegetarian,Former,Never,8.7,7,124,6,119,80,91.9,Middle,Low
12454,31,Male,Delhi,22.3,Yes,Active,Non-Vegetarian,Never,Never,8,6,237,8.3,140,88,102.4,Middle,High
12456,50,Female,Delhi,22.1,No,Active,Non-Vegetarian,Never,Occasional,6.3,4,207,8.3,148,83,92.4,Middle,High
12458,45,Female,Chennai,28.4,No,Moderate,Vegan,Current,Never,7.4,8,145,6.3,156,100,109.1,Low,Low
12459,18,Female,Ahmedabad,22.7,No,Moderate,Non-Vegetarian,Never,Never,8.5,4,176,7.2,130,90,99.7,Low,Low
12463,39,Female,Bengaluru,33,Yes,Sedentary,Vegetarian,Never,,7.4,8,195,7.5,144,92,117.1,Middle,High
12464,51,Female,Delhi,27.5,No,Moderate,Pescatarian,Never,,6.5,4,174,6.7,152,100,105.3,High,Moderate
12465,60,Female,Bengaluru,26.9,Yes,Sedentary,Non-Vegetarian,Former,Never,5,10,227,8,165,104,108,,High
12467,46,Female,Chennai,26,No,Sedentary,Non-Vegetarian,Never,Occasional,6.2,7,228,7.2,150,86,105.8,Middle,High
12470,40,Female,Hyderabad,21.5,No,Sedentary,Vegetarian,Never,Occasional,6,9,156,6.6,154,90,92.8,High,Low
12474,47,Male,Delhi,27.8,No,Sedentary,Non-Vegetarian,Never,Occasional,7.1,5,142,5.8,150,88,116.1,Middle,Low
12478,56,Male,Ahmedabad,23.8,Yes,Moderate,Vegetarian,Never,Occasional,9.8,6,230,8.1,170,80,104.6,Middle,High
12483,24,Male,Delhi,17.4,No,Active,Vegetarian,Never,,7,7,173,7.5,140,82,85.9,High,Moderate
12484,54,Male,Bengaluru,27.7,No,Sedentary,Non-Vegetarian,Never,Occasional,8,3,229,8.5,142,90,108.6,Middle,High
12485,43,Male,Bhopal,19,No,Moderate,Non-Vegetarian,Never,Occasional,8.6,5,173,7.4,140,90,93.9,Middle,Low
12488,30,Male,Ahmedabad,26.1,Yes,Sedentary,Non-Vegetarian,Former,Occasional,7,4,211,7.7,140,74,113.2,Middle,Moderate
12489,55,Male,Delhi,29.4,No,Sedentary,Vegetarian,Never,Occasional,8,10,208,6.8,137,100,126.5,Middle,High
12493,37,Female,Bengaluru,18.9,Yes,Active,Non-Vegetarian,Current,Never,8.5,6,310,9.6,130,80,88.1,Low,High
12494,42,Female,Hyderabad,17.9,Yes,Sedentary,Vegetarian,Never,,7,10,154,6.6,132,90,85,High,Low
12495,63,Female,Delhi,19.4,No,Sedentary,Vegetarian,Never,Never,7,6,190,6.3,153,90,87.9,Low,Moderate
12502,32,Female,Ahmedabad,17.5,No,Active,Non-Vegetarian,Current,,8,4,109,5.8,110,70,82.4,Low,Low
12503,45,Female,Chennai,25.4,No,Sedentary,Non-Vegetarian,Former,Never,7,6,187,6.6,150,80,101.2,Middle,Low
12516,48,Female,Chennai,17.2,No,Active,Vegetarian,Current,Never,7,2,142,6.4,136,80,86.2,Middle,Low
12517,46,Female,Bengaluru,27,No,Sedentary,Non-Vegetarian,Never,Regular,6,5,205,6.8,150,97,103.2,High,Low
12518,21,Male,Bengaluru,24.2,No,Active,Vegetarian,Never,Occasional,7.8,8,152,6.8,136,102,107.4,Middle,Low
12520,54,Female,Chennai,23.3,Yes,Moderate,Non-Vegetarian,Current,,6.5,10,219,7.8,144,87,96.9,Low,Moderate
12522,46,Female,Chennai,25.4,No,Sedentary,Pescatarian,Former,Occasional,6,10,219,7.3,160,100,97,Low,High
12524,40,Female,Hyderabad,23,Yes,Moderate,Non-Vegetarian,Current,,7,7,195,7.2,140,80,99.3,High,Moderate
12525,50,Male,Delhi,19.5,No,Active,Vegetarian,Never,Never,6,4,159,7.3,120,90,97,High,Low
12526,50,Male,Hyderabad,28,Yes,Sedentary,Vegetarian,Current,Never,9,7,173,6.9,140,80,119.2,Low,Moderate
12528,35,Female,Ahmedabad,20.6,No,Active,Non-Vegetarian,Current,Occasional,7,4,151,6.2,130,80,98.9,Middle,Low
12529,53,Male,Bengaluru,20.9,No,Active,Non-Vegetarian,Never,,6,5,140,6.1,152,80,100.5,Middle,Low
12533,53,Male,Delhi,20.7,No,Active,Non-Vegetarian,Never,Occasional,7.9,4,164,7.2,120,90,93.1,Low,Moderate
12534,31,Female,Ahmedabad,26.4,No,Moderate,Pescatarian,Never,Never,7.4,4,151,6.5,120,92,107.7,Low,Low
12535,34,Female,Bengaluru,19.5,No,Active,Non-Vegetarian,Never,Never,8,8,118,5.6,136,82,88.2,Middle,Low
12536,48,Female,Bengaluru,33.7,No,Sedentary,Non-Vegetarian,Never,Never,6,7,145,6.3,160,78,124.4,High,Low
12537,43,Female,Hyderabad,22.7,No,Sedentary,Non-Vegetarian,Never,Never,6,5,165,7.8,140,77,92.3,High,Low
12538,44,Female,Bengaluru,20.5,No,Moderate,Non-Vegetarian,Never,,8,7,120,5.8,150,80,89.7,Middle,Low
12539,35,Male,Bengaluru,28.5,No,Sedentary,Vegetarian,Never,Occasional,6,10,233,7.9,150,90,117.2,High,Moderate
12541,39,Male,Ahmedabad,22.1,No,Active,Pescatarian,Former,Occasional,7,1,162,6.9,130,80,96.2,Low,Low
12543,60,Male,Bhopal,21.3,No,Moderate,Vegetarian,Never,Never,9,7,132,6.2,150,80,103.5,Low,Low
12545,52,Female,Delhi,20,No,Active,Non-Vegetarian,Former,,9,3,315,10.4,130,82,88.4,Middle,High
12546,44,Female,Ahmedabad,25.6,Yes,Sedentary,Vegetarian,Never,,8,2,191,8,130,82,108.1,Low,Moderate
12547,59,Male,Chennai,29.2,No,Sedentary,Non-Vegetarian,Never,,8,6,210,7.7,160,80,111.8,High,Moderate
12549,47,Female,Chennai,26.8,No,Sedentary,Non-Vegetarian,Never,Occasional,8,4,126,6.1,126,80,105.2,Middle,Low
12550,31,Male,Delhi,17.9,No,Active,Non-Vegetarian,Never,Never,7,3,200,7.1,124,69,92.8,,Low
12551,41,Female,Chennai,27.9,No,Sedentary,Non-Vegetarian,Never,Never,9,6,112,6,144,90,110.3,Middle,Low
12554,54,Male,Chennai,24.7,No,Moderate,Non-Vegetarian,Current,Occasional,8,8,164,6.7,140,90,108.4,Low,Moderate
12556,40,Male,Delhi,17.6,Yes,Active,Non-Vegetarian,Former,Regular,7,9,137,5.7,136,88,93.3,Middle,Low
12557,59,Female,Chennai,23,Yes,Active,Non-Vegetarian,Never,Never,7,8,187,7.7,150,84,101,Middle,Moderate
12558,50,Female,Chennai,19.8,No,Active,Non-Vegetarian,Never,,9,2,118,5.7,120,74,90.4,Middle,Low
12562,48,Female,Chennai,19.8,Yes,Sedentary,Vegetarian,Current,Never,6,7,146,6.2,131,78,88.7,Middle,Low
12564,56,Male,Bengaluru,17.7,No,Active,Vegetarian,Never,Occasional,9,5,150,6.5,150,96,87.2,Middle,Low
12565,52,Female,Ahmedabad,21.3,Yes,Active,Non-Vegetarian,Never,Never,9.5,3,134,6.4,160,90,96.1,Middle,Low
12567,49,Male,Hyderabad,17.8,Yes,Active,Vegetarian,Never,,6,7,146,6.4,130,80,88.2,High,Low
12568,45,Male,Bengaluru,25.7,Yes,Sedentary,Vegetarian,Never,,8.5,7,180,6.5,148,90,106.2,Middle,Low
12571,46,Female,Delhi,21.3,No,Moderate,Non-Vegetarian,Never,Never,6,6,235,8.3,140,84,92.1,Middle,High
12573,55,Male,Delhi,21.4,No,Moderate,Non-Vegetarian,Former,Never,5,9,400,11.6,140,100,98.4,High,High
12578,55,Male,Hyderabad,20.4,Yes,Sedentary,Vegetarian,Current,Never,7,10,145,6.9,155,90,92.3,High,Moderate
12582,43,Female,Bengaluru,26.4,Yes,Sedentary,Non-Vegetarian,Current,,6.5,7,161,6.9,128,90,104.9,Low,Low
12585,44,Female,Bengaluru,20.8,No,Moderate,Non-Vegetarian,Never,,5,8,179,7.3,158,96,90.2,Low,Low
12586,62,Male,Chennai,31.2,Yes,Sedentary,Vegetarian,Never,Regular,8,6,203,7.6,160,90,122.9,Middle,Moderate
12589,32,Female,Bengaluru,16.3,No,Active,Vegetarian,Never,Occasional,5.5,8,142,6.3,148,80,78.2,Middle,Low
12591,45,Female,Hyderabad,19.9,No,Active,Non-Vegetarian,Never,Never,6,10,162,6,120,90,91,High,Low
12592,39,Female,Ahmedabad,21.6,Yes,Active,Non-Vegetarian,,Never,6,6,197,7.9,124,80,89.7,Low,Moderate
12596,55,Male,Chennai,27,No,Sedentary,Non-Vegetarian,Never,Occasional,6.9,1,195,7.9,140,80,112.1,,High
12598,52,Male,Bengaluru,26.7,No,Sedentary,Vegetarian,Current,,6,8,196,7.7,150,105,116.7,Middle,High
12599,49,Male,Delhi,18.9,Yes,Sedentary,Non-Vegetarian,Current,Never,7.5,3,179,7.3,140,80,95.7,Middle,Moderate
12600,52,Male,Ahmedabad,18.6,No,Active,Non-Vegetarian,Never,Occasional,9,8,178,7.4,131,84,93.7,Low,High
12602,59,Female,Chennai,25.2,Yes,Sedentary,Non-Vegetarian,Former,Never,8.1,10,181,7.2,169,90,107.2,Low,Moderate
12604,43,Male,Bengaluru,28.3,Yes,Moderate,Non-Vegetarian,Never,Never,6,8,180,7.3,154,82,117.7,Middle,Moderate
12609,25,Male,Chennai,18.7,Yes,Active,Vegetarian,Never,Never,7.1,7,183,6.8,119,90,91.5,Low,Moderate
12610,56,Female,Chennai,27.7,No,Sedentary,Non-Vegetarian,Never,,7,9,175,7.3,161,90,108.1,Middle,Moderate
12611,44,Male,Hyderabad,26.9,No,Sedentary,Vegetarian,Former,,7.5,4,184,7.7,140,81,110.7,High,High
12612,37,Female,Ahmedabad,21.2,Yes,Moderate,Vegetarian,Former,,7.5,6,191,8.2,144,80,93.4,Middle,Moderate
12614,21,Female,Ahmedabad,21,No,Active,Vegetarian,Former,,11,2,89,5.3,124,60,91,Middle,Low
12616,58,Female,Chennai,28.3,Yes,Sedentary,Vegetarian,Never,Occasional,4.6,7,278,8.6,140,82,108.6,Middle,High
12618,44,Male,Bhopal,25.2,Yes,Moderate,Vegetarian,Never,Never,7,4,205,8.1,150,90,112.2,Middle,Moderate
12621,49,Female,Chennai,21.6,No,Sedentary,Non-Vegetarian,Never,,7.6,8,166,6.3,130,90,97.5,High,Low
12623,48,Male,Ahmedabad,17.5,No,Moderate,Pescatarian,Never,Occasional,9,3,99,5.5,140,80,89.2,Middle,Low
12625,18,Male,Hyderabad,25.8,No,Sedentary,Vegetarian,Current,Never,9.1,4,101,5.3,110,90,103.8,Middle,Low
12630,35,Female,Bengaluru,26,No,Moderate,Vegetarian,Current,Never,6,10,180,6.3,136,80,100.9,High,Low
12635,54,Female,Ahmedabad,27.3,Yes,Sedentary,Non-Vegetarian,Never,,7.5,5,206,7.9,140,80,106.5,Middle,Moderate
12637,34,Female,Delhi,22.9,Yes,Active,Non-Vegetarian,Former,,9.8,6,165,6.6,136,90,96.2,Middle,Low
12638,28,Female,Hyderabad,15,Yes,Active,Vegetarian,Never,Occasional,8.5,4,115,5.8,130,70,76.8,Middle,Low
12639,55,Female,Ahmedabad,21.7,No,Moderate,Non-Vegetarian,Never,,8.4,3,146,6.6,130,100,97.8,High,Moderate
12642,45,Female,Delhi,23.2,No,Sedentary,Pescatarian,Never,Never,7,7,219,8.1,148,90,101.7,High,High
12643,57,Female,Bengaluru,24.3,No,Active,Non-Vegetarian,Never,Never,5,6,138,6,148,80,100.1,Middle,Low
12644,36,Male,Hyderabad,29.5,Yes,Moderate,Vegetarian,Never,Never,6,8,180,6.8,144,90,120.9,Low,Moderate
12647,28,Female,Bengaluru,18.5,No,Sedentary,Non-Vegetarian,Never,Never,7,8,158,6.7,130,80,86.3,High,Low
12648,54,Male,Bengaluru,27.3,Yes,Moderate,Non-Vegetarian,Never,Never,5.5,3,190,7.5,150,90,117.7,Middle,Moderate
12651,32,Female,Delhi,27.5,Yes,Active,Vegetarian,Current,Occasional,7,7,166,6.5,140,90,109.2,Middle,Low
12652,52,Male,Delhi,28.1,Yes,Moderate,Vegetarian,Never,Never,7,10,172,6.8,146,90,119.5,Low,Moderate
12657,34,Female,Delhi,21.6,No,Active,Non-Vegetarian,Current,Occasional,4.5,5,135,6.5,142,80,94.9,Middle,Low
12658,36,Female,Bengaluru,22.5,Yes,Active,Non-Vegetarian,Former,Occasional,7,8,173,7.1,112,82,97.5,High,Moderate
12659,62,Female,Bhopal,24.7,Yes,Moderate,Vegetarian,Never,Regular,7,6,186,6.8,140,110,103.2,High,Moderate
12663,48,Female,Ahmedabad,25.3,No,Active,Vegetarian,Never,,6.5,3,196,7.3,140,100,100.1,Low,Low
12664,49,Male,Delhi,25.6,No,Sedentary,Vegan,Never,Occasional,6.5,6,112,5.5,130,80,112.2,Low,Low
12665,55,Male,Delhi,21.9,No,Active,Vegetarian,Never,Regular,8,4,197,8,140,84,100.8,Middle,High
12668,66,Female,Bengaluru,25.2,No,Moderate,Non-Vegetarian,Current,,10,5,161,5.9,140,84,101.9,Middle,Low
12669,40,Female,Ahmedabad,26.8,Yes,Sedentary,Vegetarian,Current,,8,7,195,7.5,147,89,105.8,High,Moderate
12671,54,Female,Delhi,23.2,Yes,Sedentary,Non-Vegetarian,Never,Never,6.5,7,161,6.8,147,80,96.9,Low,Low
12672,58,Female,Hyderabad,18.6,No,Moderate,Non-Vegetarian,Current,,5,8,150,6.7,136,76,89.3,High,Moderate
12673,47,Male,Bengaluru,29.4,No,Moderate,Non-Vegetarian,Current,Occasional,6,5,208,7.6,140,80,119.6,Middle,Moderate
12675,37,Female,Ahmedabad,18.5,Yes,Active,Non-Vegetarian,Never,,8.5,3,108,5.9,128,70,87.8,Middle,Low
12676,48,Male,Delhi,35.8,No,Sedentary,Vegetarian,Current,Occasional,9.1,9,143,6.4,166,104,131.1,,Moderate
12681,48,Female,Bhopal,31,Yes,Sedentary,Non-Vegetarian,Never,Never,7,2,271,8.9,144,90,117.1,High,High
12684,34,Male,Delhi,19.3,Yes,Moderate,Non-Vegetarian,Never,Occasional,7,7,143,6.1,120,68,91.7,High,Low
12686,32,Female,Bengaluru,23.6,No,Sedentary,Non-Vegetarian,Never,Never,7.1,7,203,7.2,144,80,96.6,Low,Moderate
12690,63,Female,Delhi,22.8,Yes,Active,Non-Vegetarian,Never,,7,6,203,7.6,160,80,98.4,High,High
12693,46,Female,Hyderabad,18.7,No,Active,Vegetarian,,Regular,6,7,164,6.9,140,77,85.3,High,Low
12694,61,Female,Bengaluru,20.4,Yes,Sedentary,Non-Vegetarian,Current,,6.6,8,222,7.2,148,100,85.6,Middle,High
12699,41,Female,Hyderabad,22.6,Yes,Active,Vegetarian,Never,,4,8,151,6.5,134,86,100.8,Middle,Moderate
12700,48,Female,Chennai,27.6,No,Sedentary,Vegetarian,Current,Occasional,8,4,213,7.9,149,80,113.2,Middle,High
12701,54,Female,Chennai,22.6,Yes,Active,Non-Vegetarian,Current,Never,8,7,150,6.5,150,88,98.3,Middle,Low
12703,49,Male,Bengaluru,24.8,No,Sedentary,Vegetarian,Never,Regular,8.5,7,161,6.3,130,90,112.5,High,Low
12705,45,Male,Hyderabad,24,Yes,Moderate,Non-Vegetarian,Current,,6,5,164,6.8,140,80,105.4,Middle,Low
12706,35,Male,Chennai,25.1,Yes,Sedentary,Vegetarian,Never,Never,6,7,214,8.1,130,74,104.5,Middle,High
12707,41,Female,Chennai,20.9,No,Moderate,Non-Vegetarian,Former,Occasional,7,8,183,7.4,150,92,93.1,High,Low
12713,61,Female,Bengaluru,20.4,No,Moderate,Non-Vegetarian,Never,Occasional,7,10,181,7.5,160,100,95.8,Middle,Low
12715,43,Female,Hyderabad,22,No,Active,Vegetarian,Current,,8,8,115,5.4,140,80,94.8,Middle,Low
12716,65,Female,Ahmedabad,17.6,No,Moderate,Vegetarian,Current,,7,6,142,6.2,160,100,88.6,Middle,Low
12717,56,Male,Bengaluru,19.6,No,Active,Non-Vegetarian,Never,Never,8,10,109,4.9,130,80,96.8,High,Low
12719,41,Male,Bengaluru,19.4,No,Moderate,Non-Vegetarian,Current,Never,7.4,5,115,5.8,150,80,95.7,Low,Low
12720,43,Male,Hyderabad,22,No,Moderate,Non-Vegetarian,Never,Occasional,8,4,162,6.5,144,82,101.8,Middle,Low
12721,42,Male,Chennai,25.5,Yes,Moderate,Non-Vegetarian,Former,,8,5,190,7,152,73,104.4,Middle,Low
12725,35,Male,Bengaluru,16.6,Yes,Sedentary,Vegetarian,Never,Occasional,7.5,5,141,6.4,120,80,86.1,Middle,Low
12726,38,Female,Hyderabad,22.2,No,Sedentary,Vegan,Never,Never,9.4,3,103,5.6,120,76,91.8,High,Low
12728,47,Other,Hyderabad,20.4,No,Moderate,Non-Vegetarian,Never,Occasional,9.5,5,155,6.5,140,100,90.6,High,Low
12735,54,Female,Bhopal,20.4,No,Sedentary,Pescatarian,Never,,9.1,3,146,6.8,130,90,91.4,Middle,Low
12736,52,Female,Bengaluru,21.9,No,Active,Non-Vegetarian,Former,Never,7,5,196,7.5,152,85,96.7,Middle,High
12737,46,Female,Hyderabad,28.4,Yes,Sedentary,Vegetarian,Former,,7,6,175,6.4,150,90,110.2,High,Low
12738,35,Female,Delhi,22.1,Yes,Active,Non-Vegetarian,Current,,7,6,194,7.5,130,77,96.3,High,Moderate
12739,30,Female,Bengaluru,15.4,No,Active,Non-Vegetarian,Never,,7,5,145,6.6,134,83,78.3,Middle,Low
12740,46,Male,Bengaluru,18.9,No,Active,Non-Vegetarian,Never,Occasional,7,7,140,6.2,138,80,89.6,Low,Low
12743,38,Male,Delhi,22,Yes,Active,Vegetarian,Never,Regular,7,6,116,5.5,136,90,102.4,Low,Low
12748,37,Female,Ahmedabad,26,No,Active,Non-Vegetarian,Current,Never,9.5,5,148,6.5,130,80,107.4,Middle,Low
12749,49,Male,Delhi,29.1,No,Moderate,Vegetarian,Never,Regular,8,8,351,10.8,148,74,111.2,High,High
12755,41,Male,Bengaluru,29.7,No,Moderate,Vegetarian,Never,Never,6,6,212,7.9,120,100,122.6,Middle,High
12757,45,Male,Delhi,16.9,No,Sedentary,Non-Vegetarian,Never,Occasional,7,9,138,6.7,130,86,87.1,High,Low
12762,43,Male,Chennai,18.4,Yes,Moderate,Non-Vegetarian,Never,Never,7,7,150,6.5,155,80,93,Low,Low
12763,41,Female,Delhi,21.6,Yes,Active,Non-Vegetarian,Never,,7,3,180,7.3,140,92,100.8,High,Low
12764,50,Female,Hyderabad,16.6,Yes,Moderate,Non-Vegetarian,Never,Occasional,7,10,153,6.5,140,90,81.4,High,Low
12767,50,Female,Delhi,24.7,No,Moderate,Non-Vegetarian,Never,,6,8,160,7.3,140,80,101.4,High,Moderate
12768,54,Male,Delhi,19.9,Yes,Sedentary,Vegetarian,Never,Occasional,7.5,8,272,8.5,130,92,91.5,,High
12769,49,Male,Delhi,33.2,Yes,Sedentary,Non-Vegetarian,Never,Occasional,5,8,225,7.7,150,96,129.5,High,High
12772,47,Male,Delhi,23.4,Yes,Sedentary,Vegetarian,Never,Never,7,4,160,6.7,130,80,103.7,Middle,Low
12774,39,Male,Bengaluru,22.4,No,Moderate,Non-Vegetarian,Never,Occasional,5,7,163,6.7,140,84,97.2,High,Low
12775,52,Female,Ahmedabad,26.3,Yes,Moderate,Vegetarian,Never,Regular,6.6,3,182,6.8,148,90,106.4,Low,Moderate
12776,48,Female,Ahmedabad,18.4,No,Sedentary,Vegetarian,Current,Occasional,6,10,153,6.9,152,84,84.7,High,Low
12782,43,Male,Ahmedabad,22.3,Yes,Moderate,Non-Vegetarian,Never,Never,8,5,197,7.8,140,77,105.9,Low,High
12783,54,Male,Chennai,26,Yes,Sedentary,Non-Vegetarian,Never,Occasional,8,6,153,6.7,150,88,113.2,Middle,Low
12784,42,Male,Delhi,23.9,No,Sedentary,Non-Vegetarian,Current,Never,8,8,196,7.1,130,86,101.6,Middle,Moderate
12785,44,Female,Chennai,23.4,No,Sedentary,Non-Vegetarian,Never,Regular,9,8,232,8.5,146,96,104.3,High,High
12786,51,Male,Ahmedabad,16.2,No,Active,Vegetarian,Never,Regular,9,3,167,7.3,130,76,85,Middle,Low
12787,56,Male,Ahmedabad,22.8,Yes,Moderate,Non-Vegetarian,Never,Never,7.5,8,180,6.9,150,90,100.8,Middle,Moderate
12789,41,Male,Hyderabad,18.3,No,Active,Vegetarian,Former,Never,7,8,214,7.7,130,80,88.3,High,Moderate
12791,68,Male,Hyderabad,25.6,No,Active,Non-Vegetarian,Former,Never,7.5,10,164,6.8,180,100,111,High,Moderate
12792,35,Female,Ahmedabad,25.2,No,Moderate,Vegetarian,Never,,8,8,207,7,140,82,102.3,High,Low
12798,44,Female,Delhi,23.2,No,Moderate,Non-Vegetarian,Current,,9,5,254,8.6,134,82,97.4,Low,High
12799,27,Female,Hyderabad,24.3,No,Sedentary,Vegetarian,Former,Never,8,9,142,6.4,150,100,97,Middle,Low
12801,39,Male,Chennai,21.3,Yes,Moderate,Vegetarian,Current,Never,8,7,149,7,150,75,96.1,Middle,Low
12802,40,Male,Ahmedabad,27.2,Yes,Sedentary,Vegan,,Never,9,3,213,8.6,130,77,114.4,Middle,Moderate
12806,42,Female,Bhopal,29.6,No,Sedentary,Non-Vegetarian,Never,Occasional,8,5,189,6.9,140,80,117.5,Low,High
12808,45,Male,Hyderabad,28.1,No,Sedentary,Non-Vegetarian,,Never,9,7,158,6.8,154,90,118.3,Middle,Moderate
12809,46,Male,Delhi,19.8,No,Active,Non-Vegetarian,Never,Occasional,8,3,153,6.8,128,80,95.9,Middle,Low
12810,49,Female,Bengaluru,22.9,No,Sedentary,Vegetarian,Current,,7.2,8,146,6.1,143,88,98.4,Middle,Low
12811,27,Female,Hyderabad,24,No,Moderate,Non-Vegetarian,Former,,7,4,118,5.6,122,70,95.4,,Low
12816,36,Female,Ahmedabad,20.7,Yes,Moderate,Vegetarian,Never,Never,6,5,157,6.4,140,80,88,High,Low
12817,56,Female,Hyderabad,26.2,Yes,Sedentary,Non-Vegetarian,Current,Occasional,8,9,230,8.1,160,110,104,Middle,High
12819,33,Male,Bengaluru,21.7,No,Sedentary,Non-Vegetarian,Never,Occasional,6,7,113,5.6,150,80,101.6,High,Low
12822,40,Male,Ahmedabad,27.4,Yes,Sedentary,Vegetarian,Never,Occasional,8,5,184,6.9,150,100,112.8,Low,Moderate
12823,50,Male,Delhi,26,No,Sedentary,Non-Vegetarian,Never,Regular,7,8,179,6.8,130,90,107,High,Low
12825,52,Male,Chennai,22.7,No,Active,Vegetarian,Current,Never,5.5,10,138,6.2,131,90,102.3,Middle,Low
12828,24,Female,Delhi,16.6,Yes,Active,Vegetarian,Former,Occasional,7,8,248,9.6,120,90,80.8,Low,High
12830,33,Female,Chennai,26.2,Yes,Sedentary,Non-Vegetarian,Never,Never,8,3,166,7.3,130,76,111.6,Middle,Moderate
12831,46,Male,Bengaluru,22.4,No,Sedentary,Vegetarian,Never,Regular,7,6,196,7.4,132,80,102.8,High,Moderate
12832,56,Male,Hyderabad,22.4,No,Active,Non-Vegetarian,,Occasional,6,6,175,7.5,132,90,104.1,High,High
12834,51,Female,Ahmedabad,23.2,No,Moderate,Vegetarian,Never,Never,7,6,197,7.3,134,95,98.7,Middle,High
12836,30,Male,Hyderabad,20.7,Yes,Active,Pescatarian,Current,Occasional,7.3,3,150,6,120,80,97,High,Low
12838,65,Female,Ahmedabad,27.8,Yes,Sedentary,Vegetarian,Never,,7,8,205,7.2,158,90,108.3,High,Moderate
12844,62,Female,Bengaluru,31.8,No,Sedentary,Non-Vegetarian,Never,Occasional,7.5,9,231,8.4,140,100,113,High,High
12845,27,Female,Delhi,20,No,Active,Non-Vegetarian,Current,Occasional,9,2,159,7.4,114,80,87.4,Middle,Low
12853,45,Female,Hyderabad,24.1,Yes,Moderate,Non-Vegetarian,Never,,9,3,221,7.2,146,90,101,Middle,High
12856,27,Male,Hyderabad,20.8,Yes,Moderate,Non-Vegetarian,Former,Regular,8,9,119,5.3,156,90,91.3,High,Low
12858,55,Male,Ahmedabad,24.1,No,Moderate,Vegetarian,Former,Never,8,5,175,6.3,124,92,109.6,Low,Low
12862,58,Male,Delhi,21,No,Active,Vegetarian,Never,Occasional,6,5,179,7.6,160,80,96.5,Low,Moderate
12864,37,Male,Delhi,27.9,No,Active,Vegetarian,Never,Never,7,8,161,6.9,160,100,115.7,Low,Low
12865,33,Male,Hyderabad,21.5,No,Sedentary,Non-Vegetarian,Never,Occasional,8,5,127,5.9,140,76,99.9,Low,Low
12866,54,Male,Chennai,27.5,No,Active,Non-Vegetarian,Former,Occasional,6.5,6,223,8.4,160,86,114.1,High,High
12867,51,Male,Bengaluru,27.1,No,Moderate,Vegetarian,Current,Never,6.7,7,154,6.5,150,86,112.5,Middle,Low
12868,52,Male,Ahmedabad,23.9,No,Moderate,Non-Vegetarian,Never,,7,4,145,6.3,140,96,107.5,Middle,Low
12875,50,Other,Hyderabad,23.5,No,Sedentary,Vegetarian,Never,Never,5,10,183,7.4,160,90,103.7,High,Low
12876,32,Female,Delhi,16.8,No,Active,Non-Vegetarian,Never,Never,7,7,187,7.6,140,90,78.3,Low,Low
12877,31,Male,Delhi,24.4,No,Active,Non-Vegetarian,Never,Occasional,7,7,161,7.2,120,90,110.3,Middle,Low
12878,43,Female,Delhi,15.4,No,Active,Vegan,Never,Occasional,6,7,149,6.5,130,85,76.6,Middle,Low
12881,39,Female,Bengaluru,21.6,No,Sedentary,Non-Vegetarian,Never,,9.5,6,151,6.1,160,74,96,High,Low
12883,39,Male,Chennai,22.7,Yes,Active,Non-Vegetarian,Current,Occasional,6,7,165,6.6,132,80,102.2,Middle,Moderate
12887,51,Female,Delhi,26.6,Yes,Moderate,Non-Vegetarian,Never,,9,5,205,7.3,150,90,105.3,Middle,Moderate
12890,41,Female,Delhi,15,Yes,Active,Vegetarian,Never,,7,3,111,5.5,130,90,77.2,Low,Low
12891,43,Female,Delhi,30.5,No,Sedentary,Non-Vegetarian,Never,Regular,7.8,9,167,6.7,150,96,122.5,Low,Low
12894,43,Male,Bengaluru,22.5,No,Moderate,Non-Vegetarian,Never,Never,6.9,8,202,7.8,144,90,99.9,Middle,Moderate
12895,50,Female,Chennai,16.6,No,Active,Non-Vegetarian,Never,Never,7.2,5,110,5.5,120,80,84.9,Middle,Low
12899,36,Male,Bengaluru,20.8,Yes,Sedentary,Non-Vegetarian,Current,Occasional,7.1,8,139,6.4,116,83,95.1,Middle,Low
12903,40,Male,Bengaluru,20.5,No,Active,Vegetarian,Never,Occasional,6.5,7,133,6.6,130,89,96.2,High,Low
12910,63,Female,Chennai,21.2,No,Sedentary,Non-Vegetarian,Never,,7,7,172,7.4,158,70,94.2,High,Moderate
12912,54,Male,Bengaluru,19.9,Yes,Moderate,Vegetarian,Current,Occasional,7,8,172,6.9,152,90,96.9,Low,Low
12915,55,Female,Hyderabad,19.5,No,Active,Non-Vegetarian,Never,Regular,7.7,5,151,7,120,80,88.1,Middle,Low
12917,60,Female,Bengaluru,23.4,No,Active,Non-Vegetarian,Never,Never,7,6,196,7.8,148,80,94.2,Middle,Moderate
12919,40,Male,Bengaluru,28.6,No,Sedentary,Vegetarian,,Never,7.5,5,200,8.2,140,82,116.2,Middle,Moderate
12921,20,Female,Bengaluru,17.2,Yes,Active,Non-Vegetarian,Never,Regular,8,9,165,6.9,121,90,82.4,High,Low
12923,45,Male,Hyderabad,19.6,Yes,Active,Vegetarian,Never,Occasional,8.2,8,167,6.7,140,80,93,High,Low
12926,58,Male,Chennai,18.5,No,Active,Non-Vegetarian,Never,Occasional,8,9,169,6.7,150,92,94.6,,Low
12930,22,Female,Ahmedabad,19.6,No,Active,Vegetarian,Current,Never,8,5,116,5.6,130,80,87,Low,Low
12933,47,Male,Bengaluru,20.6,No,Sedentary,Vegetarian,Never,Regular,6.9,6,195,6.9,150,97,95.3,Middle,Moderate
12934,55,Female,Delhi,20.7,No,Moderate,Vegetarian,Never,Occasional,8.5,3,200,7.4,140,90,95.5,Middle,Low
12936,35,Male,Hyderabad,23.7,Yes,Moderate,Vegetarian,Never,Never,8.5,6,153,7,140,70,103.9,Middle,Low
12939,20,Male,Delhi,20.9,No,Sedentary,Vegetarian,Current,Never,7.3,8,86,5.1,138,90,92.4,Middle,Low
12940,36,Male,Chennai,18.3,No,Active,Non-Vegetarian,Current,Occasional,7,7,181,7.7,140,85,88.4,Low,Moderate
12941,47,Male,Chennai,19.4,No,Moderate,Pescatarian,Current,Occasional,7,5,140,6.4,149,80,91.1,Middle,Low
12946,49,Male,Hyderabad,21.7,No,Active,Vegetarian,Current,Never,8,8,228,8.3,130,80,104.8,High,Moderate
12950,66,Male,Hyderabad,26.4,No,Sedentary,Non-Vegetarian,Never,Regular,8.1,10,227,7.4,156,90,113.8,High,High
12951,44,Female,Delhi,22,No,Active,Non-Vegetarian,Current,,7,5,139,6.5,140,90,91.5,Low,Low
12952,36,Female,Chennai,19.9,No,Active,Vegetarian,Former,,7,8,147,6.7,160,100,92.6,Middle,Low
12954,36,Male,Ahmedabad,19.8,Yes,Active,Non-Vegetarian,Current,Never,9,4,144,6.4,124,80,97.7,Middle,Low
12955,41,Female,Bengaluru,24.4,No,Moderate,Pescatarian,Never,,7,9,184,7.6,142,81,104.6,Middle,High
12956,43,Male,Delhi,22.4,No,Active,Vegetarian,Never,Never,7,6,120,6.3,130,80,98.2,Middle,Low
12957,38,Female,Hyderabad,17.9,No,Active,Vegetarian,Never,Never,8.5,10,147,6.4,142,84,80.6,Middle,Low
12960,33,Female,Delhi,21.2,Yes,Sedentary,Non-Vegetarian,Never,,6.9,10,185,7.3,148,100,96.2,Middle,Low
12961,44,Female,Ahmedabad,28.9,No,Moderate,Non-Vegetarian,Never,Never,7,7,153,6.7,148,100,105.1,Middle,Low
12962,37,Female,Bhopal,24.4,No,Active,Non-Vegetarian,Never,,6.8,6,164,7.1,149,90,108.9,Middle,Low
12963,37,Male,Hyderabad,19.5,No,Active,Non-Vegetarian,Never,Never,6.5,3,136,6.4,130,80,98.1,Middle,Low
12964,32,Female,Ahmedabad,26.9,No,Moderate,Non-Vegetarian,Former,,8.5,7,157,6.4,130,100,107.3,Low,Low
12965,37,Female,Bhopal,24.7,Yes,Active,Vegan,Never,Never,8.2,7,198,8.6,150,93,104,Low,High
12968,47,Female,Bengaluru,20.4,Yes,Moderate,Vegetarian,,,8,4,117,6.2,136,70,87.1,Low,Low
12973,54,Female,Bengaluru,30.4,No,Moderate,Non-Vegetarian,Current,,7,5,199,7.5,130,80,115.3,Middle,High
12978,45,Male,Bengaluru,20.8,Yes,Active,Non-Vegetarian,Never,Never,7.9,5,164,6.7,140,80,89.1,Middle,Low
12984,52,Male,Hyderabad,20.7,Yes,Moderate,Vegetarian,Never,Never,6.5,10,195,7.9,160,86,101.2,High,Moderate
12986,18,Male,Hyderabad,17.5,No,Active,Non-Vegetarian,Former,Never,7,7,115,6,102,80,87.9,High,Low
12988,32,Male,Bengaluru,20.6,No,Active,Non-Vegetarian,Never,Occasional,6,6,153,6.5,126,80,101.2,Middle,Low
12991,48,Male,Bengaluru,24.5,No,Sedentary,Non-Vegetarian,Never,Never,8,10,216,7.3,155,100,107.4,Low,High
12993,39,Male,Hyderabad,18.1,No,Active,Vegetarian,Never,Never,7,9,157,6.4,148,80,87.8,Middle,Low
12995,39,Female,Delhi,30.5,No,Sedentary,Non-Vegetarian,Never,,8,8,167,6.9,128,80,121.7,High,Low
12997,62,Female,Delhi,29.6,Yes,Sedentary,Vegetarian,Never,Never,7,10,206,8,184,110,117.5,High,High
12999,23,Male,Delhi,18.8,Yes,Active,Non-Vegetarian,Never,Never,8,9,200,7.7,130,78,92.7,Low,Low
13000,37,Female,Chennai,21.6,No,Moderate,Pescatarian,Never,,7.3,8,241,8,124,80,92.6,Low,Moderate
13002,52,Male,Chennai,21.8,Yes,Active,Vegetarian,Never,Never,8,9,200,7.7,160,80,99.1,High,High
13004,49,Female,Bengaluru,23.8,No,Sedentary,Non-Vegetarian,Former,,7,5,118,5.8,140,82,97.3,High,Low
13005,41,Male,Hyderabad,20,Yes,Active,Non-Vegetarian,Never,,7.3,7,159,6.6,137,80,92.7,Middle,Low
13006,34,Female,Bengaluru,18.7,Yes,Active,Vegetarian,Never,,7.5,5,137,5.9,132,80,82.5,Middle,Low
13007,50,Female,Chennai,21.3,No,Moderate,Non-Vegetarian,Never,,8.6,5,237,8,120,80,96.1,Middle,High
13008,53,Female,Ahmedabad,33.4,No,Sedentary,Vegetarian,Never,,6,5,183,7.1,160,93,123.2,High,High
13009,55,Male,Delhi,35.6,Yes,Sedentary,Non-Vegetarian,Never,Never,7.5,4,208,8.4,138,100,133.7,Middle,High
13011,32,Male,Delhi,21.4,Yes,Moderate,Vegan,Current,Occasional,7,8,191,7,128,92,96.1,Middle,Moderate
13012,48,Female,Ahmedabad,22.1,No,Moderate,Vegetarian,Former,Occasional,11,4,186,7.3,150,80,99.5,Middle,Low
13015,46,Female,Hyderabad,24.4,No,Sedentary,Non-Vegetarian,Former,,9,9,160,6.8,160,79,99.1,Middle,Low
13018,41,Male,Hyderabad,24.2,No,Sedentary,Non-Vegetarian,Never,Never,7,9,146,6.3,150,92,101.9,High,Low
13021,57,Male,Bengaluru,21.4,Yes,Moderate,Vegetarian,Never,Occasional,7,8,143,6,160,92,98.9,High,Low
13024,29,Male,Bengaluru,22.6,No,Active,Non-Vegetarian,Never,Occasional,8,5,110,5.6,140,80,101.5,Low,Low
13025,55,Female,Chennai,22.1,No,Moderate,Non-Vegetarian,Never,Occasional,9,8,200,7.6,140,108,93.6,High,Moderate
13027,39,Female,Hyderabad,20.5,No,Moderate,Pescatarian,Former,,7.5,7,102,5.4,110,90,88.5,Middle,Low
13028,52,Female,Bengaluru,28.3,Yes,Moderate,Non-Vegetarian,Never,Never,9,5,180,7.8,160,92,113.3,Low,Moderate
13032,44,Male,Hyderabad,19.2,No,Active,Vegan,Never,Occasional,10,3,140,6.4,140,80,93.3,Middle,Low
13033,57,Female,Hyderabad,18.3,No,Moderate,Non-Vegetarian,Never,,5.7,7,167,7,160,84,84.9,Middle,Low
13034,36,Male,Delhi,22.8,Yes,Sedentary,Non-Vegetarian,Never,Never,7,4,213,8.1,130,74,96.5,Middle,High
13035,26,Female,Delhi,24.1,Yes,Sedentary,Non-Vegetarian,Current,,7,9,220,8.4,130,100,105.2,High,Moderate
13037,32,Male,Ahmedabad,23.7,Yes,Moderate,Non-Vegetarian,Former,Never,8,7,158,6.8,144,90,106.5,Middle,Low
13041,38,Female,Hyderabad,20.8,No,Moderate,Vegetarian,Former,Occasional,6.5,9,150,6.5,130,80,88.8,High,Low
13044,56,Female,Bengaluru,27.7,Yes,Sedentary,Non-Vegetarian,Former,,7,10,189,7.5,140,100,109.2,Low,Moderate
13047,42,Female,Ahmedabad,30.4,No,Sedentary,Non-Vegetarian,Never,Never,8,1,287,9.7,118,80,112.5,Middle,High
13048,44,Female,Hyderabad,22.7,Yes,Active,Non-Vegetarian,Current,Regular,7.4,5,144,7.2,160,90,94.1,Low,Low
13049,53,Female,Delhi,26.6,No,Sedentary,Non-Vegetarian,Former,Never,8.5,4,137,5.9,154,88,106.8,Low,Low
13050,52,Male,Bengaluru,27.8,No,Moderate,Vegetarian,Never,Never,4.6,10,169,6.6,160,100,114,Low,Moderate
13051,63,Other,Bengaluru,21.7,No,Moderate,Non-Vegetarian,Never,Occasional,5,8,253,8.5,160,87,91.9,Low,High
13053,61,Female,Chennai,31.2,No,Sedentary,Vegetarian,Never,,6,8,185,7.7,140,106,113.2,Middle,Moderate
13054,26,Male,Delhi,22.6,No,Moderate,Non-Vegetarian,Never,Never,8,2,116,6.1,110,96,101.7,High,Low
13056,54,Female,Ahmedabad,25.1,No,Active,Vegetarian,Never,,8.5,6,132,6.5,150,80,107.2,Low,Low
13061,59,Male,Hyderabad,26.2,No,Active,Non-Vegetarian,Never,Occasional,7,5,157,6.1,160,70,111.8,High,Low
13063,52,Male,Hyderabad,26.3,No,Sedentary,Vegetarian,Never,Occasional,6.8,5,206,7.4,140,97,114,Middle,Moderate
13064,50,Male,Delhi,26.2,No,Sedentary,Non-Vegetarian,Former,Occasional,7,6,141,6.5,143,100,109.2,High,Moderate
13065,43,Female,Hyderabad,20.9,Yes,Active,Vegetarian,Never,Regular,8,5,144,6.4,148,82,93.1,Low,Moderate
13066,30,Male,Bengaluru,30.3,No,Active,Non-Vegetarian,Never,Never,8,8,162,6.9,140,90,115.8,Middle,Low
13067,21,Male,Hyderabad,17.6,Yes,Active,Non-Vegetarian,Never,,6,5,162,7.5,142,78,88.3,High,Low
13070,56,Female,Delhi,24.9,Yes,Active,Vegetarian,Never,,7,8,160,6.7,150,92,103.5,Middle,Low
13071,43,Male,Bengaluru,27.6,Yes,Moderate,Vegetarian,Never,Occasional,7.4,8,220,7.8,137,80,113.5,Middle,Moderate
13075,59,Male,Delhi,27.7,Yes,Sedentary,Non-Vegetarian,Never,Never,7,10,248,7.6,154,108,110.3,High,High
13077,38,Female,Hyderabad,19.6,No,Active,Non-Vegetarian,Never,,8.5,6,129,6.1,139,80,87.6,Low,Low
13078,20,Female,Delhi,27.7,No,Moderate,Vegetarian,Current,,7.2,9,194,8,132,80,107,High,Moderate
13080,51,Male,Chennai,17.2,Yes,Active,Non-Vegetarian,Current,Never,10,3,145,6,158,80,94.5,Middle,Low
13081,40,Male,Delhi,15.9,No,Active,Non-Vegetarian,Never,Occasional,7,6,145,6.3,142,78,82.6,Low,Low
13083,59,Male,Ahmedabad,17.4,No,Active,Vegetarian,Never,Never,5,8,158,6.1,150,90,89.1,High,Low
13084,55,Male,Delhi,32,No,Sedentary,Non-Vegetarian,Never,Never,6.5,8,148,6.7,152,90,123.1,High,Low
13088,53,Male,Hyderabad,17.7,No,Active,Non-Vegetarian,Never,Regular,8,6,142,6.2,150,82,89.4,Middle,Low
13090,29,Male,Ahmedabad,33.3,No,Sedentary,Non-Vegetarian,Never,Never,8,10,134,6.4,140,100,132.8,Low,Low
13091,40,Male,Delhi,21.8,Yes,Sedentary,Pescatarian,Former,Never,8,8,163,6.8,116,100,96.7,High,Low
13093,52,Female,Bengaluru,18.8,No,Moderate,Vegetarian,Never,,6.8,8,169,7.1,140,88,86.6,High,Low
13095,44,Male,Delhi,24.6,No,Active,Vegetarian,Never,Never,8,5,132,6.1,150,90,108.8,Middle,Low
13096,48,Male,Delhi,17.5,Yes,Active,Vegetarian,Never,Never,6,7,211,7.1,144,80,87.8,High,Moderate
13097,34,Male,Ahmedabad,21.2,No,Active,Non-Vegetarian,Never,Occasional,7,8,164,7.2,150,80,97.6,Middle,Moderate
13102,35,Male,Chennai,21,No,Active,Non-Vegetarian,Current,Never,8,1,113,5.9,120,75,103.5,Middle,Low
13104,37,Male,Bengaluru,19.8,Yes,Moderate,Non-Vegetarian,Former,Regular,8,6,280,9.7,140,80,91.8,Low,High
13105,42,Male,Chennai,19,No,Moderate,Vegetarian,,,7,7,145,6,132,86,90.1,Middle,Low
13106,23,Male,Hyderabad,17.8,Yes,Moderate,Vegetarian,Never,Occasional,6.5,9,136,6.4,120,90,91.1,High,Low
13111,36,Female,Delhi,25.9,Yes,Moderate,Pescatarian,Never,,7,9,163,7,140,88,107.9,Middle,Low
13113,38,Male,Delhi,23.5,Yes,Moderate,Vegan,Never,Never,6,7,157,6.4,140,86,103.9,Middle,Low
13115,18,Female,Bengaluru,26.1,No,Moderate,Non-Vegetarian,Current,Never,7,8,151,6.2,140,88,108,High,Low
13116,53,Female,Delhi,18.2,Yes,Moderate,Vegetarian,Never,,6,8,148,6.7,150,88,85.5,Middle,Low
13123,37,Female,Ahmedabad,26.6,Yes,Moderate,Vegetarian,Current,Never,8.9,5,227,8.3,140,79,99.8,Middle,High
13124,55,Female,Delhi,25,Yes,Active,Non-Vegetarian,Never,Occasional,6.6,5,173,6.9,136,88,101.2,Middle,Moderate
13126,26,Male,Hyderabad,21.6,Yes,Active,Vegetarian,Never,,9,8,168,6.5,136,90,96.8,Middle,Low
13129,47,Female,Hyderabad,20.4,No,Moderate,Vegetarian,Never,,6,10,168,7,136,106,94.3,Middle,Low
13131,58,Female,Hyderabad,26.8,Yes,Sedentary,Non-Vegetarian,Never,,8,9,247,8.3,160,100,106.3,Middle,High
13132,34,Male,Hyderabad,21.5,Yes,Active,Vegetarian,Former,Occasional,6,3,143,6.4,122,78,98.9,Middle,Low
13133,58,Female,Ahmedabad,21,No,Moderate,Non-Vegetarian,Never,Never,6,5,175,6.9,133,90,95,High,Low
13138,45,Female,Bhopal,20.9,No,Moderate,Pescatarian,Never,Occasional,10,4,180,7.6,140,70,92.8,High,Low
13141,60,Female,Bengaluru,28,Yes,Active,Non-Vegetarian,Never,,7,7,185,7.4,146,90,109.6,Middle,High
13142,42,Female,Delhi,26.8,Yes,Moderate,Vegetarian,Never,Occasional,8,4,138,6.2,144,80,103.1,Middle,Low
13143,54,Female,Delhi,28.1,No,Sedentary,Non-Vegetarian,,Occasional,8,8,203,7.3,140,90,107.7,High,Moderate
13148,46,Female,Bengaluru,24.3,Yes,Active,Vegetarian,Current,,7,7,141,6.3,160,80,101.8,Middle,Low
13150,50,Male,Delhi,29.8,No,Sedentary,Non-Vegetarian,Never,Never,8,6,187,7.7,150,80,122.4,Middle,Moderate
13152,56,Male,Chennai,25,No,Moderate,Non-Vegetarian,Current,,7,3,161,6.8,140,80,104.7,Middle,Low
13153,38,Female,Delhi,21,Yes,Moderate,Non-Vegetarian,Never,Regular,7,7,152,5.6,150,80,91.8,High,Low
13154,33,Female,Bhopal,24.3,No,Sedentary,Non-Vegetarian,Current,Occasional,6.5,2,190,7,120,80,99.3,Middle,Low
13155,33,Female,Delhi,18,Yes,Moderate,Vegetarian,Never,,7,6,114,5.8,130,80,86.3,High,Low
13157,31,Male,Chennai,19.8,Yes,Active,Non-Vegetarian,Current,Never,7,5,191,6.6,130,80,90.8,High,Low
13169,35,Female,Chennai,23.7,No,Moderate,Non-Vegetarian,Never,Occasional,6,8,134,6.5,138,84,95.8,Low,Low
13170,18,Female,Delhi,17.6,No,Active,Non-Vegetarian,Never,Occasional,6.7,6,133,6.6,110,70,80,Middle,Low
13172,39,Male,Hyderabad,16.7,Yes,Active,Vegetarian,Current,Never,8,8,130,6.7,140,96,83.6,Low,Low
13179,47,Female,Ahmedabad,24.4,No,Active,Non-Vegetarian,Never,Never,8,3,136,6.3,121,80,99.7,Low,Low
13181,46,Female,Ahmedabad,16,Yes,Active,Non-Vegetarian,Never,,5,9,140,6.7,120,80,77.4,Middle,Low
13182,50,Male,Ahmedabad,15.2,Yes,Active,Vegetarian,Never,Occasional,5,7,191,7.7,148,100,81.5,Low,Moderate
13185,35,Female,Hyderabad,19.9,Yes,Moderate,Non-Vegetarian,Never,Never,6,10,223,8,132,90,90,,High
13187,39,Female,Delhi,27,No,Sedentary,Pescatarian,Never,,7,8,158,6.6,170,94,105.3,High,Low
13188,45,Male,Bengaluru,20.1,No,Moderate,Non-Vegetarian,Never,Never,7,8,113,5.6,130,88,102.7,Low,Low
13190,61,Male,Delhi,22.2,Yes,Active,Non-Vegetarian,Never,Never,7,6,196,6.9,150,90,99.4,Middle,High
13191,51,Male,Delhi,29.1,No,Sedentary,Non-Vegetarian,Never,Never,7,8,148,6.5,168,90,116.5,Middle,Low
13192,48,Male,Delhi,20.4,Yes,Moderate,Vegetarian,Never,Never,7,7,222,6.9,150,100,91,Middle,High
13193,47,Female,Chennai,21.7,Yes,Active,Vegetarian,Current,,8,4,184,6.8,156,90,93.7,High,Low
13194,22,Male,Chennai,16.6,No,Active,Non-Vegetarian,Never,Never,5,8,116,5.7,130,90,90.7,Low,Low
13195,34,Male,Delhi,21.2,No,Active,Non-Vegetarian,Never,Never,7,7,142,6.9,134,90,100.4,High,Low
13198,55,Male,Delhi,23.8,Yes,Sedentary,Pescatarian,Never,Never,9,6,176,7.4,140,98,105.9,High,Moderate
13201,41,Male,Bengaluru,16.4,No,Moderate,Non-Vegetarian,Never,Never,8,8,109,5.7,140,90,85.5,Middle,Low
13203,60,Male,Delhi,20.8,Yes,Moderate,Vegetarian,Never,Occasional,10,6,159,7.2,140,80,96.6,High,Moderate
13206,24,Female,Chennai,32.1,No,Sedentary,Non-Vegetarian,Never,Never,6,5,153,6.5,128,80,121.9,Middle,Low
13207,18,Male,Bengaluru,16.4,Yes,Active,Vegetarian,Current,Occasional,7,6,89,5.2,122,80,85.4,Middle,Low
13209,59,Female,Ahmedabad,20.2,No,Active,Vegetarian,Former,Occasional,6.5,7,158,6.2,143,90,87.3,Middle,Low
13212,51,Male,Bengaluru,27.7,No,Sedentary,Non-Vegetarian,Current,Never,8,5,144,6.9,137,88,114.6,Middle,Low
13218,33,Male,Ahmedabad,24.9,Yes,Active,Non-Vegetarian,Never,Occasional,10,2,171,6.6,130,79,108.3,Middle,Low
13219,49,Male,Ahmedabad,21.4,No,Moderate,Non-Vegetarian,Never,Never,7,3,136,6,136,80,104.6,Middle,Low
13223,37,Female,Hyderabad,29.8,No,Sedentary,Non-Vegetarian,Former,Regular,7,10,187,7.1,150,80,117.9,High,Low
13230,40,Female,Delhi,26.4,No,Sedentary,Non-Vegetarian,Never,,8.9,6,141,5.7,130,91,107.7,High,Low
13232,48,Male,Bengaluru,20.1,No,Active,Non-Vegetarian,Never,Never,6.5,6,112,5.3,150,80,96.7,Middle,Low
13234,27,Male,Bengaluru,16.6,Yes,Moderate,Vegetarian,,Never,7,7,152,6.6,132,80,88.1,Middle,Low
13236,38,Male,Chennai,17.9,No,Active,Non-Vegetarian,Never,Never,7,6,122,6.1,135,70,90.2,Middle,Low
13237,18,Female,Bengaluru,20.8,No,Active,Non-Vegetarian,Never,Occasional,7,6,114,5.6,120,80,95.4,High,Low
13239,42,Male,Delhi,20.7,No,Sedentary,Vegetarian,Never,Occasional,6,6,133,6.5,156,72,100.3,High,Low
13243,25,Female,Bhopal,17.9,No,Active,Non-Vegetarian,Never,Never,9,3,119,5.4,110,80,82.5,Middle,Low
13245,54,Male,Hyderabad,34.8,No,Moderate,Non-Vegetarian,Current,Occasional,7,8,160,7.2,150,100,138.7,High,Moderate
13247,20,Female,Bhopal,22.2,Yes,Active,Non-Vegetarian,Current,,7,9,182,7.3,130,90,97.6,Middle,Low
13248,65,Male,Ahmedabad,24.2,No,Sedentary,Non-Vegetarian,Current,Never,8,5,164,6.7,150,79,101.6,Middle,Low
13255,47,Female,Chennai,26,No,Sedentary,Vegetarian,Never,Never,8,5,146,5.6,132,80,103.9,Middle,Low
13256,65,Male,Hyderabad,25.1,No,Moderate,Non-Vegetarian,Never,Occasional,6,10,168,7.5,160,80,108.2,High,Moderate
13260,53,Male,Delhi,24.5,No,Sedentary,Vegetarian,Never,,8,4,171,6.5,159,90,103.1,Middle,Moderate
13261,37,Male,Hyderabad,25.8,No,Sedentary,Vegetarian,Former,,7,5,272,9.1,146,72,106.7,Middle,High
13262,67,Female,Hyderabad,26,Yes,Moderate,Non-Vegetarian,Never,,7.3,6,212,8.3,150,90,104.1,Middle,High
13268,43,Female,Bengaluru,19.7,No,Moderate,Non-Vegetarian,Never,Regular,6,6,142,6.1,134,90,90.2,Middle,Low
13273,34,Female,Delhi,34.9,Yes,Sedentary,Vegetarian,Never,Never,6.1,10,160,6.6,147,90,125.9,Middle,Low
13278,53,Female,Delhi,22.8,No,Active,Non-Vegetarian,Never,,6,5,135,6.6,130,90,92.1,High,Low
13282,55,Male,Hyderabad,25.4,Yes,Sedentary,Vegetarian,Current,Never,7.5,3,204,7.5,150,90,109.2,Middle,Moderate
13283,37,Male,Chennai,16.1,No,Active,Vegetarian,Never,Never,6,6,138,6.1,137,80,88.8,High,Low
13285,42,Female,Bengaluru,18.6,Yes,Active,Vegetarian,Never,,7,7,160,6.5,132,90,85.8,,Low
13287,40,Female,Chennai,20.5,No,Active,Vegetarian,Never,,8,5,111,5.9,140,80,89.5,Middle,Low
13288,48,Female,Chennai,26.1,Yes,Moderate,Vegetarian,Never,,8.7,9,186,7.5,140,89,104.5,Middle,High
13289,52,Male,Bhopal,24.6,Yes,Moderate,Non-Vegetarian,Never,,9.4,6,160,6.7,170,92,109,Middle,Moderate
13291,25,Female,Chennai,19.1,Yes,Moderate,Non-Vegetarian,Current,,6.5,6,163,6.5,128,80,90.6,Middle,Low
13292,45,Female,Delhi,21.9,No,Sedentary,Vegetarian,,,9,4,243,8.4,117,90,95.1,High,High
13296,34,Female,Ahmedabad,24.8,Yes,Sedentary,Non-Vegetarian,Never,Occasional,8.2,5,185,7.3,130,90,99,Low,Low
13299,43,Female,Bengaluru,19.3,Yes,Sedentary,Non-Vegetarian,Never,Regular,7,8,151,6.8,130,98,85.9,High,Low
13300,37,Male,Delhi,18.2,No,Active,Non-Vegetarian,Never,Occasional,8,4,127,6,140,90,91.9,Middle,Low
13302,55,Male,Delhi,18.4,Yes,Active,Vegetarian,Never,Never,7,5,209,7.7,158,90,92.3,Low,Moderate
13304,48,Male,Hyderabad,23.3,No,Active,Vegetarian,Never,Never,8,5,160,6.2,140,84,102.4,Low,Low
13308,35,Male,Hyderabad,18.3,No,Active,Non-Vegetarian,Never,Occasional,7,8,126,6,154,91,88.3,High,Low
13309,23,Female,Delhi,19.8,No,Active,Vegetarian,Never,Occasional,7.7,6,186,7,130,80,91.2,,Low
13311,44,Female,Chennai,24.2,No,Sedentary,Non-Vegetarian,Never,Regular,7,7,160,6.3,128,90,101.2,Middle,Low
13312,32,Male,Bengaluru,25.2,No,Moderate,Non-Vegetarian,Current,Occasional,6,8,192,7.2,129,87,107.2,High,High
13313,40,Male,Bengaluru,27.1,No,Sedentary,Non-Vegetarian,Never,Occasional,6,10,162,6.7,150,96,115.4,High,Low
13315,51,Female,Delhi,26.1,No,Sedentary,Vegetarian,Never,Never,7.5,8,147,6.8,150,88,110.7,Middle,Low
13318,53,Male,Bengaluru,31.1,No,Sedentary,Vegetarian,Current,Never,8,6,161,6.6,140,100,128.6,,Low
13320,33,Male,Ahmedabad,26.9,Yes,Moderate,Non-Vegetarian,Never,Occasional,7,4,148,6.2,127,80,112.6,Low,Low
13328,30,Female,Delhi,25.5,No,Sedentary,Non-Vegetarian,Never,,9.8,6,220,7.4,138,98,106.2,High,Low
13329,63,Male,Bengaluru,25.1,Yes,Sedentary,Vegetarian,Former,Never,7,9,201,7.9,182,89,109.8,Low,Moderate
13331,39,Male,Delhi,19.9,No,Sedentary,Non-Vegetarian,Never,Occasional,9,4,115,5.7,120,88,92.7,Middle,Low
13333,40,Female,Bhopal,17.4,No,Active,Vegetarian,Current,,8.6,1,192,7.2,116,70,84,Middle,Low
13336,41,Female,Bengaluru,30.3,No,Moderate,Vegetarian,Current,,6,7,142,6.2,160,93,117.5,Middle,Low
13338,43,Female,Bengaluru,24.2,No,Moderate,Non-Vegetarian,Former,Occasional,6,5,173,6.9,130,80,104,Middle,Low
13343,43,Male,Hyderabad,20.8,No,Active,Non-Vegetarian,Former,Never,8,7,116,5.8,146,84,97,Low,Low
13346,40,Male,Chennai,17.6,No,Active,Non-Vegetarian,Never,Never,8,5,129,6.1,120,74,84.2,Low,Low
13348,47,Female,Hyderabad,18.9,No,Moderate,Non-Vegetarian,Current,,5.5,6,119,5.5,130,90,88.3,Low,Low
13354,47,Female,Hyderabad,29.4,No,Moderate,Non-Vegetarian,Never,Occasional,7,4,153,6.5,150,91,115.1,Middle,Low
13355,39,Male,Chennai,27.7,No,Moderate,Non-Vegetarian,Never,Never,6,5,200,7.5,130,84,112.8,Middle,High
13357,46,Male,Delhi,23.5,No,Moderate,Pescatarian,Never,Occasional,9,6,188,7.5,116,88,103.3,,Low
13358,52,Male,Hyderabad,19.5,Yes,Active,Non-Vegetarian,Never,Regular,6,7,184,7.3,140,86,90.6,Middle,Moderate
13361,63,Female,Bengaluru,28.7,No,Sedentary,Non-Vegetarian,Current,Never,7,2,166,7,154,98,106.9,,High
13363,44,Male,Bhopal,24,Yes,Active,Non-Vegetarian,Never,Never,10,1,127,6.5,137,90,107.6,Middle,Moderate
13366,36,Male,Bhopal,20.5,No,Moderate,Non-Vegetarian,Never,Never,8,4,111,5.6,130,85,95.7,High,Low
13369,59,Other,Chennai,32.8,Yes,Sedentary,Vegetarian,Never,Occasional,7,5,187,6.3,164,100,123.2,Middle,Moderate
13371,58,Male,Delhi,23,No,Moderate,Non-Vegetarian,Current,Never,9,8,165,6.6,136,90,99.2,High,Low
13372,46,Female,Delhi,25.4,Yes,Sedentary,Non-Vegetarian,Never,Never,6.5,6,197,7.1,150,84,104.5,Middle,Moderate
13375,59,Male,Bengaluru,25.5,Yes,Moderate,Pescatarian,Never,Never,7.5,7,246,8.7,156,88,104.8,High,High
13377,44,Male,Delhi,25.1,No,Active,Vegetarian,Never,Never,7,8,400,13.4,140,90,111.6,,High
13379,37,Female,Hyderabad,24.2,No,Active,Non-Vegetarian,Never,,5,9,172,7,150,90,103.6,Middle,Low
13384,56,Male,Delhi,21.8,No,Moderate,Vegetarian,Current,Occasional,6,8,167,6.5,140,88,100.6,Middle,Low
13387,59,Male,Chennai,27.3,Yes,Sedentary,Vegetarian,Never,Never,8,8,304,9.3,150,76,112.9,High,High
13391,45,Female,Ahmedabad,20.7,No,Active,Vegetarian,Never,,6,5,130,5.8,160,74,91.4,Middle,Low
13394,36,Female,Delhi,18.9,Yes,Sedentary,Non-Vegetarian,Never,,10,8,152,6.1,140,87,85.9,Middle,Moderate
13395,42,Male,Chennai,30.8,No,Sedentary,Non-Vegetarian,Never,Never,7.6,5,242,9.2,137,88,126.7,High,High
13396,50,Female,Bhopal,20.1,Yes,Moderate,Non-Vegetarian,Never,Never,8,6,176,6.5,150,76,89.2,Middle,Low
13399,50,Female,Delhi,23.8,No,Moderate,Pescatarian,Never,Never,8,7,204,7.6,150,80,102.5,Low,High
13401,40,Female,Hyderabad,31.3,Yes,Sedentary,Non-Vegetarian,Current,Occasional,6.9,7,187,7.1,160,80,115.8,Low,Low
13405,46,Male,Ahmedabad,21.8,No,Sedentary,Vegetarian,Never,Never,6.5,6,199,8.2,153,90,98.6,Middle,Moderate
13406,47,Male,Bengaluru,20.8,No,Sedentary,Non-Vegetarian,Former,Never,7,9,142,5.9,140,90,96.9,Middle,Low
13407,29,Female,Bengaluru,31.6,Yes,Sedentary,Vegetarian,Never,,7,10,174,6.8,130,90,124.5,High,Low
13415,54,Male,Delhi,30.1,No,Sedentary,Non-Vegetarian,Never,Regular,8,8,147,6.7,156,100,121.5,Low,Low
13418,40,Female,Ahmedabad,23,No,Sedentary,Vegetarian,Former,Never,7.1,5,229,8.2,132,80,99.6,Middle,High
13421,43,Male,Chennai,20.3,No,Active,Non-Vegetarian,Never,Regular,8.5,7,160,6.5,138,84,92.2,Middle,Low
13423,55,Male,Hyderabad,20,Yes,Active,Non-Vegetarian,Never,Never,7.7,4,172,6.7,140,90,97.9,Middle,Moderate
13424,56,Female,Delhi,22.6,Yes,Moderate,Non-Vegetarian,Never,,6,10,278,9.5,150,92,96.8,Low,High
13425,45,Male,Ahmedabad,23.9,No,Moderate,Non-Vegetarian,Never,Regular,9,4,148,6.8,140,80,107.1,Middle,Low
13426,34,Female,Bengaluru,24.4,Yes,Active,Vegetarian,Never,Never,8,5,88,5.4,133,84,98.2,High,Low
13427,41,Female,Bengaluru,27.4,Yes,Sedentary,Non-Vegetarian,Never,,8,8,184,7.6,150,90,102.3,High,High
13430,52,Male,Hyderabad,20.5,No,Active,Vegetarian,Never,Regular,6,7,175,7.3,150,88,95.2,High,Moderate
13431,60,Male,Chennai,29.4,No,Sedentary,Pescatarian,Former,Never,7,6,219,7.3,170,90,117,Middle,Moderate
13436,35,Female,Bhopal,18.8,Yes,Moderate,Non-Vegetarian,Never,,7,7,210,7.5,162,80,86.1,Low,Moderate
13440,47,Male,Chennai,17.2,No,Active,Vegetarian,Former,Never,7.4,8,113,5.6,130,80,88.7,Middle,Low
13442,62,Female,Hyderabad,23.4,No,Sedentary,Vegetarian,,,6.5,7,171,7.3,140,93,99,Middle,Moderate
13443,48,Female,Hyderabad,17.4,No,Active,Vegetarian,Never,Never,7.1,8,159,6.7,140,96,82.4,High,Low
13444,47,Female,Chennai,19.7,Yes,Sedentary,Non-Vegetarian,Never,Never,6.5,7,149,6.4,140,96,92.7,Low,Low
13446,44,Male,Delhi,26,Yes,Sedentary,Pescatarian,Never,Never,8,8,160,6.8,124,80,110,High,Low
13447,46,Female,Hyderabad,19.4,No,Active,Vegetarian,Never,Never,7,5,133,6.5,130,80,92,Middle,Low
13449,54,Male,Delhi,25.2,Yes,Moderate,Non-Vegetarian,Never,,9,2,174,7.2,130,97,103.4,Low,Low
13452,54,Male,Bengaluru,26.4,Yes,Sedentary,Non-Vegetarian,Never,Regular,7.2,6,157,7.2,150,90,114.4,Low,Low
13454,47,Female,Bengaluru,25.4,Yes,Sedentary,Vegetarian,Never,Occasional,7,10,152,6.7,150,96,102.8,Middle,Low
13457,41,Female,Hyderabad,20,Yes,Active,Vegan,Never,,5.5,9,207,8.4,154,96,88.8,Middle,High
13458,53,Female,Delhi,25.1,Yes,Sedentary,Non-Vegetarian,Current,Never,5.6,10,154,7.6,140,94,102.2,High,Moderate
13464,48,Female,Hyderabad,22.5,Yes,Moderate,Non-Vegetarian,Never,,7,9,163,6.5,126,100,99.8,High,Low
13471,39,Female,Bengaluru,29.6,No,Moderate,Non-Vegetarian,Current,Never,8,8,188,7.3,140,100,110.5,Middle,Moderate
13472,19,Female,Bengaluru,28.7,No,Moderate,Non-Vegetarian,Current,Occasional,8.5,8,187,7,150,90,113.4,High,Moderate
13474,41,Female,Delhi,21.2,No,Moderate,Vegetarian,Current,Occasional,6,7,270,8.2,120,90,90.9,Low,High
13477,45,Female,Bengaluru,20.8,No,Moderate,Vegetarian,Never,Regular,8,7,149,6.5,130,100,93.3,Middle,Low
13480,61,Female,Ahmedabad,34.1,Yes,Moderate,Vegetarian,Current,,6,4,307,9.5,152,100,125.5,High,High
13481,24,Male,Delhi,18.1,Yes,Active,Vegetarian,Never,Never,5,6,113,5.8,131,94,93.3,Low,Low
13485,55,Male,Ahmedabad,23.6,No,Sedentary,Vegetarian,Never,,8,8,142,6.4,160,100,102.3,High,Low
13487,38,Male,Bengaluru,17.8,No,Active,Non-Vegetarian,Never,Never,7,7,120,6.1,140,80,89.3,Middle,Low
13489,43,Male,Delhi,21.1,No,Active,Vegetarian,Never,Never,8,6,161,7.2,130,84,98,Middle,Low
13494,63,Male,Bengaluru,29.9,Yes,Sedentary,Non-Vegetarian,Current,Never,9,7,227,8.8,148,104,124.9,Middle,High
13495,46,Male,Bengaluru,24.4,Yes,Active,Non-Vegetarian,Current,Never,7.5,6,188,7.2,144,100,108.3,Middle,Moderate
13499,58,Female,Bengaluru,24.6,No,Moderate,Vegetarian,,,6,7,154,6.8,150,100,105.5,High,Low
13502,50,Male,Ahmedabad,21.6,Yes,Moderate,Non-Vegetarian,Never,Occasional,5.4,10,178,6.9,154,90,99,Middle,Low
13504,47,Female,Delhi,15.6,Yes,Moderate,Vegetarian,,Never,6,8,133,5.9,144,90,78.7,High,Low
13508,65,Female,Bengaluru,22.7,No,Sedentary,Vegetarian,Current,,6,9,154,6.5,140,91,97,Low,Low
13510,28,Female,Hyderabad,18.8,No,Active,Non-Vegetarian,Never,Occasional,7.8,7,103,5.2,120,90,87,High,Low
13511,49,Female,Bengaluru,23.5,No,Moderate,Vegetarian,Never,Never,4.9,9,143,6.7,156,90,97.5,Middle,Low
13512,62,Female,Chennai,25.3,Yes,Active,Vegetarian,Never,,6,7,275,8.4,145,90,101.2,Middle,High
13516,18,Female,Chennai,21.6,Yes,Sedentary,Non-Vegetarian,Never,,7,6,182,7.3,136,72,91.2,Low,Low
13517,45,Female,Bengaluru,21.3,No,Moderate,Vegetarian,Never,Occasional,7,7,127,6.1,140,80,95.7,Low,Low
13520,52,Female,Bengaluru,27.5,No,Sedentary,Vegetarian,Never,,7,7,168,7.2,130,80,109.9,High,Low
13525,44,Male,Bhopal,26.1,Yes,Moderate,Non-Vegetarian,Former,Never,5,8,182,7.1,151,100,111.2,Low,Low
13526,44,Female,Bengaluru,23.8,Yes,Moderate,Non-Vegetarian,Never,Never,8,7,173,6.7,150,80,103.3,Middle,Low
13529,25,Female,Chennai,22.9,No,Active,Non-Vegetarian,Never,Occasional,9,4,174,7.2,112,88,98.1,Middle,Moderate
13530,44,Male,Delhi,25.6,No,Sedentary,Vegetarian,,Never,8,8,156,6.8,150,92,110.9,High,Moderate
13536,41,Male,Bengaluru,22.5,No,Active,Non-Vegetarian,Never,Occasional,7,8,151,6.3,146,90,99,Middle,Low
13537,43,Female,Bengaluru,21.3,No,Active,Non-Vegetarian,Former,Never,7.8,10,147,6.4,141,90,91.5,,Low
13542,40,Female,Hyderabad,18.5,No,Moderate,Vegetarian,Never,Occasional,6,9,136,5.7,144,78,88.9,High,Low
13543,49,Female,Chennai,32.5,Yes,Sedentary,Non-Vegetarian,Current,,7.3,7,154,6.5,149,100,119.3,Middle,Moderate
13545,58,Male,Hyderabad,25,Yes,Moderate,Vegetarian,Former,Occasional,7.2,4,144,6.5,161,90,110.3,High,Low
13546,38,Male,Hyderabad,22.3,No,Active,Non-Vegetarian,Current,Never,5,9,172,7.9,140,98,101.3,Middle,Low
13548,40,Female,Hyderabad,17.7,No,Active,Non-Vegetarian,Never,Occasional,5.3,8,150,6.4,144,80,86.2,,Low
13549,23,Female,Delhi,21.3,No,Moderate,Non-Vegetarian,Never,,6.4,6,145,6.4,140,84,89.7,Middle,Low
13550,48,Female,Delhi,26.5,No,Sedentary,Non-Vegetarian,Never,Never,6,4,223,8.2,140,98,109.6,Low,High
13554,46,Female,Chennai,25,No,Sedentary,Vegetarian,Never,Never,8,9,146,6.4,140,80,104.2,,Low
13555,34,Female,Chennai,27.4,No,Sedentary,Vegetarian,Former,,6.3,6,188,7.4,156,100,104.4,High,High
13556,60,Male,Bengaluru,21.8,No,Moderate,Pescatarian,Former,Occasional,6,5,222,8.2,140,80,96.8,Middle,High
13559,49,Female,Hyderabad,25.1,No,Sedentary,Vegetarian,Never,,7.5,7,197,7.7,152,92,102.2,High,Moderate
13560,53,Female,Hyderabad,19.4,No,Active,Vegetarian,Never,,7,5,128,5.9,130,84,88.1,Low,Low
13561,56,Female,Delhi,26.2,Yes,Sedentary,Non-Vegetarian,Former,Regular,8,8,199,6,160,80,112.2,High,Moderate
13563,46,Male,Chennai,32,No,Moderate,Non-Vegetarian,Current,Never,6.6,7,265,8.4,160,100,131.4,Middle,High
13566,55,Female,Bengaluru,27.3,No,Sedentary,Non-Vegetarian,Current,Occasional,7,4,166,7.5,150,85,115.5,Low,Low
13567,53,Male,Chennai,25.6,No,Moderate,Vegetarian,Never,Occasional,4.7,3,146,6.4,140,80,106.8,High,Low
13571,50,Female,Bengaluru,28.8,No,Sedentary,Non-Vegetarian,Never,,7,7,154,6.8,136,90,113.2,Middle,Low
13572,34,Male,Bengaluru,26.3,No,Moderate,Non-Vegetarian,Never,Never,4.4,10,176,7.5,164,100,109,High,Low
13576,51,Female,Delhi,24.1,No,Active,Non-Vegetarian,Never,Never,8,6,190,7.1,160,81,103.1,Middle,Moderate
13579,27,Male,Hyderabad,18.1,Yes,Active,Vegan,Never,Never,6.7,8,191,7.5,142,78,91.2,,Low
13581,51,Female,Delhi,17.7,No,Active,Vegetarian,Never,Occasional,7.5,7,145,6.6,132,70,85.6,Middle,Low
13587,38,Female,Hyderabad,23.3,No,Sedentary,Non-Vegetarian,Former,Never,9,5,174,7.2,120,80,97.5,High,Low
13590,53,Male,Ahmedabad,23.7,Yes,Moderate,Vegetarian,Current,Never,8,5,253,8.2,150,80,105.9,Middle,High
13591,40,Female,Bengaluru,23.1,No,Sedentary,Vegetarian,Never,,7,4,120,5.9,130,80,103.4,Middle,Low
13592,32,Male,Bengaluru,22.4,Yes,Active,Non-Vegetarian,Never,Never,6.5,8,159,7.1,150,104,99.3,High,Low
13593,40,Male,Ahmedabad,19.2,No,Active,Non-Vegetarian,Former,Occasional,8,4,105,5,130,70,94.2,Middle,Low
13594,33,Female,Chennai,27,No,Moderate,Vegetarian,Never,,8,8,161,6.8,136,90,108.2,Middle,Low
13602,54,Female,Chennai,23,No,Moderate,Vegetarian,Current,,7,8,167,7,148,90,95.9,Middle,Moderate
13603,48,Female,Chennai,21.5,Yes,Moderate,Non-Vegetarian,Never,Occasional,7,5,145,6.7,140,80,92,Low,Moderate
13605,40,Female,Delhi,19.7,No,Active,Non-Vegetarian,Current,,7,7,153,6.9,150,90,91.4,Middle,Low
13607,52,Female,Bhopal,25,Yes,Moderate,Vegetarian,Former,Occasional,9,2,140,6.3,120,90,102.9,Middle,Low
13608,39,Male,Bengaluru,21.8,No,Moderate,Vegetarian,Never,Occasional,7,10,183,7.2,150,88,99.8,High,Low
13612,43,Male,Chennai,30.1,Yes,Sedentary,Vegetarian,Never,Never,7,8,179,6.7,136,100,123,Low,Moderate
13616,51,Male,Delhi,24,No,Sedentary,Non-Vegetarian,Never,Regular,7,6,172,7,136,70,102.9,High,Low
13623,54,Male,Ahmedabad,24.6,No,Sedentary,Non-Vegetarian,Never,Occasional,7.5,3,175,6.6,134,90,104.6,Low,Low
13624,54,Male,Hyderabad,21.1,No,Active,Vegetarian,Current,Never,5.5,9,157,6.6,120,80,96.4,High,Moderate
13625,60,Male,Bengaluru,26.7,No,Sedentary,Non-Vegetarian,Current,Occasional,9,8,247,9.5,150,95,107.5,High,High
13630,30,Female,Bengaluru,25.9,No,Sedentary,Pescatarian,Never,Occasional,7.8,9,192,7.9,125,80,108.4,High,Moderate
13634,50,Female,Hyderabad,32,No,Sedentary,Non-Vegetarian,,,6.8,6,197,7.1,166,95,122.6,Middle,Moderate
13635,19,Male,Hyderabad,24.4,No,Moderate,Non-Vegetarian,Never,,5,9,143,5.9,123,80,107.6,High,Low
13638,37,Male,Ahmedabad,21.1,Yes,Active,Non-Vegetarian,Current,Never,7.5,5,179,7.2,140,80,98.1,Middle,Moderate
13639,28,Female,Delhi,18.6,Yes,Moderate,Vegetarian,Never,Never,5,7,174,7.7,130,70,85.6,Middle,Moderate
13642,55,Female,Bhopal,29.4,No,Sedentary,Vegetarian,Current,Regular,7,3,186,6.9,140,91,116.1,Low,Moderate
13643,21,Male,Bengaluru,21.1,No,Active,Non-Vegetarian,Never,Occasional,7,6,166,6.4,150,80,97.8,Middle,Low
13646,46,Female,Ahmedabad,23.9,No,Moderate,Vegetarian,Never,Occasional,7,5,161,7.3,160,90,107.4,Middle,Moderate
13647,57,Female,Delhi,29,No,Sedentary,Non-Vegetarian,Never,Occasional,7.6,6,166,7,170,88,111,High,Low
13651,46,Male,Hyderabad,34.7,No,Sedentary,Non-Vegetarian,Never,Regular,8.9,6,194,8,140,94,130.3,Low,Moderate
13653,21,Male,Chennai,15.1,No,Active,Non-Vegetarian,Former,Regular,6.3,7,109,5.4,128,89,82.8,High,Low
13654,59,Male,Hyderabad,22.1,No,Sedentary,Non-Vegetarian,,Never,8,7,118,6.1,144,96,98.5,Low,Low
13656,39,Male,Bengaluru,23.7,Yes,Active,Vegetarian,,Occasional,6,8,162,6.9,140,84,105.1,High,Moderate
13662,47,Female,Bengaluru,22.8,Yes,Sedentary,Vegetarian,Current,Occasional,6,6,184,7,142,100,94.2,High,Moderate
13664,34,Male,Chennai,19.3,No,Active,Non-Vegetarian,Never,Occasional,8,7,179,7,150,80,89.2,High,Moderate
13667,32,Female,Bhopal,20.5,No,Active,Non-Vegetarian,Never,Occasional,5.6,8,167,6.9,130,80,90,Low,Low
13670,28,Female,Delhi,17.9,Yes,Active,Vegetarian,Never,,6,7,120,6,120,90,82.6,Middle,Low
13674,56,Male,Delhi,31.3,No,Sedentary,Non-Vegetarian,Never,Never,8,4,170,7.2,134,100,126.8,High,Moderate
13679,33,Female,Delhi,25.1,No,Active,Non-Vegetarian,Never,Regular,8.5,5,158,6.2,132,90,99.7,Middle,Low
13682,45,Female,Bengaluru,18.7,No,Active,Non-Vegetarian,Never,Occasional,7.5,7,120,5.5,120,92,90.1,High,Low
13683,46,Female,Ahmedabad,31.2,Yes,Moderate,Non-Vegetarian,Never,Never,9,7,151,6.5,140,90,121.2,Middle,Low
13685,47,Male,Chennai,20.2,Yes,Active,Vegetarian,Never,Never,7.5,8,139,6.6,150,80,92.4,Middle,Low
13686,34,Male,Chennai,20,Yes,Active,Non-Vegetarian,Current,Never,7,8,166,6.8,136,80,93.8,High,Low
13689,63,Female,Hyderabad,21.5,No,Sedentary,Non-Vegetarian,Never,Never,5,9,176,6.9,140,90,92.4,Low,Moderate
13691,18,Male,Bengaluru,18.6,No,Moderate,Vegetarian,Current,Regular,7,7,115,5.8,120,76,90.8,Low,Low
13692,44,Female,Chennai,20.7,No,Active,Vegetarian,Never,Never,6,8,207,8,160,72,92.2,High,High
13694,57,Female,Bengaluru,21.5,No,Active,Non-Vegetarian,Former,Occasional,7,9,136,5.9,146,87,90,Middle,Low
13695,52,Female,Chennai,30.2,No,Sedentary,Vegetarian,Current,,8,9,204,8,150,91,111.7,High,High
13700,47,Male,Bengaluru,24.5,Yes,Active,Vegetarian,Current,Never,7,2,199,7.6,140,78,106.5,High,Moderate
13702,27,Male,Delhi,22.2,Yes,Active,Vegetarian,Never,Regular,8.5,7,137,6.1,138,84,99.5,High,Low
13703,41,Female,Chennai,22.5,Yes,Sedentary,Non-Vegetarian,Never,,8,7,158,6.7,150,70,97,Middle,Low
13705,43,Female,Hyderabad,22.4,No,Active,Non-Vegetarian,Never,Never,9,7,157,6.8,146,90,95.9,Middle,Low
13707,26,Female,Chennai,17.6,No,Moderate,Non-Vegetarian,Former,Never,8,6,194,7.3,130,91,84.4,High,Low
13712,42,Male,Delhi,24.2,Yes,Moderate,Vegetarian,Never,Occasional,7,6,189,7.1,150,80,104,Middle,High
13713,42,Male,Bengaluru,18.2,No,Active,Non-Vegetarian,Current,,9,8,159,6.2,130,96,95.1,Middle,Moderate
13717,36,Female,Chennai,15,Yes,Active,Vegetarian,Never,Never,6.5,6,113,5.5,120,80,77.4,High,Low
13718,50,Female,Bengaluru,27,No,Sedentary,Non-Vegetarian,Never,Occasional,6,7,174,6.8,145,90,106.1,Middle,Moderate
13719,60,Female,Ahmedabad,19.8,No,Moderate,Vegetarian,Current,Never,7,8,164,6.6,147,108,94.1,High,Low
13720,37,Male,Hyderabad,25.3,No,Moderate,Non-Vegetarian,Never,Never,7,4,184,7.3,130,90,113.9,High,High
13726,47,Male,Hyderabad,24.6,No,Moderate,Vegetarian,,Occasional,5.5,7,167,7.1,135,90,106.5,Low,Low
13728,58,Male,Delhi,20.4,No,Sedentary,Vegetarian,Never,Never,5.5,8,165,6.7,150,87,91.8,Middle,Low
13733,34,Female,Delhi,23.9,No,Sedentary,Non-Vegetarian,Former,,6.9,7,184,6.3,120,80,104.2,Middle,Low
13734,36,Female,Ahmedabad,19.7,No,Moderate,Non-Vegetarian,Current,,8,4,207,7.8,120,70,90.2,High,High
13735,39,Female,Bengaluru,19,No,Moderate,Non-Vegetarian,Former,Never,9,5,152,6.4,140,88,85.1,Low,Low
13740,30,Female,Bengaluru,21,Yes,Active,Vegetarian,Never,Never,8,7,143,6.3,140,80,92.8,Middle,Low
13744,36,Male,Ahmedabad,21.9,No,Active,Non-Vegetarian,Never,Occasional,9,2,147,6.1,120,76,100.4,Middle,Low
13745,43,Female,Bengaluru,23,No,Active,Non-Vegetarian,Never,Occasional,8,8,143,6.3,116,88,96.1,Middle,Low
13748,45,Male,Chennai,16.9,No,Moderate,Non-Vegetarian,Never,Never,7,7,175,7.2,130,80,86.4,Low,Low
13750,48,Female,Delhi,22.7,No,Moderate,Vegetarian,Current,Occasional,6,9,222,8,160,80,99.3,Middle,High
13751,58,Female,Delhi,18.9,Yes,Active,Non-Vegetarian,Former,,9,5,156,6.1,160,82,90,Middle,Low
13754,46,Female,Bengaluru,24.5,Yes,Active,Non-Vegetarian,Current,,6,4,221,6.7,150,72,104.8,,High
13755,49,Female,Bengaluru,21.4,No,Active,Non-Vegetarian,Never,Never,6.3,10,146,6.6,120,100,96.5,High,Low
13757,23,Female,Bengaluru,20.9,No,Active,Non-Vegetarian,,Never,6,6,154,6.5,130,80,92,Middle,Low
13759,42,Male,Delhi,17.1,No,Active,Non-Vegetarian,Former,Never,7,7,143,6.5,150,79,86.7,High,Low
13760,64,Male,Hyderabad,23.9,Yes,Sedentary,Non-Vegetarian,Never,Occasional,7,5,195,7.7,160,90,108.6,Middle,Low
13762,42,Male,Ahmedabad,24.5,No,Sedentary,Vegetarian,Never,Regular,6.5,7,188,7,144,89,109.6,Middle,Moderate
13764,55,Male,Hyderabad,26.6,Yes,Sedentary,Non-Vegetarian,Never,Never,6.4,5,133,6.5,160,80,109.2,Middle,Low
13765,48,Male,Bengaluru,21.8,No,Moderate,Non-Vegetarian,Never,Never,9,6,169,7.1,130,80,103.4,High,Low
13769,36,Female,Bhopal,28.2,Yes,Sedentary,Non-Vegetarian,Never,Regular,6,4,206,7.5,128,100,109.4,High,Low
13771,62,Male,Bhopal,23.1,Yes,Sedentary,Non-Vegetarian,,Occasional,7,6,189,6.8,150,100,106.4,Middle,High
13773,56,Female,Chennai,28.5,No,Sedentary,Pescatarian,Current,Occasional,6.2,8,166,6.7,130,102,105.7,High,Low
13776,49,Female,Ahmedabad,25.6,No,Moderate,Vegetarian,Never,Never,6.5,9,176,6.6,150,90,108.1,Middle,Low
13779,49,Male,Bengaluru,20.7,No,Moderate,Vegetarian,Current,Never,8,6,165,6.8,140,80,94.7,Low,Low
13781,23,Male,Bengaluru,24.4,No,Moderate,Vegetarian,Never,Occasional,7,9,157,6.7,140,100,104.7,Middle,Low
13782,56,Male,Ahmedabad,20.7,Yes,Active,Pescatarian,Never,,7.7,6,172,7.9,134,91,98.7,Middle,Moderate
13783,43,Female,Bengaluru,27,No,Moderate,Non-Vegetarian,Current,Never,9,4,179,6.9,160,92,109.1,Middle,Moderate
13784,50,Male,Chennai,24.3,No,Moderate,Non-Vegetarian,Never,Regular,8,5,147,6.6,134,84,103.1,Low,Low
13786,37,Female,Bengaluru,17.3,Yes,Active,Vegetarian,Current,,5,7,171,7.4,150,60,83.4,Middle,Low
13787,21,Male,Hyderabad,22.3,Yes,Active,Non-Vegetarian,Never,,7,8,132,5.8,124,93,99.9,Middle,Low
13788,37,Male,Hyderabad,24,Yes,Moderate,Non-Vegetarian,Never,Never,6.8,8,146,6,143,93,106.2,High,Low
13789,45,Male,Hyderabad,27.4,Yes,Moderate,Non-Vegetarian,Never,Never,8.9,4,162,6.9,136,80,114.6,High,Low
13793,36,Male,Bengaluru,21.6,No,Active,Vegetarian,Never,Regular,8,5,112,6.2,130,96,106.5,Middle,Low
13797,55,Female,Ahmedabad,25.4,No,Active,Non-Vegetarian,Never,Never,9,9,168,6.7,150,104,105.5,Low,Moderate
13798,40,Female,Delhi,17.5,No,Active,Non-Vegetarian,Former,Never,10,5,91,5.6,144,90,83,Middle,Low
13800,18,Male,Delhi,15,No,Active,Vegetarian,Never,,7,4,80,5.1,112,72,79.1,Low,Low
13804,42,Female,Hyderabad,24.7,No,Moderate,Non-Vegetarian,Never,Never,9,5,102,5.6,130,90,105.1,Middle,Low
13805,52,Male,Chennai,27.5,Yes,Sedentary,Vegetarian,Never,Never,8,8,221,7.9,160,100,108.6,Low,High
13808,55,Female,Ahmedabad,22.6,Yes,Active,Non-Vegetarian,Never,Occasional,10,1,172,6.9,120,76,95.3,Low,Moderate
13809,32,Male,Ahmedabad,17.8,No,Active,Non-Vegetarian,Never,Never,7,3,116,5.7,120,85,88.6,Middle,Low
13812,68,Male,Chennai,23.7,No,Sedentary,Vegetarian,Current,Occasional,5.2,7,172,7.1,150,92,107.6,High,Moderate
13813,60,Male,Bengaluru,31.7,Yes,Sedentary,Non-Vegetarian,Former,Never,6,7,179,6.4,162,90,125,Middle,Moderate
13814,47,Female,Hyderabad,22,No,Sedentary,Vegetarian,Never,Occasional,5.6,8,191,6.1,147,80,93.8,High,Low
13815,58,Male,Bengaluru,23.3,No,Moderate,Non-Vegetarian,Never,,7,7,185,6.9,140,84,104.6,High,Low
13816,41,Female,Delhi,29,Yes,Sedentary,Vegetarian,Current,,7,6,224,7.8,154,100,113.2,Middle,High
13820,59,Female,Ahmedabad,24,Yes,Sedentary,Non-Vegetarian,Never,Never,8,10,186,7.6,150,99,99.2,High,Low
13822,35,Female,Delhi,22.1,No,Active,Non-Vegetarian,Never,Regular,6,10,203,7.3,128,90,96.3,Middle,Moderate
13826,41,Male,Ahmedabad,22.1,No,Active,Non-Vegetarian,Current,Occasional,7,7,164,6.2,130,80,98,Middle,Low
13827,35,Female,Ahmedabad,23,Yes,Moderate,Non-Vegetarian,Never,,5,8,211,8.5,160,88,95.6,Low,High
13829,47,Male,Bhopal,27.1,No,Moderate,Pescatarian,Never,Never,8,5,145,6.4,148,92,106.5,Middle,Low
13830,41,Male,Ahmedabad,27.2,Yes,Sedentary,Non-Vegetarian,Never,Occasional,8,6,154,6.7,146,88,111.5,Low,Low
13832,44,Female,Bhopal,27.5,Yes,Sedentary,Vegetarian,Former,Never,7,6,219,8.5,130,80,106.7,Middle,High
13833,60,Male,Bengaluru,25.3,Yes,Moderate,Vegan,Never,Regular,6.3,8,158,6.4,136,90,109.8,Middle,Moderate
13834,41,Female,Ahmedabad,17.4,Yes,Moderate,Vegetarian,Never,,6,6,150,6.7,136,70,83.7,Low,Low
13836,25,Female,Bengaluru,21.6,No,Active,Non-Vegetarian,Never,Occasional,10,3,100,5.3,120,80,99,Low,Low
13839,54,Male,Delhi,20,No,Active,Non-Vegetarian,Never,Occasional,8,6,134,5.5,130,80,89.1,Middle,Low
13841,33,Male,Hyderabad,23.7,No,Moderate,Vegan,Former,Never,8,7,266,9,140,80,101.2,High,High
13842,52,Male,Ahmedabad,22.6,No,Moderate,Vegetarian,Current,Never,6,9,174,6.3,140,86,100.5,Middle,Low
13844,58,Male,Hyderabad,20.8,Yes,Moderate,Non-Vegetarian,Never,Occasional,8,2,184,7.1,150,89,94.1,Low,Low
13845,35,Female,Bengaluru,15,No,Active,Non-Vegetarian,Never,Occasional,6.3,8,200,7.3,116,80,82.5,Middle,Low
13846,59,Male,Chennai,20.7,No,Moderate,Non-Vegetarian,Never,Occasional,6.5,6,170,6.8,140,90,100.5,Middle,Low
13847,56,Female,Bengaluru,25.6,No,Moderate,Vegetarian,Never,,7,9,307,9.7,140,90,100.8,High,High
13848,44,Male,Hyderabad,28.2,No,Moderate,Non-Vegetarian,Never,Never,7,8,181,6.6,150,88,111.9,Middle,Moderate
13851,44,Male,Hyderabad,25.9,Yes,Moderate,Non-Vegetarian,Never,Never,8,3,191,7.9,140,80,114.3,High,Moderate
13857,39,Male,Delhi,22.1,Yes,Sedentary,Vegan,Current,Never,7,10,180,7.4,146,85,101.7,High,Moderate
13862,38,Female,Bengaluru,27.8,No,Sedentary,Vegetarian,Current,,4.9,10,229,8.8,143,92,109,Middle,High
13863,41,Male,Bengaluru,24.3,Yes,Moderate,Non-Vegetarian,Current,Regular,7.5,4,162,6.7,125,78,106.3,High,Low
13865,41,Female,Ahmedabad,18.8,Yes,Active,Vegan,,Never,9,7,191,7.1,140,94,89,Low,Moderate
13866,40,Female,Bengaluru,21.3,No,Active,Pescatarian,Never,Never,7,4,143,6.7,124,80,94.7,Middle,Low
13870,52,Male,Delhi,21.4,No,Active,Non-Vegetarian,Never,,9,6,158,6.5,140,92,97.5,Middle,Low
13873,31,Female,Hyderabad,20.3,No,Active,Non-Vegetarian,Never,Never,8,5,120,5.9,130,90,86.5,Middle,Low
13874,56,Male,Bengaluru,22.8,No,Active,Vegetarian,Never,,8,5,186,7,154,80,103.3,Middle,Moderate
13876,67,Male,Ahmedabad,24.1,No,Moderate,Non-Vegetarian,Never,Never,6.1,5,208,8.2,144,84,101,,High
13877,23,Male,Delhi,25.2,No,Active,Vegetarian,Former,Occasional,5.5,5,146,6.4,120,72,104.6,Middle,Moderate
13880,46,Male,Chennai,25.8,Yes,Sedentary,Vegetarian,Never,Occasional,6,10,158,6.8,156,98,106.6,Middle,Moderate
13882,45,Female,Bengaluru,31.1,Yes,Sedentary,Vegetarian,Never,Never,6,6,193,7.7,130,95,122.1,Middle,Moderate
13884,29,Female,Bengaluru,21.5,Yes,Sedentary,Non-Vegetarian,Never,Never,7,3,148,6.7,136,80,95.2,Middle,Low
13886,45,Female,Delhi,25.3,Yes,Moderate,Non-Vegetarian,Never,Occasional,8,6,164,6.3,140,90,101.8,High,Low
13887,36,Male,Delhi,31.3,Yes,Sedentary,Vegetarian,Never,Occasional,7,5,189,7,145,110,126,High,Moderate
13892,31,Male,Delhi,24.3,No,Active,Non-Vegetarian,Never,Occasional,8,4,183,6.8,130,80,100.9,Middle,Low
13897,29,Male,Bengaluru,24.6,Yes,Moderate,Vegetarian,Never,Never,8,8,262,9.2,130,84,108.5,High,High
13900,38,Female,Chennai,28.5,Yes,Active,Vegetarian,Never,,7,6,149,6.5,141,96,107.6,Low,Low
13902,43,Male,Hyderabad,22.3,No,Sedentary,Non-Vegetarian,Never,Occasional,7,6,141,6.2,150,90,99.4,High,Low
13904,42,Male,Chennai,15,No,Moderate,Non-Vegetarian,Never,,8,5,113,6,132,80,80.9,Middle,Low
13905,39,Female,Bengaluru,22,No,Active,Non-Vegetarian,Current,Never,6,7,120,6,147,81,93,High,Low
13906,34,Male,Bengaluru,18.3,Yes,Active,Vegetarian,Never,Occasional,8,4,144,7.1,150,80,94.6,Low,Low
13908,41,Female,Bhopal,17.9,Yes,Sedentary,Non-Vegetarian,Never,,5.5,7,228,8.2,140,88,83.9,High,Moderate
13909,41,Male,Delhi,26.8,No,Sedentary,Vegetarian,Never,Occasional,7,10,160,6.9,160,100,116.8,Middle,Moderate
13910,38,Female,Hyderabad,19.1,No,Active,Non-Vegetarian,Never,Regular,5,9,153,6.9,140,90,85.9,Middle,Low
13919,54,Male,Hyderabad,19.7,Yes,Moderate,Vegetarian,Never,Occasional,8,10,248,8.5,158,98,99.7,High,High
13920,31,Female,Delhi,16.1,No,Sedentary,Vegetarian,Never,,7,8,111,5.9,130,80,78.1,High,Low
13924,29,Male,Bengaluru,16.7,No,Active,Non-Vegetarian,Never,Never,7,8,178,7.5,118,87,88.3,High,Low
13927,27,Female,Hyderabad,23,Yes,Moderate,Non-Vegetarian,Never,Regular,6,9,139,6,140,90,100.7,Middle,Low
13928,32,Female,Delhi,23.1,No,Sedentary,Vegetarian,Current,Occasional,7,7,139,6.5,128,80,97.4,Middle,Low
13929,40,Female,Ahmedabad,18,Yes,Active,Vegetarian,Never,Regular,6.9,5,171,6.7,140,90,85.4,High,Low
13931,39,Female,Delhi,18.8,Yes,Sedentary,Non-Vegetarian,Current,Never,8,4,173,7.1,130,90,88.1,Low,Moderate
13932,30,Male,Delhi,19.7,No,Active,Non-Vegetarian,Never,Regular,7,7,174,7.2,116,72,93.8,Middle,Low
13933,46,Female,Bhopal,24.5,Yes,Active,Non-Vegetarian,Former,Never,6.3,6,191,7.5,149,90,100.9,Middle,Low
13934,45,Male,Hyderabad,20.2,No,Active,Non-Vegetarian,Former,Never,8,7,109,5.2,128,100,94.2,Middle,Low
13936,46,Female,Ahmedabad,23.9,Yes,Sedentary,Non-Vegetarian,Never,Never,9,9,169,6.5,144,94,98.8,Low,Low
13938,44,Female,Bengaluru,20.6,No,Sedentary,Non-Vegetarian,Never,Regular,8,5,138,5.9,140,80,88.2,Middle,Low
13941,48,Female,Delhi,21.3,Yes,Active,Vegetarian,Current,Regular,7,6,241,8.3,152,81,97,Middle,High
13942,53,Female,Ahmedabad,20.2,No,Moderate,Non-Vegetarian,Never,,6.5,9,160,6.6,154,80,93.3,Middle,Low
13943,18,Male,Delhi,19.6,Yes,Active,Non-Vegetarian,Never,Occasional,9,3,220,8,110,90,93.3,,Moderate
13944,61,Female,Hyderabad,30,No,Sedentary,Vegetarian,Current,Occasional,6,8,213,7.4,160,90,118.7,High,Moderate
13949,21,Male,Delhi,21.8,No,Moderate,Vegetarian,Never,,7,5,131,6.3,130,73,102.2,High,Low
13950,57,Male,Bengaluru,31.5,No,Sedentary,Non-Vegetarian,Never,Regular,8,5,219,8.4,152,97,121.2,Middle,High
13951,51,Male,Bengaluru,21.2,No,Active,Pescatarian,Never,Occasional,7.1,5,196,7.9,140,100,94.7,Middle,Moderate
13956,58,Male,Bhopal,20.8,No,Moderate,Non-Vegetarian,Never,Never,6,5,158,6.9,150,84,92,High,Low
13957,23,Male,Hyderabad,25.3,No,Moderate,Non-Vegetarian,Current,Occasional,6,8,161,6.7,120,80,108.9,High,Low
13963,46,Female,Chennai,21.8,Yes,Sedentary,Vegetarian,,,7.5,5,137,5.9,150,90,92.4,Middle,Low
13964,51,Male,Chennai,18.9,Yes,Active,Vegetarian,,Occasional,4,9,196,6.6,137,90,91.4,Middle,Moderate
13965,63,Female,Ahmedabad,24.6,No,Moderate,Non-Vegetarian,Current,Regular,8,3,155,6.4,148,98,104.4,Middle,Low
13970,48,Female,Ahmedabad,18.6,No,Moderate,Vegetarian,,Occasional,7,2,113,5.3,130,90,84.6,Middle,Low
13972,53,Male,Hyderabad,23.7,No,Sedentary,Non-Vegetarian,Never,Never,8,7,201,7.3,160,90,106.6,,Moderate
13973,49,Male,Bengaluru,21.4,No,Active,Vegetarian,Never,Never,6.5,7,184,7,130,88,98.5,Middle,Low
13978,56,Female,Bengaluru,17,No,Active,Vegetarian,Never,Occasional,7,5,116,5.6,140,80,83,High,Low
13979,57,Female,Hyderabad,26.8,Yes,Moderate,Non-Vegetarian,Current,Occasional,7,6,184,7.1,156,96,107.4,Middle,Moderate
13981,29,Male,Hyderabad,20.9,No,Moderate,Non-Vegetarian,Current,Occasional,8,2,76,5.1,120,80,98.6,Middle,Low
13983,46,Male,Bengaluru,25.4,No,Sedentary,Non-Vegetarian,Never,Occasional,8,4,153,6.1,140,80,106.4,Middle,Low
13984,62,Female,Hyderabad,24.8,Yes,Active,Non-Vegetarian,Current,,7,5,215,7.8,140,80,102.9,Middle,High
13985,55,Female,Delhi,28.4,Yes,Moderate,Non-Vegetarian,Current,,7.8,6,163,6.8,170,80,116.8,Middle,Moderate
13986,41,Female,Bengaluru,22,No,Moderate,Non-Vegetarian,Former,Occasional,7,7,155,7,140,90,96.3,Middle,Low
13987,47,Male,Bhopal,21.7,Yes,Sedentary,Non-Vegetarian,Current,Never,7.7,5,177,7.3,147,77,99.7,Low,Moderate
13989,42,Male,Hyderabad,20.2,No,Moderate,Vegetarian,Never,Never,6.5,9,119,6,140,91,98.4,,Low
13991,47,Female,Delhi,21.3,Yes,Active,Non-Vegetarian,Current,Occasional,9,5,220,7,132,80,91.6,Middle,Moderate
13993,40,Male,Ahmedabad,26.5,No,Moderate,Non-Vegetarian,Never,Never,7,2,114,5.4,134,90,113.3,Middle,Low
13996,51,Male,Delhi,23.5,No,Sedentary,Vegetarian,,Occasional,9,6,149,6.9,138,90,98.7,Middle,Low
13998,51,Female,Chennai,23.4,Yes,Sedentary,Non-Vegetarian,Former,,7,8,140,6.5,140,90,102.4,High,Low
14002,48,Male,Bengaluru,20.7,No,Moderate,Non-Vegetarian,Current,,6,9,170,7,142,90,93.1,High,Moderate
14004,37,Male,Bhopal,23.6,No,Moderate,Non-Vegetarian,Never,Never,9,2,130,6.4,120,80,103.2,Middle,Low
14010,28,Female,Delhi,21.9,No,Active,Non-Vegetarian,Former,,7,10,147,6.8,128,103,94.7,High,Low
14011,54,Male,Delhi,17.7,No,Moderate,Non-Vegetarian,Never,Occasional,8.4,4,98,5.6,134,70,90.8,Middle,Low
14013,36,Female,Bengaluru,25.3,Yes,Sedentary,Non-Vegetarian,Current,,7.5,7,187,7,120,80,102.3,High,Moderate
14015,53,Female,Chennai,20.6,No,Sedentary,Non-Vegetarian,Never,,5,6,236,8,110,82,93.2,High,High
14016,60,Female,Hyderabad,20.2,Yes,Active,Vegetarian,Never,Occasional,8,9,207,7.8,170,100,91.8,Middle,Moderate
14017,47,Male,Chennai,19.7,No,Moderate,Non-Vegetarian,Current,,8,4,179,6.8,160,75,92.2,Middle,Low
14020,62,Female,Delhi,23.2,No,Moderate,Non-Vegetarian,,Occasional,7.5,7,163,6.2,160,87,101.5,Middle,Low
14022,46,Female,Ahmedabad,22.6,Yes,Sedentary,Vegetarian,Never,,6,6,171,6.7,134,80,99.8,Middle,Moderate
14024,33,Female,Delhi,20.8,Yes,Active,Non-Vegetarian,Never,Never,6,7,199,8,136,110,89,Middle,High
14025,32,Male,Delhi,22,Yes,Moderate,Non-Vegetarian,Current,Regular,8,7,155,6.5,120,89,99.3,High,Low
14026,32,Male,Ahmedabad,18.7,Yes,Active,Vegetarian,Never,Occasional,8,4,307,8.7,130,80,95.1,Middle,High
14027,52,Male,Delhi,21.9,No,Moderate,Vegetarian,Current,Occasional,7,6,156,7,129,80,98.5,Middle,Low
14028,47,Male,Hyderabad,29.5,No,Sedentary,Non-Vegetarian,Never,Never,6,4,163,7.3,156,94,120.1,Middle,Low
14029,35,Male,Hyderabad,21.3,No,Moderate,Non-Vegetarian,Never,Occasional,5,10,204,7.5,131,80,97.5,Middle,Moderate
14030,29,Male,Bengaluru,17.8,No,Sedentary,Non-Vegetarian,Current,Never,7.8,6,101,5.6,148,75,86.8,High,Low
14031,48,Female,Bengaluru,26.4,Yes,Moderate,Vegetarian,Current,Occasional,7.9,6,267,9.3,150,90,108.9,Middle,High
14037,39,Female,Ahmedabad,17.1,No,Moderate,Vegetarian,Never,,7.5,3,113,5.6,130,70,83.6,Low,Low
14043,49,Male,Chennai,23.2,No,Moderate,Vegetarian,Never,Occasional,6,8,156,6.7,140,100,104.4,High,Moderate
14045,48,Male,Hyderabad,26.8,Yes,Sedentary,Vegetarian,Never,Never,8,5,162,7.4,157,93,106.3,Middle,High
14047,44,Female,Hyderabad,29.2,No,Sedentary,Non-Vegetarian,Former,Never,8,7,224,8.8,150,110,112.6,Low,High
14049,40,Female,Bengaluru,31.3,Yes,Sedentary,Vegetarian,Never,Occasional,8,5,169,6.8,144,92,123.5,Low,Low
14050,60,Male,Bengaluru,19.6,Yes,Active,Vegetarian,Never,Never,7,5,168,7.3,140,92,93.3,Middle,Moderate
14051,53,Female,Ahmedabad,22.8,No,Active,Non-Vegetarian,Current,Never,7.3,3,175,7.1,140,70,99,Middle,Moderate
14052,47,Female,Ahmedabad,20,No,Moderate,Non-Vegetarian,Current,,7,4,181,7,140,84,89.8,Middle,Low
14053,53,Female,Ahmedabad,29.5,No,Sedentary,Non-Vegetarian,Never,Regular,7,6,193,7.6,132,88,108.3,Middle,High
14054,43,Female,Ahmedabad,20,No,Moderate,Non-Vegetarian,Never,,8,3,110,5.4,140,80,88.3,Low,Low
14056,58,Female,Ahmedabad,27.6,Yes,Moderate,Non-Vegetarian,Current,,9,6,181,7.8,162,92,107.2,Low,High
14059,21,Female,Bengaluru,20.1,No,Active,Vegetarian,Never,Occasional,6,10,186,7,134,90,93.4,High,Low
14061,34,Female,Bengaluru,25.5,Yes,Sedentary,Vegetarian,Current,,7,9,179,6.3,150,80,107.2,High,Low
14062,41,Female,Delhi,15.8,No,Moderate,Vegetarian,Former,Occasional,7.7,7,148,6,120,90,77.4,High,Low
14064,44,Female,Delhi,23.3,No,Active,Non-Vegetarian,Never,,8,10,171,6.5,146,90,100,High,Low
14066,45,Female,Hyderabad,27,Yes,Sedentary,Non-Vegetarian,Former,Occasional,4.5,10,232,8.2,170,90,105,High,High
14068,46,Male,Delhi,23.3,Yes,Active,Pescatarian,,Occasional,7,7,116,5.7,156,96,103,Middle,Low
14070,34,Female,Delhi,20.5,No,Active,Vegetarian,Never,,5,5,109,5.9,120,89,93.7,Middle,Low
14078,44,Male,Bengaluru,21.8,No,Active,Vegetarian,Never,Regular,7,7,177,6.8,134,90,96.7,Middle,Low
14079,47,Female,Ahmedabad,24.7,Yes,Sedentary,Non-Vegetarian,Never,,7,4,155,6.3,130,100,99.5,Middle,Low
14080,49,Female,Hyderabad,21.1,No,Active,Vegetarian,Former,Never,7.5,5,202,7.6,130,90,96.7,Middle,Moderate
14081,44,Male,Hyderabad,27.4,Yes,Sedentary,Non-Vegetarian,Never,Never,7,7,266,8.4,120,84,112.7,Middle,High
14083,47,Female,Hyderabad,31,Yes,Moderate,Vegetarian,Never,Occasional,6,6,209,8.2,150,83,121,Middle,Moderate
14084,43,Male,Bengaluru,21.4,Yes,Sedentary,Non-Vegetarian,Current,Never,8,7,197,7.6,141,90,98.6,High,High
14091,54,Female,Delhi,25.9,Yes,Active,Vegetarian,Current,Never,8.2,6,161,7.4,140,88,102.5,High,Low
14092,60,Female,Bhopal,21.9,No,Active,Non-Vegetarian,Never,Never,5,2,186,7.6,140,97,93.5,Middle,Moderate
14096,49,Female,Hyderabad,25.2,Yes,Moderate,Non-Vegetarian,Never,Occasional,8,6,171,7.4,132,80,100.1,Middle,Moderate
14097,40,Male,Ahmedabad,24.1,Yes,Sedentary,Non-Vegetarian,Never,Occasional,8,5,192,7.3,130,84,108.1,Middle,High
14101,31,Male,Hyderabad,24.8,Yes,Moderate,Non-Vegetarian,,Occasional,7,9,134,6.1,140,92,112.3,High,Low
14102,42,Female,Ahmedabad,21.3,No,Moderate,Non-Vegetarian,Current,Regular,8.5,1,117,5.8,133,80,93.2,Low,Low
14103,42,Female,Bengaluru,21.3,No,Moderate,Non-Vegetarian,Never,Never,7,9,191,6.4,148,83,95.3,High,Low
14106,18,Male,Delhi,25.1,Yes,Active,Vegetarian,Never,Never,8,3,194,8,130,79,105.7,Middle,Moderate
14107,20,Female,Chennai,21.3,No,Active,Non-Vegetarian,Never,Never,8,8,211,8,120,80,93.5,Low,Moderate
14108,49,Male,Ahmedabad,36,No,Sedentary,Vegetarian,Never,Occasional,7,8,164,6.9,130,100,141.1,Middle,Moderate
14110,37,Male,Chennai,18.5,No,Moderate,Non-Vegetarian,Never,Never,6.2,7,166,6.8,140,90,89,High,Moderate
14111,53,Male,Hyderabad,25.9,No,Moderate,Vegetarian,Current,Regular,6.9,6,178,7.7,150,92,111.9,High,Moderate
14112,44,Male,Chennai,24.5,No,Sedentary,Non-Vegetarian,Never,Occasional,5.5,6,160,6.6,120,90,108.3,,Low
14113,56,Female,Ahmedabad,26.3,Yes,Moderate,Non-Vegetarian,Never,Never,8,5,175,6.8,156,95,111.6,Middle,Moderate
14114,44,Female,Bhopal,22.1,No,Sedentary,Non-Vegetarian,Never,Never,7,7,138,6.3,139,90,94.6,Low,Low
14115,26,Female,Bengaluru,18.7,Yes,Moderate,Non-Vegetarian,Current,,5.7,9,154,6.9,140,79,92.3,High,Low
14121,29,Male,Chennai,20.3,Yes,Active,Non-Vegetarian,Never,Never,7.5,5,149,6.4,130,70,95.9,Low,Low
14122,47,Female,Delhi,27.8,Yes,Sedentary,Vegetarian,Never,Regular,7.6,6,164,6.7,152,90,108.5,,Moderate
14123,43,Female,Ahmedabad,23.5,No,Sedentary,Vegetarian,Never,Occasional,7,7,180,7.6,140,75,96,Middle,Moderate
14127,53,Female,Chennai,27.9,Yes,Moderate,Non-Vegetarian,Never,Never,7,5,181,7.4,144,90,108,Middle,Moderate
14129,56,Female,Chennai,24,No,Moderate,Non-Vegetarian,Former,Never,6.9,10,146,6,160,109,99.8,High,Low
14130,39,Female,Chennai,17.5,No,Active,Vegetarian,Never,Occasional,9,6,179,7.3,140,70,88.8,High,Low
14132,38,Male,Delhi,20,No,Active,Non-Vegetarian,Current,Never,7,4,114,6.1,130,80,98.7,Low,Low
14133,42,Male,Hyderabad,28.5,No,Sedentary,Vegetarian,Former,Never,7,4,153,6.6,148,90,120.9,High,Low
14138,36,Male,Delhi,34.2,No,Sedentary,Non-Vegetarian,Never,,9,6,141,6.1,150,80,124.3,High,Low
14140,40,Female,Bengaluru,25.6,No,Sedentary,Non-Vegetarian,Never,,8,6,152,6.3,132,80,108.4,High,Low
14142,46,Male,Delhi,27.1,No,Moderate,Non-Vegetarian,Former,Never,8,4,191,7.1,149,90,108.9,Middle,Moderate
14144,60,Female,Bengaluru,30.6,Yes,Sedentary,Non-Vegetarian,Never,,7,9,171,7,170,102,116.3,High,Moderate
14148,26,Male,Hyderabad,21.4,No,Sedentary,Non-Vegetarian,Never,Never,7,7,155,7.4,140,60,99.9,Low,Low
14149,50,Male,Hyderabad,16.9,Yes,Active,Vegetarian,Never,Occasional,9,8,252,8.7,150,90,90.6,Low,High
14153,39,Male,Delhi,17.8,Yes,Moderate,Non-Vegetarian,Never,Never,7,6,148,6.5,160,80,83.6,High,Low
14154,42,Female,Bengaluru,19.3,No,Active,Non-Vegetarian,Never,,8,6,200,7.7,140,83,91.5,Middle,Moderate
14155,34,Male,Bengaluru,24.8,Yes,Active,Vegetarian,Former,Occasional,8.5,3,204,7.6,110,90,108.4,Middle,Moderate
14156,43,Male,Chennai,28.3,Yes,Moderate,Pescatarian,Never,Never,6.5,8,206,7.7,160,84,117.7,High,High
14157,19,Male,Bengaluru,15,Yes,Active,Non-Vegetarian,Never,,8.8,5,146,6.6,130,70,81.9,Middle,Low
14159,41,Male,Ahmedabad,21,Yes,Sedentary,Vegetarian,Never,Never,7,8,238,8.4,150,110,98.9,High,High
14160,48,Female,Ahmedabad,22.4,Yes,Moderate,Vegan,Never,Occasional,8,6,181,6.2,130,100,93.7,Low,Low
14161,40,Male,Hyderabad,27.6,Yes,Moderate,Vegetarian,Current,Occasional,7.5,6,148,6.7,120,90,113.4,Middle,Moderate
14162,53,Male,Bengaluru,25.5,No,Sedentary,Non-Vegetarian,Never,Never,8,5,199,7.8,144,90,103.9,Middle,Moderate
14164,32,Male,Delhi,18.7,Yes,Moderate,Vegetarian,Never,Occasional,6.5,7,119,6.4,132,70,88.5,Middle,Low
14166,61,Female,Chennai,24.5,No,Sedentary,Non-Vegetarian,Never,,9.7,7,157,6.3,132,90,100.8,High,Low
14169,48,Male,Delhi,24.9,No,Sedentary,Non-Vegetarian,Never,Never,7,8,146,6.2,150,89,109.5,High,Low
14171,44,Female,Hyderabad,15.9,Yes,Active,Non-Vegetarian,Never,,8,9,171,6.7,149,84,79.7,High,Low
14173,44,Female,Ahmedabad,25.6,No,Moderate,Non-Vegetarian,Current,,7,4,159,6.4,130,86,100.6,Low,Low
14176,33,Female,Bhopal,15.1,Yes,Active,Non-Vegetarian,Never,Occasional,9,6,96,5.3,136,80,76.5,Middle,Low
14178,38,Male,Delhi,21.1,No,Active,Vegetarian,Current,Occasional,6,7,111,5.8,126,80,99.6,Low,Low
14186,47,Male,Chennai,30.6,No,Sedentary,Vegetarian,Former,,8.5,3,160,7.1,140,90,122.2,Middle,Moderate
14187,65,Female,Bengaluru,20.3,No,Sedentary,Non-Vegetarian,Never,,7.1,7,141,6.8,160,84,89.5,Middle,Low
14190,42,Male,Chennai,22.8,Yes,Active,Non-Vegetarian,Current,Occasional,6,3,118,6.1,128,80,100.3,Middle,Low
14191,40,Female,Ahmedabad,20.9,No,Sedentary,Vegetarian,Never,Never,8,6,162,6.6,136,70,95.9,Low,Low
14192,51,Female,Delhi,24.2,Yes,Moderate,Non-Vegetarian,Never,Occasional,8,4,135,6.2,137,90,103.8,Middle,Low
14193,50,Female,Chennai,20.6,No,Active,Non-Vegetarian,Never,Never,8,8,162,6.7,140,88,91,Middle,Low
14200,61,Male,Hyderabad,28.4,No,Sedentary,Vegetarian,Current,Occasional,7.2,8,168,6.6,140,90,125,Middle,Moderate
14201,43,Male,Hyderabad,19.8,Yes,Moderate,Vegetarian,Never,Occasional,7.9,7,165,6.6,140,70,94.7,Low,Low
14202,60,Male,Hyderabad,23.5,No,Moderate,Non-Vegetarian,Never,Never,8.4,7,160,6.2,150,85,106.4,Middle,Low
14203,42,Male,Ahmedabad,31.8,Yes,Moderate,Vegetarian,Never,Occasional,7,6,161,6.4,144,96,116.9,Middle,Moderate
14204,50,Male,Ahmedabad,24.7,Yes,Active,Non-Vegetarian,Former,Never,8.7,1,250,8.3,140,78,108.8,Low,High
14206,55,Male,Delhi,18.3,No,Active,Non-Vegetarian,Never,Never,9,8,143,6.6,160,92,90.1,Low,Low
14207,44,Male,Hyderabad,16.8,No,Active,Vegetarian,Never,Never,7,6,157,7,143,90,86.5,Low,Low
14208,59,Female,Ahmedabad,32.5,No,Sedentary,Non-Vegetarian,Never,Occasional,7,2,171,7.1,150,90,122.3,Middle,Low
14209,34,Male,Delhi,21.6,No,Sedentary,Non-Vegetarian,Never,Never,8,7,136,6.6,120,90,95.2,Middle,Low
14213,24,Male,Delhi,24,No,Sedentary,Non-Vegetarian,Former,Never,7,8,119,6.1,134,78,103.4,Middle,Low
14215,41,Male,Bengaluru,15.6,No,Active,Vegan,Current,Regular,8,7,170,6.9,140,81,82.8,Middle,Low
14216,42,Female,Hyderabad,22.1,No,Sedentary,Vegetarian,Never,,9,7,150,6.3,140,90,99.1,High,Low
14218,57,Female,Hyderabad,24,No,Sedentary,Non-Vegetarian,Never,,6.2,10,189,7.3,140,100,100.1,Middle,Moderate
14221,50,Female,Delhi,21.2,No,Active,Vegetarian,Former,Never,7,5,144,6.9,130,100,94,High,Low
14222,44,Male,Delhi,26.3,No,Sedentary,Vegetarian,Former,Occasional,6.7,9,232,7.7,150,88,114,Low,High
14223,35,Female,Delhi,23,Yes,Sedentary,Non-Vegetarian,Never,Occasional,7.2,7,190,7.5,120,88,96.7,High,Moderate
14224,62,Male,Bengaluru,28.5,Yes,Sedentary,Vegetarian,Never,Regular,6,7,273,8.2,160,96,117.2,High,High
14227,39,Male,Chennai,20.5,No,Active,Non-Vegetarian,Former,Never,7,5,184,7,130,86,98.2,Low,Moderate
14230,52,Female,Chennai,21.8,No,Moderate,Non-Vegetarian,Current,Never,8,8,150,6.5,130,96,93.2,Middle,Moderate
14235,45,Male,Hyderabad,23.2,Yes,Moderate,Non-Vegetarian,Never,Never,6.7,8,171,7.4,133,90,107,Middle,Moderate
14236,51,Male,Delhi,29.6,No,Moderate,Non-Vegetarian,Never,Occasional,7,8,169,6.5,160,100,116.4,Low,Low
14239,48,Male,Delhi,29.5,No,Sedentary,Non-Vegetarian,Never,Never,6.1,5,168,6.9,140,100,120.4,High,Low
14240,57,Female,Delhi,23.3,Yes,Active,Vegetarian,Never,,7,5,229,8,140,90,96.9,Middle,High
14242,51,Female,Hyderabad,26.2,No,Active,Non-Vegetarian,Never,Occasional,7,5,165,6.4,150,90,103.8,Low,Moderate
14243,36,Male,Bengaluru,19.7,No,Active,Non-Vegetarian,Never,Occasional,8.2,6,151,6.2,142,80,92.5,Low,Low
14245,41,Male,Chennai,27,No,Sedentary,Vegetarian,Never,Occasional,8,6,218,7.7,150,84,109.7,High,Moderate
14248,49,Male,Ahmedabad,19,Yes,Active,Vegetarian,Never,Occasional,8,2,130,5.8,150,80,91,Middle,Low
14251,26,Male,Bengaluru,19.8,No,Active,Non-Vegetarian,,,7.8,5,118,5.6,120,90,99.6,High,Low
14255,33,Female,Delhi,24,No,Moderate,Non-Vegetarian,Current,Regular,8.6,7,236,7.5,136,82,95.4,Middle,High
14257,55,Male,Delhi,27.3,No,Sedentary,Vegetarian,Current,Never,7,4,144,6.2,150,74,109.7,Middle,Low
14261,49,Female,Bengaluru,21.8,No,Active,Non-Vegetarian,Former,,6,6,142,6.2,140,80,93.8,Middle,Low
14263,55,Female,Bengaluru,27.1,No,Sedentary,Vegetarian,Never,Never,8.5,6,146,5.8,140,80,108.2,High,Low
14264,36,Male,Hyderabad,22.8,Yes,Active,Vegetarian,Current,Never,6.8,5,182,7.6,150,80,95,Middle,Moderate
14268,39,Female,Delhi,20.8,No,Active,Vegetarian,,Occasional,6,8,170,6.3,140,90,93.3,Middle,Low
14270,46,Other,Chennai,23,No,Moderate,Vegetarian,Never,,8.2,6,106,5.6,150,90,98.1,Middle,Low
14273,44,Female,Delhi,28.3,Yes,Sedentary,Non-Vegetarian,Never,Occasional,7,6,158,7.1,140,85,116.2,High,Moderate
14279,46,Male,Delhi,25.5,No,Sedentary,Non-Vegetarian,Never,Occasional,7,10,174,6.5,150,82,110.4,High,Low
14283,64,Male,Bengaluru,20.6,No,Sedentary,Non-Vegetarian,Never,,8,6,262,8.6,148,86,96.1,Low,High
14285,59,Female,Ahmedabad,22.9,Yes,Moderate,Vegetarian,Former,,9,1,184,7.3,136,80,102.7,Middle,Moderate
14286,23,Female,Ahmedabad,19.9,No,Active,Vegetarian,Never,Never,8,4,105,5.8,125,80,91.8,Low,Low
14287,43,Male,Bengaluru,29,Yes,Sedentary,Non-Vegetarian,Never,Never,5,10,196,7.3,160,90,117.8,Middle,Moderate
14290,35,Female,Hyderabad,24,Yes,Moderate,Vegetarian,Former,Occasional,8.6,6,160,6.5,135,89,103.5,Middle,Low
14292,51,Male,Hyderabad,26.6,No,Moderate,Vegetarian,Current,Occasional,9,5,176,7.3,140,78,111.8,Middle,Moderate
14294,45,Male,Hyderabad,24.2,No,Moderate,Vegetarian,Never,Occasional,9,10,168,6.7,146,90,103.1,High,Low
14296,56,Female,Delhi,27.3,No,Sedentary,Non-Vegetarian,Never,Occasional,6,10,172,7.5,150,100,114.3,High,Moderate
14299,36,Male,Ahmedabad,22,No,Moderate,Non-Vegetarian,Current,,10,7,185,6.8,130,80,99.8,High,Low
14300,28,Female,Bengaluru,17.8,Yes,Active,Non-Vegetarian,Never,Occasional,7,8,168,6.6,134,82,82.2,Middle,Low
14301,55,Male,Bengaluru,27.9,Yes,Sedentary,Non-Vegetarian,Never,Never,7.3,7,186,7.4,152,86,112.7,High,High
14303,28,Male,Ahmedabad,24.7,Yes,Active,Vegetarian,Never,Occasional,8,5,158,6.6,128,90,107.4,Middle,Low
14308,49,Female,Bengaluru,20,Yes,Sedentary,Non-Vegetarian,Never,Regular,5.5,8,171,7.1,140,80,88,High,Low
14309,41,Female,Chennai,29.1,Yes,Sedentary,Non-Vegetarian,Current,,7,5,166,6.8,150,98,118.5,High,Low
14311,61,Male,Delhi,17.1,No,Sedentary,Vegetarian,Current,Occasional,6.5,7,186,7.2,130,100,88.7,Middle,Moderate
14315,46,Female,Delhi,20,Yes,Moderate,Non-Vegetarian,Never,Occasional,7,4,153,6.9,135,76,95.4,High,Low
14318,54,Female,Bengaluru,20,Yes,Sedentary,Vegan,Never,Never,7,5,196,7.3,160,85,86.5,Low,Low
14322,39,Male,Bengaluru,24,Yes,Moderate,Vegetarian,Never,Occasional,7.5,8,276,9.4,130,80,105.8,High,High
14324,60,Female,Hyderabad,28.1,No,Moderate,Non-Vegetarian,Never,Never,6,9,223,8.4,148,90,107.1,Middle,High
14325,20,Female,Chennai,16.5,No,Active,Vegan,Never,Never,8,4,134,6.2,128,70,80.3,Middle,Low
14326,62,Male,Chennai,26.1,No,Sedentary,Non-Vegetarian,Current,Never,7,8,188,7.6,180,90,116.3,High,High
14327,49,Male,Delhi,25.1,No,Sedentary,Non-Vegetarian,Current,Occasional,8.5,4,118,5.9,140,90,104.4,Middle,Low
14330,48,Male,Delhi,23.5,Yes,Sedentary,Vegan,Former,Never,9,6,153,6.6,130,80,106.9,High,Moderate
14331,54,Female,Hyderabad,24,Yes,Sedentary,Vegetarian,Current,Occasional,7,7,180,7.5,140,96,101.2,Middle,Moderate
14332,57,Female,Ahmedabad,23.9,No,Sedentary,Vegetarian,Never,,8.5,6,204,7.4,163,90,99.4,Low,Moderate
14333,27,Female,Chennai,21.4,No,Sedentary,Pescatarian,Never,Occasional,6.1,6,118,5.9,130,90,95.2,Middle,Low
14340,46,Female,Chennai,15,Yes,Active,Non-Vegetarian,Never,Occasional,7.6,6,179,7.3,135,80,81.4,Middle,Moderate
14341,36,Female,Bengaluru,22.6,Yes,Sedentary,Vegetarian,Current,,7,6,265,8.1,130,80,91.5,High,High
14342,35,Male,Delhi,27.6,Yes,Active,Non-Vegetarian,Never,,8,8,167,6.9,150,90,114.8,Middle,Low
14343,43,Female,Ahmedabad,24.5,No,Active,Non-Vegetarian,Never,Occasional,7.4,7,249,8.9,160,90,98.2,Middle,High
14344,44,Male,Ahmedabad,20.7,Yes,Moderate,Non-Vegetarian,Never,Occasional,9,1,132,6.5,120,90,100.2,Low,Low
14347,41,Female,Bhopal,20.5,No,Active,Non-Vegetarian,Current,Occasional,8,3,198,7.1,130,84,92.1,,High
14350,53,Male,Ahmedabad,25.9,No,Sedentary,Vegetarian,,,7,2,168,6.6,140,77,111.5,Middle,Low
14353,55,Female,Delhi,29.3,Yes,Sedentary,Vegetarian,Former,,6,8,176,6.7,140,90,116.7,Middle,High
14355,35,Female,Bengaluru,24.2,No,Moderate,Vegetarian,Former,,6,9,157,6.5,140,102,106.3,High,Low
14356,19,Female,Delhi,20.9,Yes,Moderate,Vegetarian,Never,,5.3,8,115,5.7,130,76,90,Middle,Low
14361,55,Male,Ahmedabad,24.2,No,Sedentary,Non-Vegetarian,Never,,6.7,3,162,6.7,142,68,98.9,Low,Moderate
14362,58,Male,Bengaluru,21.6,No,Moderate,Non-Vegetarian,Never,,9,3,180,7.3,144,84,98.8,Low,Low
14366,35,Female,Chennai,15.8,No,Active,Non-Vegetarian,Current,Occasional,8,5,175,6.6,132,80,81.6,High,Low
14367,35,Female,Bengaluru,17.7,Yes,Active,Non-Vegetarian,Never,Never,7,4,111,5.7,130,90,84.5,Middle,Low
14369,37,Male,Ahmedabad,27,No,Moderate,Non-Vegetarian,Never,Never,7,7,196,7.4,136,80,117.9,Middle,Low
14373,31,Female,Hyderabad,22.7,No,Moderate,Non-Vegetarian,Never,Never,8,8,184,6.9,160,90,96.2,High,Low
14375,50,Male,Chennai,19.1,No,Active,Non-Vegetarian,Current,Occasional,6,9,109,6.1,160,96,94.3,High,Low
14377,40,Female,Bengaluru,22.2,No,Moderate,Non-Vegetarian,Never,Occasional,8.5,5,141,6.6,160,96,93.6,Low,Low
14379,59,Female,Delhi,23.4,No,Moderate,Non-Vegetarian,Current,Never,6.3,7,212,8,150,91,95.1,Low,High
14382,37,Female,Ahmedabad,22,No,Active,Vegetarian,Never,,8,3,86,5.2,151,80,96.2,Middle,Low
14383,29,Male,Delhi,22.1,Yes,Active,Pescatarian,Never,Never,6,5,132,6.1,150,86,100.5,,Low
14385,39,Female,Delhi,26.9,No,Sedentary,Non-Vegetarian,Former,Regular,8.1,4,166,7.1,140,83,111.4,Middle,Low
14386,48,Male,Chennai,24.7,No,Sedentary,Vegetarian,Never,Never,7,6,138,6.8,140,90,113.9,Middle,Moderate
14390,35,Female,Chennai,23,Yes,Active,Non-Vegetarian,Never,,7,7,196,7.2,136,80,101.6,High,High
14392,40,Female,Bengaluru,23.8,Yes,Moderate,Vegetarian,Never,,8,6,182,6.6,120,84,96.9,High,Moderate
14394,54,Female,Chennai,19.7,No,Active,Vegetarian,Never,,9,1,147,6.4,133,80,94.8,Middle,Low
14398,45,Male,Delhi,27.6,No,Moderate,Vegetarian,Never,Never,7.3,7,187,6.9,150,90,108.8,High,Moderate
14401,46,Male,Hyderabad,23.2,Yes,Sedentary,Non-Vegetarian,Never,Regular,6.3,7,186,7.5,144,90,104.2,Middle,Low
14402,39,Female,Delhi,18.3,No,Active,Non-Vegetarian,Current,,7,3,115,5.9,124,80,88.7,Middle,Low
14405,50,Male,Delhi,28.4,No,Moderate,Non-Vegetarian,Never,Occasional,6,6,180,7.8,150,100,118.9,Middle,Low
14411,42,Female,Bengaluru,24.2,No,Active,Non-Vegetarian,Current,Never,6,9,192,7.1,140,82,100.2,Middle,Low
14413,31,Female,Bengaluru,22.7,No,Active,Vegetarian,Current,Occasional,8,3,141,6.2,128,78,100,Low,Low
14415,55,Male,Ahmedabad,23.3,No,Sedentary,Non-Vegetarian,Never,Never,7,6,167,7.4,132,80,101.3,High,Moderate
14416,57,Female,Bhopal,29.7,Yes,Active,Vegetarian,Never,Occasional,8.5,4,147,6.4,148,94,114.3,High,Low
14417,31,Male,Delhi,23.6,Yes,Moderate,Vegetarian,Never,Occasional,6,6,181,7.3,142,84,106,High,Moderate
14419,44,Male,Delhi,22.8,No,Active,Vegetarian,Current,Regular,6.3,10,206,7.5,150,84,95.3,High,Moderate
14422,50,Male,Delhi,22.2,Yes,Sedentary,Non-Vegetarian,Never,Never,6,9,149,6.3,148,97,99.3,High,Low
14431,44,Female,Hyderabad,19.7,No,Active,Non-Vegetarian,Never,Never,6,6,276,9.7,130,76,85.7,Low,High
14433,28,Male,Bengaluru,26.2,No,Moderate,Non-Vegetarian,Never,Occasional,8.1,4,151,6.4,130,80,116.9,Low,Low
14434,53,Male,Ahmedabad,23.1,Yes,Sedentary,Non-Vegetarian,Former,Occasional,7,7,181,7.2,150,90,103.2,Middle,Moderate
14439,50,Female,Ahmedabad,24.3,No,Moderate,Non-Vegetarian,Current,,5.6,5,188,7.8,132,90,100.6,Middle,Moderate
14440,35,Male,Delhi,18.6,No,Moderate,Vegetarian,Never,Never,6,8,151,6.4,142,70,95.3,Middle,Low
14442,43,Female,Delhi,18.8,Yes,Active,Vegetarian,Never,Occasional,8.4,7,209,7.3,150,80,89.3,High,High
14445,53,Female,Ahmedabad,26.6,No,Moderate,Non-Vegetarian,Current,Never,7,5,200,8,140,93,113.2,Low,High
14446,40,Female,Ahmedabad,19.6,No,Active,Non-Vegetarian,Current,Never,7.1,5,171,6.6,140,80,91.7,Middle,Low
14448,48,Female,Ahmedabad,27.3,Yes,Sedentary,Vegetarian,Current,,7,6,174,6.9,134,91,104.4,Low,Moderate
14449,58,Female,Hyderabad,27.4,Yes,Sedentary,Non-Vegetarian,Never,,8,2,167,6.9,150,80,106.3,Middle,Moderate
14452,50,Male,Delhi,28.4,No,Sedentary,Pescatarian,Never,Never,6.3,4,200,7,140,80,116.6,Middle,High
14453,49,Female,Bengaluru,17.6,No,Sedentary,Vegetarian,Current,Occasional,7.5,9,151,7,146,100,77.9,High,Low
14455,42,Female,Chennai,15,Yes,Active,Vegetarian,Never,Occasional,7,6,180,7,124,73,81.3,Middle,Moderate
14461,37,Female,Delhi,18.6,Yes,Active,Vegetarian,Never,,6,9,177,7.8,140,90,84.7,Middle,Moderate
14463,39,Male,Bengaluru,20.3,No,Active,Vegetarian,Never,Occasional,8,2,149,6.4,120,80,96.9,Middle,Low
14468,61,Male,Ahmedabad,28.3,Yes,Sedentary,Non-Vegetarian,Never,,7,10,172,6.9,164,90,110.3,High,Low
14470,60,Female,Ahmedabad,18.7,No,Active,Vegetarian,Never,Never,7,5,214,8.3,148,90,87.9,Middle,High
14472,45,Male,Bengaluru,23.2,No,Moderate,Non-Vegetarian,Never,Regular,6,8,146,5.9,136,100,103.4,High,Low
14473,34,Female,Hyderabad,20.5,No,Active,Vegetarian,Never,,7,8,209,8.2,128,88,90.3,Middle,High
14475,45,Male,Delhi,26.6,No,Sedentary,Non-Vegetarian,Former,Occasional,6,5,177,7.4,140,90,111.9,High,Moderate
14476,33,Male,Ahmedabad,19.7,No,Active,Vegan,Never,Regular,7,5,125,5.8,120,70,92.6,Middle,Low
14477,46,Male,Ahmedabad,22.8,Yes,Moderate,Vegetarian,Never,Occasional,8,7,207,7.4,140,70,104.5,Low,Low
14479,43,Male,Bengaluru,24,No,Sedentary,Vegetarian,Never,Occasional,7,7,198,7.2,140,94,105.1,High,Moderate
14480,52,Female,Hyderabad,31.2,No,Sedentary,Non-Vegetarian,Never,,6.8,10,227,8.7,170,100,116.6,Middle,High
14481,57,Female,Hyderabad,17.4,No,Active,Vegetarian,Never,Occasional,7,4,184,7.1,134,80,86.8,Middle,Moderate
14485,50,Male,Ahmedabad,29.7,No,Moderate,Vegetarian,Current,Never,8,5,160,7,160,80,114.9,Middle,Low
14487,57,Female,Bengaluru,22,Yes,Active,Vegetarian,Never,,7,7,224,7.9,148,86,90.8,Middle,Low
14489,43,Male,Bengaluru,21.5,No,Sedentary,Non-Vegetarian,Never,,6.5,7,141,5.7,150,92,98.3,Middle,Low
14490,23,Male,Hyderabad,27.2,No,Active,Vegetarian,Current,Never,8,6,136,6.1,129,81,110.1,High,Low
14491,53,Male,Hyderabad,21.9,No,Moderate,Vegetarian,Never,Never,8.4,7,190,7.4,170,90,101.6,Middle,Moderate
14493,50,Female,Bhopal,26.6,No,Sedentary,Non-Vegetarian,Current,Regular,8,7,155,5.8,150,94,110.4,High,Low
14494,35,Female,Hyderabad,21.6,No,Active,Pescatarian,Never,Never,7,10,93,5,140,94,92.4,Low,Low
14498,18,Female,Bhopal,23.1,Yes,Active,Non-Vegetarian,Never,Never,6,5,140,6.1,120,70,91.5,Low,Low
14501,41,Male,Bengaluru,17.1,Yes,Sedentary,Non-Vegetarian,Never,Occasional,9.5,6,152,6,150,87,88.2,Middle,Low
14503,35,Male,Delhi,32.2,No,Moderate,Vegetarian,Never,Occasional,7,8,203,7.6,140,96,124.2,High,Moderate
14509,59,Male,Bengaluru,35.5,Yes,Sedentary,Non-Vegetarian,Never,Occasional,8,4,278,8.3,148,103,134.1,Middle,High
14511,43,Female,Delhi,20.1,No,Sedentary,Pescatarian,Current,,7,5,153,6.6,160,81,93.8,Low,Low
14512,56,Male,Ahmedabad,25.1,Yes,Sedentary,Vegetarian,Never,Never,7.5,7,166,6.6,140,89,107.5,Middle,Low
14513,46,Male,Bengaluru,16.9,No,Active,Non-Vegetarian,Never,Never,8,2,111,5.5,132,76,85.1,Low,Low
14514,50,Male,Delhi,23.3,Yes,Sedentary,Vegetarian,Former,Never,9,7,172,7.4,140,90,107.3,Low,Moderate
14515,49,Female,Bengaluru,19.5,No,Active,Non-Vegetarian,Never,,7,4,149,6.8,130,84,86.1,,Low
14516,41,Female,Delhi,30.4,No,Sedentary,Non-Vegetarian,Never,Occasional,8,7,207,7.3,140,90,117.5,High,High
14518,51,Female,Delhi,28.2,Yes,Moderate,Non-Vegetarian,Never,,9,3,176,6.7,130,93,108,,Moderate
14520,40,Female,Bhopal,21.5,No,Sedentary,Vegetarian,Never,,6,4,182,6.7,130,90,96.4,High,Low
14521,33,Male,Bhopal,21.4,No,Moderate,Vegan,Never,Never,6.5,6,145,6.5,120,80,94.6,Middle,Low
14523,43,Female,Bengaluru,22.9,No,Moderate,Non-Vegetarian,Never,Occasional,9.3,5,145,6.6,128,80,96.3,Middle,Low
14524,37,Female,Delhi,20.8,No,Sedentary,Non-Vegetarian,Never,Regular,7,9,177,7.3,119,80,93.1,High,Low
14530,50,Male,Bengaluru,24.6,No,Moderate,Vegetarian,Never,Occasional,8,5,129,6,160,92,105.4,High,Low
14531,61,Female,Chennai,26,No,Sedentary,Non-Vegetarian,Never,,9,6,149,7,164,80,105,High,Low
14532,55,Female,Bengaluru,19.9,No,Moderate,Non-Vegetarian,Never,Occasional,8,7,200,7.5,140,90,89.5,High,Moderate
14534,34,Female,Hyderabad,22.5,No,Active,Vegetarian,Current,,7,9,184,7.8,134,96,94.9,High,Moderate
14535,55,Female,Delhi,26.6,No,Moderate,Vegetarian,Current,,6.5,7,148,6.6,136,100,109.9,Middle,Low
14536,36,Female,Chennai,25,No,Moderate,Non-Vegetarian,,,8,7,162,7,160,100,100,High,Low
14539,48,Female,Chennai,25.3,No,Moderate,Vegetarian,Current,Never,8,6,118,6.1,150,80,101.9,Low,Low
14540,52,Female,Bhopal,26.2,No,Sedentary,Vegetarian,Current,Never,7.4,5,198,7.7,128,80,108.2,High,Moderate
14543,53,Male,Bengaluru,31.7,Yes,Sedentary,Non-Vegetarian,Current,Never,7,6,166,7.1,151,104,125.4,High,Moderate
14544,50,Male,Hyderabad,28.2,Yes,Sedentary,Non-Vegetarian,Never,,6.5,5,162,6.9,148,91,114.6,Middle,Low
14545,42,Female,Bengaluru,26,No,Active,Non-Vegetarian,Current,,7.6,7,181,6.7,140,90,108.5,Low,Moderate
14546,40,Male,Bengaluru,18.5,No,Active,Vegetarian,Never,Occasional,9,4,160,6.8,148,84,88.3,Middle,Low
14547,31,Female,Hyderabad,27.3,No,Sedentary,Vegetarian,Never,,7,7,130,6.3,130,80,105.5,High,Low
14556,36,Female,Bengaluru,17.2,No,Active,Non-Vegetarian,Current,Occasional,7.5,10,117,5.8,140,76,79.9,Middle,Low
14558,40,Male,Ahmedabad,25.5,No,Moderate,Non-Vegetarian,Never,Never,6.5,4,184,6.7,110,88,115.2,High,Low
14560,59,Male,Ahmedabad,25.4,No,Moderate,Vegetarian,,Never,9,6,166,5.9,150,80,108.8,Low,Low
14563,32,Male,Bengaluru,17.5,No,Active,Non-Vegetarian,Never,Occasional,6,8,103,5.8,130,96,88.2,Middle,Low
14564,46,Male,Chennai,27.9,No,Sedentary,Non-Vegetarian,Never,Never,6,8,140,6.4,140,80,114.8,Middle,Low
14566,58,Male,Delhi,19.3,Yes,Active,Vegetarian,Never,Occasional,6.9,4,147,6.4,140,76,92.3,Low,Low
14569,50,Male,Hyderabad,21.6,Yes,Moderate,Non-Vegetarian,,Never,8,5,133,5.8,150,84,96.2,High,Low
14570,23,Female,Bengaluru,16.8,Yes,Active,Non-Vegetarian,Never,Occasional,8.8,9,153,6.1,120,80,79.6,High,Low
14571,35,Male,Chennai,24.9,Yes,Sedentary,Vegetarian,Never,Never,6,10,178,7.4,140,90,108.2,High,Low
14572,29,Male,Hyderabad,22.7,No,Active,Non-Vegetarian,Never,Occasional,6,10,226,7.6,124,89,102.9,Middle,High
14573,52,Female,Hyderabad,23.8,No,Active,Non-Vegetarian,Never,Regular,7,8,149,6.5,140,96,103.5,High,Low
14577,44,Female,Hyderabad,20.9,No,Active,Vegetarian,Never,,6,5,146,5.9,130,80,90.2,High,Low
14579,54,Female,Delhi,31.3,Yes,Sedentary,Vegetarian,Current,,5,9,198,7.5,148,100,117.2,High,High
14580,34,Female,Hyderabad,22.5,No,Active,Non-Vegetarian,Never,Occasional,9,5,99,5.6,150,80,95.9,Low,Low
14584,54,Female,Hyderabad,23.9,No,Moderate,Vegetarian,Current,Regular,9,5,189,7.1,128,94,102.2,High,High
14586,57,Female,Bengaluru,24.7,No,Moderate,Non-Vegetarian,Never,Never,5,9,203,7.2,151,96,101.8,Low,Low
14589,42,Female,Delhi,20.9,Yes,Active,Vegetarian,Never,Occasional,5.5,5,274,8.6,130,78,91.3,Middle,High
14592,56,Female,Bengaluru,18.8,Yes,Sedentary,Non-Vegetarian,Former,Never,7.6,8,197,7.5,130,90,82.1,High,Moderate
14596,28,Female,Hyderabad,23.2,Yes,Moderate,Non-Vegetarian,Never,Occasional,8,6,115,5.6,130,80,100,Middle,Low
14598,31,Male,Chennai,20.8,No,Sedentary,Vegetarian,Never,,8,5,169,6.8,124,90,94.9,High,Low
14603,50,Female,Bengaluru,24.2,Yes,Sedentary,Vegetarian,Never,,6,6,185,7.4,140,90,101.9,Middle,Moderate
14604,45,Male,Delhi,28.1,No,Sedentary,Non-Vegetarian,Never,Never,7.5,9,228,8.1,150,80,117.1,High,High
14607,59,Female,Delhi,24.2,Yes,Sedentary,Non-Vegetarian,Never,,8,6,170,6.8,150,100,100.6,Middle,Low
14608,47,Male,Hyderabad,27,Yes,Moderate,Pescatarian,Former,Occasional,6.8,10,197,7.2,170,89,113.9,High,Moderate
14615,35,Male,Bengaluru,21.7,No,Active,Non-Vegetarian,Never,Never,8,5,195,6.9,154,80,98.2,Middle,Low
14616,31,Female,Bengaluru,26.3,No,Sedentary,Vegetarian,Never,,8,6,154,6.6,120,80,111.6,Middle,Low
14617,44,Female,Hyderabad,21.6,No,Moderate,Vegetarian,Never,Never,7.5,5,106,5.5,152,70,96.2,Middle,Low
14619,38,Female,Delhi,24.4,No,Moderate,Vegetarian,Never,,7,6,162,7,120,84,100.4,Middle,Low
14620,42,Male,Delhi,21.7,No,Moderate,Vegetarian,Current,Never,6,7,139,6.6,140,86,96,Middle,Moderate
14623,46,Male,Delhi,25.1,No,Moderate,Non-Vegetarian,Never,Never,7,8,214,8.1,155,86,105.9,High,Moderate
14624,47,Female,Chennai,25.5,No,Sedentary,Vegan,Never,,9,5,150,6.1,114,90,105.6,Low,Low
14625,31,Female,Delhi,18.5,No,Active,Non-Vegetarian,Never,,6.5,8,112,5.8,130,90,87.3,High,Low
14626,24,Female,Chennai,18.8,No,Active,Non-Vegetarian,Current,,9,4,115,5.9,130,80,88.6,Low,Low
14627,38,Female,Bengaluru,19.7,No,Active,Non-Vegetarian,Never,Never,5.7,6,135,5.7,120,92,89.8,High,Low
14628,46,Female,Bengaluru,25.4,No,Moderate,Non-Vegetarian,Never,,7,7,164,6.7,142,94,103.6,Middle,Low
14630,24,Male,Delhi,17.1,No,Active,Vegetarian,Never,Regular,7,4,114,5.9,112,80,86.8,Low,Low
14631,50,Female,Hyderabad,24.2,No,Sedentary,Non-Vegetarian,Never,Regular,8,7,212,7.8,145,94,102.7,Middle,High
14634,47,Male,Hyderabad,18.7,Yes,Active,Non-Vegetarian,Current,,7,3,202,7.3,140,90,86.5,Middle,Moderate
14635,40,Female,Delhi,29.3,No,Sedentary,Non-Vegetarian,Never,Occasional,8,8,160,6.5,140,90,106.4,Low,Low
14639,39,Male,Chennai,22.2,Yes,Moderate,Vegetarian,Never,Occasional,8,6,137,6.1,121,89,101.4,High,Low
14640,42,Female,Ahmedabad,22.4,No,Sedentary,Vegetarian,Never,Occasional,7,9,136,6.4,141,100,96,High,Low
14642,47,Male,Delhi,31.4,No,Sedentary,Vegetarian,Never,Never,7,5,176,6.9,156,90,124.6,Middle,Low
14647,37,Male,Bengaluru,24.2,Yes,Sedentary,Non-Vegetarian,Never,Never,10,5,152,6.3,130,80,105.3,Middle,Low
14651,40,Male,Delhi,26.4,No,Moderate,Non-Vegetarian,Never,,7,4,180,7.3,130,86,109.9,High,Low
14652,37,Male,Chennai,30.4,No,Moderate,Non-Vegetarian,Never,Occasional,9.9,6,263,9.5,145,90,121.4,High,High
14653,22,Male,Bhopal,20.7,No,Moderate,Non-Vegetarian,Never,,6,7,117,5.7,120,85,95.7,Middle,Low
14655,18,Male,Chennai,23.5,Yes,Moderate,Non-Vegetarian,Never,Occasional,7,6,163,6.7,116,80,107.1,High,Low
14656,30,Female,Bengaluru,23.1,No,Sedentary,Vegetarian,Current,Occasional,7,9,128,6,160,82,99.1,High,Low
14658,37,Female,Bhopal,15.1,Yes,Moderate,Vegetarian,Never,Never,8,5,118,6.1,120,80,74.8,Middle,Low
14659,37,Male,Delhi,18.1,No,Moderate,Non-Vegetarian,Never,Never,6.5,7,136,6,140,76,89,Low,Low
14660,52,Female,Bhopal,23.7,No,Active,Pescatarian,Never,Occasional,7,5,117,5.9,140,80,98.5,Middle,Low
14666,32,Female,Bengaluru,26.3,No,Sedentary,Non-Vegetarian,Never,,7.5,6,125,5.9,120,100,106.7,Middle,Low
14668,18,Female,Bengaluru,20.1,No,Moderate,Vegetarian,Current,,7.5,3,111,5.7,140,98,93.6,Middle,Low
14670,48,Female,Delhi,33.3,No,Sedentary,Non-Vegetarian,Never,Never,9,7,165,7.1,150,96,129.5,High,Moderate
14671,60,Female,Chennai,16.2,Yes,Moderate,Vegetarian,Former,,5,8,177,7,160,100,84,Middle,Moderate
14673,46,Female,Hyderabad,27.9,Yes,Active,Vegetarian,Never,Occasional,9,6,160,6.9,170,77,116.2,High,Low
14676,32,Male,Delhi,22.6,No,Sedentary,Non-Vegetarian,Never,Occasional,6,5,114,5.8,128,90,102.5,,Low
14680,41,Male,Bengaluru,20.4,Yes,Active,Vegetarian,Never,,8,6,192,7.8,130,90,95.4,Middle,Moderate
14683,43,Female,Bengaluru,16.6,No,Moderate,Non-Vegetarian,Never,Occasional,9,6,115,5.8,130,80,80.7,High,Low
14686,49,Female,Bengaluru,24,No,Active,Non-Vegetarian,Current,Occasional,6,9,162,6.5,148,92,98.7,Middle,Low
14688,49,Male,Bengaluru,31.4,No,Moderate,Non-Vegetarian,Never,Occasional,7,8,324,9.6,150,88,122.6,Low,High
14690,45,Male,Hyderabad,24.9,Yes,Active,Non-Vegetarian,Never,,6,6,215,7.3,140,86,103.8,Middle,Moderate
14693,51,Female,Delhi,24.4,Yes,Active,Vegetarian,,Occasional,8,8,153,6.4,160,101,102.3,High,Low
14695,59,Female,Hyderabad,16.7,No,Sedentary,Non-Vegetarian,Never,,9,5,273,8.7,138,92,84.3,Low,High
14697,63,Male,Bhopal,24,No,Sedentary,Non-Vegetarian,Never,,6.1,10,149,6.5,160,80,103.8,High,Moderate
14700,39,Male,Hyderabad,21.4,No,Active,Non-Vegetarian,Never,Regular,7,7,144,6.6,130,94,101.4,Middle,Low
14701,48,Female,Bengaluru,20.2,Yes,Sedentary,Pescatarian,Current,,8.1,8,176,7.3,132,80,92.2,High,Moderate
14704,43,Female,Bengaluru,22.3,Yes,Sedentary,Non-Vegetarian,Never,Never,6,8,146,6.1,130,100,97.8,High,Low
14709,42,Female,Chennai,25.5,No,Sedentary,Non-Vegetarian,Current,Regular,7.7,7,155,6.9,138,100,99.3,Middle,Moderate
14710,53,Male,Bhopal,21.1,Yes,Active,Non-Vegetarian,Current,Occasional,9,5,163,6.8,160,70,98.6,Middle,Moderate
14711,44,Male,Bhopal,22.6,No,Moderate,Non-Vegetarian,Never,Never,8,7,187,7.6,148,89,100.7,Low,Moderate
14712,61,Female,Bengaluru,21.9,No,Sedentary,Vegetarian,Never,Never,9,7,194,7.9,150,100,97,Middle,High
14713,31,Female,Ahmedabad,20.3,No,Active,Non-Vegetarian,Never,Regular,9,4,258,8.9,120,67,87.6,Low,High
14716,25,Female,Hyderabad,21.1,Yes,Moderate,Non-Vegetarian,Never,,6,4,230,8,120,50,92.1,High,Moderate
14717,42,Male,Bengaluru,19.2,No,Moderate,Non-Vegetarian,Never,Occasional,7,8,107,5.9,136,98,91.8,Middle,Low
14719,51,Male,Hyderabad,20.9,No,Active,Vegetarian,Current,,6.9,5,151,6.1,140,90,98,Middle,Low
14720,35,Female,Hyderabad,16.8,No,Active,Vegetarian,Never,Never,7,5,218,7.5,130,80,80,Middle,High
14722,41,Male,Chennai,24.5,No,Active,Pescatarian,Current,Occasional,7,7,138,6.8,138,100,107.8,Middle,Low
14723,40,Male,Bengaluru,24.9,Yes,Active,Vegetarian,Never,,8.8,6,167,6.3,140,80,106.8,High,Low
14725,53,Male,Hyderabad,20.5,Yes,Moderate,Non-Vegetarian,Never,Occasional,6.9,6,201,7.3,160,72,98.8,High,Moderate
14727,50,Female,Bengaluru,19,No,Active,Vegetarian,Never,Regular,9,2,158,6.7,130,90,85.6,Middle,Moderate
14728,47,Male,Delhi,27.8,Yes,Active,Vegetarian,Current,Never,7,4,169,6.6,150,90,116.5,Low,Low
14730,49,Female,Hyderabad,25,Yes,Moderate,Non-Vegetarian,Never,Occasional,7,7,202,7.3,140,92,96.3,Middle,Moderate
14731,20,Male,Chennai,27.2,Yes,Sedentary,Non-Vegetarian,Current,Never,5,7,146,6.9,140,80,116.3,High,Moderate
14732,55,Female,Bhopal,22.7,No,Sedentary,Non-Vegetarian,Former,Regular,8,7,183,7,140,92,92.3,Low,Moderate
14733,62,Female,Ahmedabad,19.7,Yes,Moderate,Non-Vegetarian,Never,,7.4,5,154,6.4,130,80,89.2,Middle,Low
14734,33,Female,Delhi,29.2,No,Sedentary,Vegetarian,Never,,7,6,114,6,130,80,119.4,Middle,Low
14735,64,Female,Hyderabad,27.9,Yes,Moderate,Vegetarian,Never,,8,6,198,7,160,110,110.5,Middle,High
14736,26,Female,Ahmedabad,20.1,Yes,Moderate,Non-Vegetarian,Current,Occasional,7,7,220,9.3,124,88,90,High,High
14738,36,Female,Delhi,18.9,No,Active,Non-Vegetarian,Never,Occasional,7,5,177,7.5,130,88,92.8,Middle,Low
14739,42,Female,Bengaluru,24.5,No,Moderate,Non-Vegetarian,Never,Regular,5,10,235,8,160,96,98.1,High,High
14743,47,Female,Ahmedabad,22.9,Yes,Moderate,Non-Vegetarian,Current,,8,3,181,7.6,130,90,100.2,Middle,Moderate
14744,47,Male,Chennai,17.5,Yes,Sedentary,Non-Vegetarian,Former,Never,7,4,204,8.1,136,100,86.7,Middle,Low
14746,57,Female,Delhi,25.1,No,Moderate,Non-Vegetarian,Never,Never,6.9,5,200,7.6,150,96,101.9,Middle,Moderate
14751,50,Male,Bengaluru,25.3,No,Sedentary,Non-Vegetarian,Never,Never,8,9,173,6.7,145,100,109,High,Low
14752,65,Female,Ahmedabad,24.8,No,Sedentary,Non-Vegetarian,Never,,8,6,134,6.4,156,96,103.7,Middle,Low
14757,52,Male,Ahmedabad,23.6,No,Moderate,Non-Vegetarian,Never,Occasional,7,6,177,7.9,160,80,102.6,Low,Moderate
14759,48,Female,Delhi,24.9,Yes,Sedentary,Non-Vegetarian,Current,,7,4,166,6.5,150,87,98.4,High,Moderate
14761,46,Male,Delhi,22.8,No,Active,Vegetarian,Never,Never,6.5,6,136,6,122,90,103.2,High,Low
14763,21,Male,Hyderabad,17.2,No,Active,Non-Vegetarian,Never,,10,1,103,5.9,116,65,88,Low,Low
14764,44,Female,Ahmedabad,23.2,No,Moderate,Non-Vegetarian,Former,Occasional,8,6,185,7.4,140,96,95.4,Middle,Moderate
14767,62,Female,Delhi,24.4,No,Moderate,Non-Vegetarian,Never,Occasional,5,7,147,6.1,164,90,100,Middle,Low
14769,18,Male,Chennai,28,No,Active,Vegetarian,Never,Occasional,8,7,208,7.4,130,80,119,High,Low
14773,42,Female,Delhi,17.5,No,Active,Pescatarian,,Occasional,7.5,2,101,5.7,136,80,83.3,Middle,Low
14774,43,Male,Delhi,29.6,Yes,Moderate,Non-Vegetarian,Never,Never,7,7,181,6.5,156,90,116.3,Middle,Moderate
14775,35,Female,Chennai,26.8,No,Moderate,Vegetarian,Current,,8,6,150,6.1,140,82,105.5,Middle,Low
14776,46,Female,Chennai,19.2,No,Moderate,Vegetarian,Never,,8.5,8,138,6,152,100,86,High,Low
14778,42,Female,Bengaluru,25.1,No,Active,Non-Vegetarian,Never,,6.5,10,180,7.3,150,98,105.6,High,Low
14779,53,Male,Chennai,20.4,Yes,Moderate,Non-Vegetarian,Never,Occasional,6.4,7,158,6.9,152,79,95.1,High,Moderate
14781,29,Male,Chennai,16.5,No,Active,Non-Vegetarian,,Occasional,6,10,157,6.9,120,94,85.2,High,Low
14783,59,Male,Hyderabad,20.6,No,Moderate,Non-Vegetarian,Former,Never,7,7,148,6.4,160,92,99,Low,Low
14784,52,Male,Bengaluru,20.4,Yes,Moderate,Non-Vegetarian,Never,,8,7,211,7.9,144,90,93.5,Middle,High
14786,43,Male,Ahmedabad,20.8,No,Moderate,Non-Vegetarian,Never,,7,8,170,6.8,140,80,100.6,Low,Low
14787,46,Female,Hyderabad,25.6,No,Sedentary,Vegetarian,Never,,7.6,7,103,5.9,116,80,103,Middle,Low
14788,47,Female,Ahmedabad,17.7,No,Active,Non-Vegetarian,Never,Never,7,5,138,6.5,149,90,84.9,Middle,Low
14791,50,Female,Hyderabad,25.5,No,Active,Vegetarian,Never,,8,7,197,7.7,160,80,104.3,Middle,Moderate
14794,34,Female,Delhi,25.2,Yes,Moderate,Non-Vegetarian,Never,,9,6,173,6.5,126,84,100.8,Low,Moderate
14795,57,Female,Hyderabad,25.4,No,Active,Non-Vegetarian,Never,,7,5,179,7.2,140,90,103.8,Middle,Low
14797,45,Female,Chennai,25.8,Yes,Sedentary,Non-Vegetarian,Never,Occasional,7.5,10,208,8.2,150,89,103,Middle,High
14798,53,Female,Hyderabad,20.5,Yes,Active,Vegetarian,Former,Never,9,8,162,6.7,143,100,94.9,High,Low
14799,22,Male,Delhi,25.8,No,Moderate,Non-Vegetarian,Never,Never,8,5,139,6.3,120,80,105.3,High,Low
14800,52,Female,Hyderabad,18.6,No,Active,Non-Vegetarian,,,4.5,10,157,6.5,150,90,86.8,Low,Low
14805,57,Male,Delhi,15.3,No,Active,Vegetarian,Never,Regular,8.7,5,238,8.2,140,85,82.7,Middle,High
14806,61,Male,Delhi,25.4,No,Moderate,Non-Vegetarian,Never,Never,8,7,258,8.2,150,86,106.8,High,High
14808,49,Female,Delhi,18.6,Yes,Sedentary,Non-Vegetarian,Never,,7.8,6,137,6.2,140,82,83.3,,Moderate
14812,30,Male,Hyderabad,27.1,No,Sedentary,Pescatarian,Former,Never,8,7,262,8.7,130,80,114.5,High,High
14813,47,Female,Hyderabad,21.6,No,Active,Vegetarian,Never,,7,5,205,7.7,132,80,99.2,Middle,Moderate
14815,30,Female,Delhi,20.3,No,Sedentary,Pescatarian,Never,Occasional,7,6,133,5.9,120,80,88.2,Middle,Low
14824,47,Female,Ahmedabad,18.9,No,Active,Vegetarian,Never,,7.1,6,180,7.1,140,90,86.7,Low,Moderate
14826,37,Male,Delhi,18.5,No,Moderate,Non-Vegetarian,Never,Occasional,6,10,180,6.9,142,90,89.6,High,Low
14830,47,Male,Chennai,22.6,No,Sedentary,Non-Vegetarian,Former,Never,7,5,160,6.6,128,88,101.9,Middle,High
14835,28,Female,Bengaluru,18.2,No,Moderate,Vegetarian,Current,,8,8,200,7.4,120,60,86.1,High,Moderate
14836,66,Male,Chennai,15,Yes,Active,Non-Vegetarian,Never,,8,3,100,5.3,120,90,79.8,Low,Low
14837,56,Male,Delhi,16.8,No,Active,Non-Vegetarian,Never,Occasional,7,8,164,7.1,140,90,87.6,,Moderate
14838,39,Male,Delhi,25.3,No,Moderate,Vegetarian,Never,Never,7,8,165,6.6,144,90,106.2,Middle,Low
14840,47,Female,Bengaluru,22,No,Active,Non-Vegetarian,Former,Occasional,6.4,4,112,5.8,130,70,94.8,High,Low
14843,21,Female,Bhopal,24.2,Yes,Sedentary,Vegetarian,Former,Occasional,6,6,163,6.5,130,76,100.8,Middle,Low
14845,50,Male,Chennai,20.4,Yes,Active,Pescatarian,Never,Occasional,7,5,145,6.1,130,81,94.2,High,Low
14846,47,Male,Hyderabad,21.7,No,Moderate,Vegetarian,Former,Regular,9,6,153,6.5,160,92,102.6,Middle,Low
14849,34,Male,Chennai,24.4,No,Active,Non-Vegetarian,,Occasional,7,4,161,6.8,150,82,107.9,,Low
14854,44,Male,Chennai,24.4,No,Sedentary,Non-Vegetarian,Never,Never,8,7,113,6,140,96,106.2,High,Low
14856,58,Female,Bengaluru,24.3,Yes,Active,Vegetarian,Never,Never,8,8,189,7.8,150,90,97.5,High,High
14858,61,Male,Delhi,27.6,No,Sedentary,Non-Vegetarian,Former,Never,8,6,170,7.1,136,87,115,High,Moderate
14860,57,Female,Delhi,22.5,No,Sedentary,Non-Vegetarian,Former,Never,6,9,186,6.8,150,90,98.3,High,Moderate
14861,32,Female,Bhopal,15.8,No,Active,Non-Vegetarian,Never,Regular,7.5,3,109,5.8,94,90,77.3,Middle,Low
14864,44,Male,Delhi,23.5,No,Sedentary,Non-Vegetarian,Current,Occasional,6.6,8,175,7.7,133,88,103.2,High,Low
14866,56,Male,Ahmedabad,20.2,Yes,Moderate,Non-Vegetarian,Never,Never,7,9,175,7.7,155,77,91,Middle,Moderate
14873,57,Male,Delhi,22.1,Yes,Active,Non-Vegetarian,Never,Never,7.5,4,173,6.9,156,80,99.9,Low,Low
14876,48,Female,Bengaluru,16.9,No,Active,Vegetarian,Never,,7,10,158,6.6,138,80,79.7,High,Moderate
14880,43,Male,Hyderabad,23.2,No,Moderate,Vegetarian,Never,Never,6,10,132,6.1,132,90,103,Middle,Low
14886,34,Female,Hyderabad,24,No,Moderate,Vegetarian,,Occasional,7,4,131,5.9,120,80,103.4,Low,Low
14887,54,Female,Ahmedabad,16.8,Yes,Active,Non-Vegetarian,Never,Never,6,9,181,7,142,80,83.5,High,Low
14889,33,Female,Bhopal,25.9,Yes,Moderate,Vegetarian,Never,,10,6,161,6.7,120,88,103.9,Middle,Low
14890,49,Male,Ahmedabad,23.4,Yes,Active,Vegetarian,Never,Never,9,1,153,7.1,128,80,103.7,Middle,Moderate
14891,41,Male,Ahmedabad,25.7,Yes,Sedentary,Vegetarian,Current,Occasional,7.7,4,181,6.7,120,85,104.3,High,Low
14893,34,Female,Delhi,24,Yes,Moderate,Vegetarian,Never,Occasional,8,8,193,6.9,140,80,102.1,Low,Low
14894,20,Female,Bhopal,18,Yes,Active,Non-Vegetarian,Never,Never,8,6,223,8.3,130,76,83.3,Low,Moderate
14898,36,Male,Bengaluru,16.4,No,Active,Non-Vegetarian,Current,Occasional,8,7,156,6.7,130,90,87.2,Middle,Low
14899,58,Male,Hyderabad,20.9,No,Moderate,Non-Vegetarian,Never,Occasional,6,6,151,6.8,164,80,97.2,Middle,Low
14900,45,Male,Delhi,24.1,No,Moderate,Vegetarian,Never,Occasional,8.3,5,119,5.6,160,90,104.4,Low,Low
14901,48,Male,Hyderabad,21.5,No,Moderate,Non-Vegetarian,Never,Never,6,5,153,6.1,148,95,101.5,Low,Low
14906,36,Female,Ahmedabad,22.4,No,Moderate,Non-Vegetarian,Current,Never,8,4,150,6.3,140,88,98.5,Low,Low
14913,18,Female,Bhopal,22.1,No,Active,Non-Vegetarian,Never,,8,1,115,5.9,120,80,98.4,High,Low
14915,46,Female,Delhi,27,Yes,Active,Non-Vegetarian,Former,Never,7,4,197,7,136,84,108.2,Middle,Low
14916,23,Female,Bengaluru,20.3,No,Active,Vegetarian,Current,,8,8,196,7,120,78,87.4,High,Low
14917,42,Male,Chennai,22,No,Sedentary,Pescatarian,Current,Regular,6.5,7,210,8.1,120,80,98.9,Middle,High
14918,35,Female,Hyderabad,16.5,Yes,Active,Non-Vegetarian,Current,Never,9.4,4,120,5.9,110,90,80.8,High,Low
14920,44,Female,Bhopal,19.9,Yes,Sedentary,Non-Vegetarian,Never,,7.8,6,112,5.5,140,86,90.5,Middle,Low
14927,51,Male,Hyderabad,19.9,Yes,Sedentary,Non-Vegetarian,Former,Occasional,7,8,176,7.5,148,84,90.3,Middle,High
14928,60,Male,Hyderabad,22.6,No,Sedentary,Vegetarian,Never,Never,9,6,167,6.1,150,90,100.9,High,Low
14930,50,Male,Hyderabad,31.4,No,Moderate,Non-Vegetarian,Current,Regular,6.4,10,185,7.6,160,100,125.5,Low,Moderate
14931,23,Female,Delhi,22.5,No,Sedentary,Non-Vegetarian,Never,Never,6,9,95,5.5,120,92,97.6,Middle,Low
14934,22,Male,Bhopal,21.8,No,Sedentary,Non-Vegetarian,Never,Occasional,7,7,168,6.6,130,83,99.9,Low,Low
14935,37,Male,Hyderabad,21,Yes,Moderate,Vegetarian,Never,Never,6.9,8,192,7,140,70,98.7,Middle,Low
14940,48,Female,Bengaluru,23.4,Yes,Active,Vegetarian,Never,Regular,6.5,5,141,6.4,142,100,96.9,Middle,Low
14942,63,Male,Chennai,25.9,Yes,Moderate,Non-Vegetarian,Former,Occasional,7.6,7,144,6.3,140,100,109.7,Middle,Low
14946,27,Male,Bengaluru,18.3,No,Active,Vegan,Never,Regular,6,6,106,5.6,110,80,93.3,High,Low
14948,47,Male,Delhi,24.9,No,Sedentary,Non-Vegetarian,Never,Never,8,8,163,7.1,140,80,110,High,Low
14952,58,Male,Bengaluru,27.8,No,Sedentary,Vegetarian,Former,,6,10,208,7.4,160,100,115.4,Middle,Moderate
14954,57,Male,Bengaluru,21.6,No,Moderate,Non-Vegetarian,Never,Never,5,8,185,7.4,140,84,94.3,Middle,Low
14959,52,Male,Hyderabad,27.7,No,Sedentary,Vegetarian,Current,Occasional,7,5,155,6.2,124,80,120.1,High,Low
14960,53,Female,Bhopal,26.7,No,Sedentary,Vegan,Former,,7.6,3,218,7.9,134,98,103,Middle,High
14961,53,Female,Delhi,21.5,Yes,Active,Vegetarian,Never,Never,8,5,179,7.4,130,89,92.5,High,Low
14967,51,Male,Bhopal,24,No,Moderate,Vegetarian,Never,Never,7.8,6,117,5.6,164,90,107.4,Middle,Low
14971,54,Female,Bengaluru,19.3,Yes,Moderate,Vegetarian,Current,Occasional,7,7,166,6.8,150,80,87,High,Low
14974,42,Male,Bhopal,17.6,No,Moderate,Vegetarian,Never,Occasional,7.3,8,172,7.3,120,92,88.4,High,Low
14975,28,Male,Chennai,20.7,No,Moderate,Non-Vegetarian,Never,Never,10,1,192,7.2,130,60,93.3,Middle,Moderate
14976,66,Female,Bengaluru,20.1,No,Active,Vegetarian,Former,,7,7,180,7.7,150,100,87.1,High,Moderate
14977,31,Male,Chennai,29.1,Yes,Moderate,Non-Vegetarian,,Never,7,8,191,7.6,132,89,121.7,Middle,Moderate
14979,47,Female,Bengaluru,24.3,No,Moderate,Pescatarian,Never,Occasional,8,5,185,7.4,120,80,103.4,High,Moderate
14980,46,Male,Bengaluru,31.2,Yes,Sedentary,Vegetarian,Never,Occasional,8,6,175,7.1,160,100,122.2,,Low
14981,50,Female,Ahmedabad,21.7,No,Moderate,Non-Vegetarian,Never,Never,7,6,173,6.3,160,96,95.2,Middle,Moderate
14984,18,Male,Bengaluru,22.5,No,Sedentary,Vegetarian,Current,Never,7.5,5,103,5.4,116,80,98.4,High,Low
14985,31,Male,Bengaluru,23.6,Yes,Moderate,Non-Vegetarian,Never,Occasional,8,3,152,6,130,71,106.3,High,Low
14986,53,Female,Ahmedabad,21.8,Yes,Moderate,Vegetarian,Current,Regular,9.8,4,175,7,140,90,92.7,Middle,Low
14987,37,Male,Chennai,22.1,Yes,Moderate,Non-Vegetarian,Former,Occasional,9,5,208,7.7,136,90,100.1,Low,Moderate
14990,40,Female,Hyderabad,17.4,No,Sedentary,Non-Vegetarian,Never,Never,7,6,181,7,130,90,83.7,Middle,Low
14991,35,Male,Bengaluru,32.7,No,Moderate,Non-Vegetarian,Never,Occasional,8,8,150,6.5,152,92,131,Middle,Moderate
14992,55,Male,Bengaluru,15,No,Active,Vegetarian,Never,Occasional,7,8,149,6.7,140,90,82,High,Low
14994,44,Female,Hyderabad,29.9,No,Sedentary,Vegetarian,Never,,6.9,6,178,7,130,80,115.7,Middle,Low
14999,56,Male,Ahmedabad,20.7,Yes,Active,Vegetarian,Never,Never,6,5,163,6.9,140,87,94.8,Low,Low
